timestamp,temperature,humidity,pressure,isolation_anomaly,autoencoder_anomaly,anomaly_score,reconstruction_error,isolation_score,autoencoder_score,combined_anomaly_score,severity,final_anomaly
2024-04-02 02:00:00,16.2,70,1007.8,False,False,0.05259183445433785,0.05791528,0.42987526620018257,0.29601460298144205,0.36294493459081234,Low,False
2024-04-02 03:00:00,18.1,59,1007.4,False,False,0.052708190657685006,0.23837993,0.4271372071797992,0.8930635838150289,0.6601003954974141,Low,False
2024-04-02 04:00:00,18.1,59,1007.1,False,False,0.08611618314527586,0.09495619,0.04137511408579253,0.5226650441131732,0.28202007909948285,Low,False
2024-04-02 05:00:00,18.2,58,1007.2,False,False,0.0927909250476735,0.11407609,0.01186492242166104,0.6157590508062063,0.31381198661393367,Low,False
2024-04-02 06:00:00,16.9,69,1008.1,False,False,0.03822687066058944,0.13688065,0.6034377852144812,0.6998783084879829,0.6516580468512321,Low,False
2024-04-02 07:00:00,18.7,63,1008.4,False,False,0.08892256548937583,0.09190613,0.02662001825372684,0.5050197748707028,0.26581989656221483,Low,False
2024-04-02 08:00:00,22.5,53,1009.1,False,False,0.06176428491619956,0.096590474,0.3132035290538485,0.5307271067843018,0.42196531791907516,Low,False
2024-04-02 09:00:00,26.1,39,1009.4,False,False,0.04552656541328026,0.08219924,0.5196227563127471,0.45375722543352603,0.4866899908731366,Low,False
2024-04-02 10:00:00,28.1,33,1009.6,False,False,0.08017445448908928,0.11784998,0.08411925768177675,0.6308183754183145,0.35746881655004564,Low,False
2024-04-02 11:00:00,29.5,29,1009.0,False,False,0.06751640157964317,0.0936655,0.23060541527228473,0.5152114390021296,0.3729084271372072,Low,False
2024-04-02 12:00:00,30.6,26,1008.5,False,False,0.058074026988650496,0.11548436,0.35914207484027993,0.6213872832369942,0.4902646790386371,Low,False
2024-04-02 13:00:00,31.4,24,1007.7,False,False,0.047828476104885664,0.06660072,0.49254639488895646,0.3554913294797688,0.42401886218436263,Low,False
2024-04-02 14:00:00,31.9,22,1006.7,False,False,0.03322370018023363,0.03593045,0.6545482202616367,0.12701551566778216,0.39078186796470943,Low,False
2024-04-02 15:00:00,32.0,21,1005.9,False,False,0.03577909011789493,0.024844822,0.6302099178582294,0.05476118040766657,0.342485549132948,Low,False
2024-04-02 16:00:00,31.8,21,1005.6,False,False,0.038541211516482876,0.031842858,0.5985701247337998,0.09598418010343779,0.3472771524186188,Low,False
2024-04-02 17:00:00,30.7,30,1005.7,False,False,0.050704599425535624,0.07509543,0.4546699117736538,0.4107088530574992,0.43268938241557653,Low,False
2024-04-02 18:00:00,27.7,29,1006.2,False,False,0.03853325106559918,0.15632795,0.5987222391238212,0.7540310313355644,0.6763766352296927,Low,False
2024-04-02 19:00:00,25.5,29,1006.4,False,False,0.059136954091696836,0.097654425,0.345299665348342,0.5365074536051111,0.44090355947672655,Low,False
2024-04-02 20:00:00,23.6,33,1007.0,False,False,0.060862874233538644,0.06114707,0.3241557651353818,0.3176148463644661,0.3208853057499239,Low,False
2024-04-02 21:00:00,23.1,35,1007.4,False,False,0.07705689958549922,0.07086706,0.11530270763614237,0.3815028901734104,0.24840279890477637,Low,False
2024-04-02 22:00:00,22.8,33,1007.4,False,False,0.07734335075676851,0.12361733,0.11241253422573771,0.654700334651658,0.38355643443869786,Low,False
2024-04-02 23:00:00,21.9,32,1007.5,False,False,0.06724401031112864,0.14164183,0.2341040462427746,0.7141770611499848,0.4741405536963797,Low,False
2024-04-03 00:00:00,20.4,37,1007.7,False,False,0.06269777962668388,0.21098997,0.2992090051718893,0.861271676300578,0.5802403407362337,Low,False
2024-04-03 01:00:00,19.8,40,1007.4,False,False,0.07337877668480947,0.08476437,0.15393976270155152,0.4679038637055065,0.310921813203529,Low,False
2024-04-03 02:00:00,19.0,43,1007.2,False,False,0.07626215389593016,0.06899708,0.12260419835716463,0.36887739580164286,0.24574079707940374,Low,False
2024-04-03 03:00:00,18.6,45,1007.0,False,False,0.0818150896796998,0.06143326,0.06966839062975361,0.3202007909948281,0.19493459081229086,Low,False
2024-04-03 04:00:00,18.2,45,1006.8,False,False,0.07648514210668572,0.080483615,0.12062671128688773,0.4428049893519927,0.28171585031944024,Low,False
2024-04-03 05:00:00,17.9,46,1007.0,False,False,0.07212910974634523,0.09744104,0.1674779434134469,0.5346820809248555,0.3510800121691512,Low,False
2024-04-03 06:00:00,19.9,45,1008.2,False,False,0.050864894656347914,0.20082302,0.45238819592333435,0.8472771524186188,0.6498326741709766,Low,False
2024-04-03 07:00:00,21.4,44,1008.6,False,False,0.08171358393345918,0.11656379,0.07012473379981743,0.6253422573775479,0.34773349558868266,Low,False
2024-04-03 08:00:00,23.4,43,1009.4,False,False,0.06387404881088399,0.1606184,0.2804989351992698,0.7637663522969272,0.5221326437480985,Low,False
2024-04-03 09:00:00,26.4,37,1010.0,False,False,0.04892579783697287,0.16001728,0.4774870702768482,0.7628536659567995,0.6201703681168238,Low,False
2024-04-03 10:00:00,29.0,32,1010.0,False,False,0.061230101613171106,0.16755071,0.31944021904472164,0.782628536659568,0.5510343778521448,Low,False
2024-04-03 11:00:00,31.0,27,1009.7,False,False,0.05573677993151016,0.14662014,0.38910860967447525,0.7274110130818375,0.5582598113781564,Low,False
2024-04-03 12:00:00,32.4,23,1009.0,False,False,0.04660015153940433,0.11117192,0.5074536051110434,0.6014602981442044,0.5544569516276239,Low,False
2024-04-03 13:00:00,33.2,21,1007.9,False,False,0.0337359007750595,0.09160981,0.6492242166108915,0.5036507453605111,0.5764374809857014,Low,False
2024-04-03 14:00:00,33.6,21,1006.9,False,False,0.04382489153921604,0.11422734,0.5393976270155156,0.617128080316398,0.5782628536659569,Low,False
2024-04-03 15:00:00,33.4,20,1006.1,False,False,0.05463268579915265,0.105448104,0.40325524794645573,0.5754487374505628,0.48935199269850926,Low,False
2024-04-03 16:00:00,33.0,21,1005.7,False,False,0.059345307028322025,0.11087872,0.34301794949802256,0.6003954974140554,0.471706723456039,Low,False
2024-04-03 17:00:00,31.6,36,1005.7,False,False,0.02479711323411604,0.29404944,0.7350167325829023,0.9282020079099483,0.8316093702464253,Medium,False
2024-04-03 18:00:00,27.4,40,1006.9,False,True,0.04223358207668493,0.37180114,0.5579555825981137,0.9587770003042287,0.7583662914511713,Medium,True
2024-04-03 19:00:00,26.9,31,1007.1,False,False,0.06895299740789063,0.19742689,0.21022208700943112,0.8433221782780651,0.5267721326437481,Low,False
2024-04-03 20:00:00,25.4,33,1007.7,False,False,0.0748011074918779,0.09006419,0.13690295101916639,0.4957407970794037,0.316321874049285,Low,False
2024-04-03 21:00:00,24.5,34,1008.3,False,False,0.07018089833119973,0.06721254,0.19288104654700333,0.3588378460602373,0.2758594463036203,Low,False
2024-04-03 22:00:00,23.7,35,1008.6,False,False,0.0704399634492412,0.071025096,0.19075144508670516,0.3824155765135382,0.2865835108001217,Low,False
2024-04-03 23:00:00,23.1,35,1008.4,False,False,0.0640532559263336,0.12807295,0.2780651049589291,0.6714329175540006,0.47474901125646485,Low,False
2024-04-04 00:00:00,23.0,34,1008.2,False,False,0.06898837133420022,0.15144154,0.20946151505932464,0.7414055369637967,0.4754335260115607,Low,False
2024-04-04 01:00:00,20.7,42,1008.2,False,False,0.048274082091051385,0.2077851,0.486613933678126,0.8564040158198966,0.6715089747490113,Low,False
2024-04-04 02:00:00,19.9,46,1007.8,False,False,0.06881711927252715,0.13356197,0.2129601460298144,0.6899908731365987,0.45147550958320654,Low,False
2024-04-04 03:00:00,19.9,46,1007.7,False,False,0.08253389783458925,0.12022635,0.06434438697900824,0.6420748402798905,0.35320961362944936,Low,False
2024-04-04 04:00:00,20.1,46,1007.5,False,False,0.08430207797771705,0.119739436,0.053392150897474955,0.6399452388195923,0.34666869485853363,Low,False
2024-04-04 05:00:00,18.4,53,1008.3,False,False,0.024979937360935733,0.20764875,0.7330392455126256,0.8557955582598114,0.7944174018862185,Medium,False
2024-04-04 06:00:00,20.1,53,1009.3,False,False,0.04870099392295951,0.14809762,0.4808335868573167,0.732278673562519,0.6065561302099178,Low,False
2024-04-04 07:00:00,21.9,51,1009.6,False,False,0.08417403748716679,0.0843507,0.0536963796775175,0.4657742622452084,0.259735320961363,Low,False
2024-04-04 08:00:00,25.8,42,1009.6,False,False,0.058006792773347526,0.098307066,0.36020687557042896,0.5397018557955583,0.44995436568299363,Low,False
2024-04-04 09:00:00,30.1,33,1010.0,False,False,0.0416300373643142,0.15483642,0.563735929418923,0.7494675996349255,0.6566017645269242,Low,False
2024-04-04 10:00:00,32.8,22,1009.9,False,False,0.04646913560073673,0.10316831,0.5086705202312138,0.5640401581989656,0.5363553392150897,Low,False
2024-04-04 11:00:00,34.0,19,1009.7,False,False,0.061284568503037984,0.13023089,0.3182233039245512,0.6787344082750228,0.49847885609978704,Low,False
2024-04-04 12:00:00,34.4,17,1009.2,False,False,0.05771513440957127,0.097040646,0.3646181928810466,0.5330088226346212,0.4488135077578339,Low,False
2024-04-04 13:00:00,34.7,17,1008.6,False,False,0.055562832639655724,0.07592194,0.3906297535746882,0.41405536963796774,0.402342561606328,Low,False
2024-04-04 14:00:00,34.8,17,1007.9,False,False,0.056070764873550005,0.05180498,0.38576209309400666,0.2526620018253727,0.3192120474596897,Low,False
2024-04-04 15:00:00,34.5,18,1007.2,False,False,0.05929390066660373,0.051251575,0.34362640705810765,0.24855491329479767,0.2960906601764527,Low,False
2024-04-04 16:00:00,34.0,19,1006.8,False,False,0.0633922455573333,0.03709832,0.2888652266504411,0.13553392150897475,0.21219957407970794,Low,False
2024-04-04 17:00:00,32.6,26,1006.9,False,False,0.058815518806004385,0.09852794,0.3483419531487679,0.540614542135686,0.444478247642227,Low,False
2024-04-04 18:00:00,29.0,41,1007.9,False,True,0.007984108035183568,0.32374737,0.8457560085184058,0.9432613325220566,0.8945086705202312,Medium,True
2024-04-04 19:00:00,27.0,33,1008.4,False,False,0.0650246322335501,0.26187357,0.26498326741709766,0.9108609674475205,0.587922117432309,Low,False
2024-04-04 20:00:00,25.7,33,1008.8,False,False,0.07598111468795815,0.070480324,0.12640705810769703,0.3781563735929419,0.25228171585031944,Low,False
2024-04-04 21:00:00,24.6,36,1009.1,False,False,0.06875997061127731,0.05390453,0.2141770611499848,0.2674170976574384,0.2407970794037116,Low,False
2024-04-04 22:00:00,23.7,38,1009.2,False,False,0.07497566309576609,0.06641258,0.13507757833891088,0.35427441435959844,0.24467599634925466,Low,False
2024-04-04 23:00:00,22.6,41,1009.2,False,False,0.06255661374879157,0.10201328,0.3024034073623365,0.5588682689382416,0.43063583815028905,Low,False
2024-04-05 00:00:00,22.2,43,1008.9,False,False,0.07201743364164459,0.101417266,0.16854274414359594,0.5558259811378157,0.3621843626407058,Low,False
2024-04-05 01:00:00,21.6,43,1008.7,False,False,0.08279378769195322,0.10153431,0.06251901429875262,0.5565865530879222,0.3095527836933374,Low,False
2024-04-05 02:00:00,21.4,42,1008.2,False,False,0.08649883890859567,0.093469426,0.038332826285366606,0.5146029814420444,0.2764679038637055,Low,False
2024-04-05 03:00:00,21.3,42,1007.9,False,False,0.08768579416601657,0.091620095,0.03240036507453603,0.5038028597505324,0.2681016124125342,Low,False
2024-04-05 04:00:00,19.5,52,1008.3,False,False,0.025736868649974043,0.23899639,0.7257377547916033,0.8936720413751141,0.8097048980833588,Medium,False
2024-04-05 05:00:00,19.3,51,1008.9,False,False,0.054872435345555304,0.214726,0.40127776087617884,0.8673562519014298,0.6343170063888044,Low,False
2024-04-05 06:00:00,18.5,64,1009.4,False,True,0.005702269425390705,0.37157708,0.8588378460602373,0.9586248859142075,0.9087313659872224,High,True
2024-04-05 07:00:00,20.5,55,1009.8,False,False,0.04528639141505286,0.17963518,0.5219044721630666,0.8130514146638272,0.6674779434134469,Low,False
2024-04-05 08:00:00,24.2,45,1010.3,False,False,0.042060057731869105,0.058101337,0.5596288408883481,0.29677517493154854,0.42820200790994833,Low,False
2024-04-05 09:00:00,27.3,37,1010.8,False,False,0.048175730276673545,0.032378662,0.4878308487982963,0.09963492546394889,0.2937328871311226,Low,False
2024-04-05 10:00:00,29.8,30,1010.3,False,False,0.06279652380542161,0.035974517,0.29814420444174017,0.12731974444782476,0.21273197444478248,Low,False
2024-04-05 11:00:00,31.9,23,1009.9,False,False,0.05656405968056427,0.029526826,0.37952540310313354,0.08214177061149985,0.2308335868573167,Low,False
2024-04-05 12:00:00,33.0,21,1009.1,False,False,0.06276503499472763,0.049437944,0.2984484332217828,0.23364770307271068,0.26604806814724674,Low,False
2024-04-05 13:00:00,33.4,18,1008.4,False,False,0.059526846663558175,0.028186576,0.3401277760876179,0.07529662306054152,0.20771219957407971,Low,False
2024-04-05 14:00:00,33.5,17,1007.7,False,False,0.060828756745461565,0.018026631,0.32445999391542435,0.024338302403407362,0.17439914815941585,Low,False
2024-04-05 15:00:00,33.3,17,1007.2,False,False,0.06593364641917776,0.014574995,0.25342257377547917,0.013538180711895345,0.13348037724368725,Low,False
2024-04-05 16:00:00,32.8,17,1006.8,False,False,0.06579144655831015,0.01112392,0.25479160328567085,0.0060845756008518406,0.13043808944326135,Low,False
2024-04-05 17:00:00,31.7,20,1006.8,False,False,0.07641710352256031,0.02113661,0.12153939762701549,0.035290538484940674,0.07841496805597808,Low,False
2024-04-05 18:00:00,27.7,35,1007.4,False,False,0.025817806760497553,0.16677736,0.7249771828414968,0.7798904776391846,0.7524338302403407,Medium,False
2024-04-05 19:00:00,25.3,33,1007.9,False,False,0.07953404419311272,0.14416419,0.08959537572254339,0.7207179799209005,0.40515667782172193,Low,False
2024-04-05 20:00:00,24.0,36,1008.6,False,False,0.07614938382726977,0.047102932,0.1239732278673562,0.21585031944021904,0.16991177365378762,Low,False
2024-04-05 21:00:00,23.0,37,1009.1,False,False,0.08493138010563389,0.040401187,0.05004563431700637,0.16443565561302098,0.10724064496501368,Low,False
2024-04-05 22:00:00,23.0,36,1009.3,False,False,0.08585115749693895,0.038475357,0.0435047155460907,0.1460298144204442,0.09476726498326744,Low,False
2024-04-05 23:00:00,23.3,34,1008.9,False,False,0.06607693270337511,0.10709373,0.25038028597505324,0.5835108001216915,0.4169455430483724,Low,False
2024-04-06 00:00:00,22.2,37,1008.6,False,False,0.07934349775721389,0.0888986,0.09218132035290538,0.48904776391846666,0.29061454213568605,Low,False
2024-04-06 01:00:00,20.1,45,1008.6,False,False,0.05719582785780786,0.12249868,0.3702464253118345,0.6499847885609978,0.5101156069364161,Low,False
2024-04-06 02:00:00,18.6,49,1008.3,False,False,0.04975013181811644,0.088661276,0.4666869485853362,0.4881350775783389,0.47741101308183753,Low,False
2024-04-06 03:00:00,21.1,37,1008.1,False,False,0.05253391670156177,0.1185736,0.43124429571037415,0.6340127776087617,0.532628536659568,Low,False
2024-04-06 04:00:00,17.6,49,1008.2,False,False,0.016448992501839066,0.17549963,0.794949802251293,0.8040766656525707,0.7995132339519319,Medium,False
2024-04-06 05:00:00,18.4,48,1008.5,False,False,0.06638592912819569,0.108730376,0.24505628232430787,0.5918770915728628,0.41846668694858535,Low,False
2024-04-06 06:00:00,17.9,57,1009.3,False,False,0.03027977100448659,0.20823815,0.6820809248554913,0.8565561302099178,0.7693185275327046,Medium,False
2024-04-06 07:00:00,20.9,48,1009.8,False,False,0.0552751140674973,0.09118369,0.39534529966534837,0.5013690295101917,0.44835716458777003,Low,False
2024-04-06 08:00:00,25.3,39,1010.3,False,False,0.05526614243862804,0.077604316,0.3956495284453909,0.4260724064496501,0.41086096744752054,Low,False
2024-04-06 09:00:00,28.9,28,1010.9,False,False,0.0355088043666455,0.1122028,0.6332522056586554,0.6055673866747794,0.6194097961667173,Low,False
2024-04-06 10:00:00,30.9,23,1010.8,False,False,0.06481035533356722,0.08783485,0.26817766960754486,0.4843322178278065,0.37625494371767565,Low,False
2024-04-06 11:00:00,32.2,19,1010.4,False,False,0.06111557255640232,0.07904315,0.32080924855491333,0.4348950410708853,0.3778521448128993,Low,False
2024-04-06 12:00:00,33.1,15,1009.8,False,False,0.04831189415476067,0.061002072,0.48630970489808334,0.31518101612412536,0.4007453605111043,Low,False
2024-04-06 13:00:00,33.6,13,1008.8,False,False,0.043588809435161247,0.035650373,0.5424399148159416,0.12503802859750532,0.33373897170672345,Low,False
2024-04-06 14:00:00,33.6,13,1007.9,False,False,0.04819654785140348,0.034807768,0.48752662001825375,0.11651962275631275,0.30202312138728327,Low,False
2024-04-06 15:00:00,33.3,15,1007.2,False,False,0.0544624451707163,0.03679474,0.40568907818679645,0.1337085488287192,0.2696988135077578,Low,False
2024-04-06 16:00:00,32.8,15,1006.6,False,False,0.058538803556592856,0.02047396,0.35123212655917246,0.032248250684514757,0.1917401886218436,Low,False
2024-04-06 17:00:00,31.8,16,1006.5,False,False,0.06409051768902224,0.017367907,0.2776087617888652,0.022665044113173105,0.15013690295101914,Low,False
2024-04-06 18:00:00,28.1,20,1006.8,False,False,0.0409897163890931,0.114569776,0.5716458777000304,0.6183449954365683,0.5949954365682993,Low,False
2024-04-06 19:00:00,25.3,22,1007.1,False,False,0.05435093305199795,0.093981154,0.4073623364770307,0.5167325829023426,0.46204745968968663,Low,False
2024-04-06 20:00:00,23.7,27,1007.7,False,False,0.059178684506108414,0.040887672,0.3446912077882568,0.16945543048372377,0.2570733191359903,Low,False
2024-04-06 21:00:00,22.0,37,1008.5,False,False,0.03699263494462762,0.045457333,0.6168238515363553,0.20018253726802557,0.40850319440219046,Low,False
2024-04-06 22:00:00,22.3,39,1008.7,False,False,0.07671940027078294,0.06287002,0.11880133860663222,0.3282628536659568,0.22353209613629452,Low,False
2024-04-06 23:00:00,20.7,44,1008.4,False,False,0.04498503982244556,0.099591404,0.5254031031335564,0.5468512321265592,0.5361271676300579,Low,False
2024-04-07 00:00:00,20.0,44,1008.0,False,False,0.06917334216834425,0.028695986,0.20626711286887744,0.07849102525098875,0.14237906905993308,Low,False
2024-04-07 01:00:00,20.2,40,1007.6,False,False,0.0723257447671638,0.056893524,0.16473988439306353,0.2894736842105263,0.22710678430179493,Low,False
2024-04-07 02:00:00,21.2,35,1007.2,False,False,0.07290959762254334,0.07771896,0.15941588074231827,0.4269850927897779,0.2932004867660481,Low,False
2024-04-07 03:00:00,21.2,33,1006.9,False,False,0.0723846074361138,0.07731199,0.16413142683297843,0.4243991481594159,0.2942652874961972,Low,False
2024-04-07 04:00:00,21.7,31,1007.0,False,False,0.07922553308616559,0.10394475,0.09309400669303314,0.5676909035594767,0.3303924551262549,Low,False
2024-04-07 05:00:00,20.3,35,1007.4,False,False,0.06785801678710646,0.09722279,0.22665044113173105,0.533921508974749,0.38028597505324,Low,False
2024-04-07 06:00:00,17.5,57,1008.3,True,False,-0.025394418507927785,0.27277678,0.9634925463948889,0.9178582293885001,0.9406753878916945,High,True
2024-04-07 07:00:00,20.3,47,1009.1,False,False,0.03670282135280395,0.099841945,0.6189534529966535,0.5482202616367509,0.5835868573167022,Low,False
2024-04-07 08:00:00,24.1,40,1009.7,False,False,0.05320557835962508,0.071580864,0.4218132035290538,0.38713112260419835,0.4044721630666261,Low,False
2024-04-07 09:00:00,27.8,31,1010.1,False,False,0.0472588814642792,0.05191789,0.5009126863401278,0.25387891694554304,0.37739580164283537,Low,False
2024-04-07 10:00:00,31.0,23,1010.0,False,False,0.05172622809774918,0.06408045,0.4438697900821418,0.33723760267721326,0.3905536963796775,Low,False
2024-04-07 11:00:00,33.0,18,1009.6,False,False,0.05455246825891902,0.072612874,0.4046242774566474,0.3964101003954974,0.4005171889260724,Low,False
2024-04-07 12:00:00,34.1,15,1008.9,False,False,0.038487415975938744,0.07102875,0.5994828110739276,0.38256769090355947,0.49102525098874356,Low,False
2024-04-07 13:00:00,34.2,15,1008.2,False,False,0.04799065967574628,0.08412621,0.4898083358685732,0.46394888956495284,0.476878612716763,Low,False
2024-04-07 14:00:00,34.5,15,1007.4,False,False,0.05079278933828585,0.057780433,0.45360511104350476,0.29464557347125037,0.3741253422573776,Low,False
2024-04-07 15:00:00,34.5,14,1006.5,False,False,0.044930625808293045,0.044423033,0.5261636750836629,0.19394584727715242,0.3600547611804077,Low,False
2024-04-07 16:00:00,34.1,14,1006.2,False,False,0.05238706284692263,0.039548043,0.433678125950715,0.1566778217219349,0.29517797383632494,Low,False
2024-04-07 17:00:00,33.1,19,1006.1,False,False,0.06440626173150271,0.066892326,0.27274110130818374,0.35701247337998177,0.31487678734408275,Low,False
2024-04-07 18:00:00,29.1,23,1006.4,False,False,0.04575411511455835,0.16430417,0.5173410404624277,0.7750228171585032,0.6461819288104654,Low,False
2024-04-07 19:00:00,27.9,21,1006.7,False,False,0.07407413206780322,0.058782846,0.14496501369029513,0.3007301490721022,0.22284758138119867,Low,False
2024-04-07 20:00:00,26.6,24,1007.3,False,False,0.07164187122681887,0.029388446,0.17462731974444778,0.08138119866139337,0.12800425920292058,Low,False
2024-04-07 21:00:00,23.6,32,1007.8,False,False,0.037317749539332756,0.054041304,0.6122604198357164,0.2686340127776088,0.4404472163066626,Low,False
2024-04-07 22:00:00,22.2,35,1008.2,False,False,0.06841065365101312,0.037244588,0.217371463340432,0.1365987222391238,0.17698509278977792,Low,False
2024-04-07 23:00:00,21.2,40,1008.2,False,False,0.060777741619326975,0.08524817,0.32567690903559476,0.47261940979616673,0.3991481594158808,Low,False
2024-04-08 00:00:00,21.8,38,1007.8,False,False,0.07470175538057927,0.052888498,0.13903255247946456,0.2598113781563736,0.1994219653179191,Low,False
2024-04-08 01:00:00,21.6,39,1007.5,False,False,0.07792163253553547,0.043557975,0.10617584423486459,0.18786127167630057,0.14701855795558258,Low,False
2024-04-08 02:00:00,22.3,36,1007.0,False,False,0.07945580701767752,0.052932054,0.09050806206267115,0.2599634925463949,0.17523577730453302,Low,False
2024-04-08 03:00:00,22.3,36,1007.1,False,False,0.08800756506618501,0.04815311,0.030879221174323068,0.22284758138119867,0.12686340127776086,Low,False
2024-04-08 04:00:00,18.5,47,1007.5,False,False,0.0024321732724509326,0.17576288,0.8726802555521752,0.8049893519926985,0.8388348037724369,Medium,False
2024-04-08 05:00:00,18.4,47,1008.0,False,False,0.041154568210860276,0.1027896,0.5696683906297535,0.5619105567386675,0.5657894736842105,Low,False
2024-04-08 06:00:00,18.8,48,1008.6,False,False,0.04450351878131886,0.10129718,0.5314876787344083,0.5550654091877092,0.5432765439610587,Low,False
2024-04-08 07:00:00,21.3,44,1009.3,False,False,0.06683247692990046,0.07503847,0.23958016428354123,0.41040462427745666,0.324992394280499,Low,False
2024-04-08 08:00:00,25.0,39,1010.1,False,False,0.04049199597008546,0.084865496,0.5774262245208397,0.46912077882567693,0.5232735016732584,Low,False
2024-04-08 09:00:00,27.9,33,1010.9,False,False,0.049697408913767616,0.08495871,0.4672954061454213,0.47018557955582596,0.46874049285062364,Low,False
2024-04-08 10:00:00,30.5,28,1011.2,False,False,0.05340896221396285,0.11320642,0.41907514450867056,0.6122604198357164,0.5156677821721936,Low,False
2024-04-08 11:00:00,32.8,22,1011.2,False,False,0.05079968543130531,0.120302886,0.4534529966534834,0.642379069059933,0.5479160328567082,Low,False
2024-04-08 12:00:00,34.3,17,1010.5,False,False,0.03704687775168258,0.06802113,0.6157590508062063,0.36340127776087616,0.48958016428354123,Low,False
2024-04-08 13:00:00,34.9,15,1009.8,False,False,0.03513663425790292,0.06889473,0.6370550654091878,0.36796470946151505,0.5025098874353514,Low,False
2024-04-08 14:00:00,35.2,14,1009.0,False,False,0.03666566586357689,0.063168,0.6194097961667173,0.33100091268634013,0.4752053544265287,Low,False
2024-04-08 15:00:00,35.3,14,1008.2,False,False,0.04682951672776581,0.06783216,0.5054761180407666,0.3618801338606632,0.4336781259507149,Low,False
2024-04-08 16:00:00,34.9,14,1007.7,False,False,0.05262058862315616,0.061895706,0.4289625798600548,0.32217827806510496,0.37557042896257986,Low,False
2024-04-08 17:00:00,33.7,16,1007.7,False,False,0.05912360435183933,0.07086237,0.3454517797383633,0.3813507757833891,0.36340127776087616,Low,False
2024-04-08 18:00:00,30.0,18,1007.6,False,False,0.04069678806280941,0.21737708,0.574536051110435,0.8707027684818984,0.7226194097961667,Low,False
2024-04-08 19:00:00,26.3,19,1008.0,False,False,0.050414779022388057,0.21577884,0.45816854274414365,0.8682689382415576,0.6632187404928507,Low,False
2024-04-08 20:00:00,24.8,23,1008.6,False,False,0.0553658488741563,0.054724567,0.39291146942500765,0.27411013081837543,0.33351080012169154,Low,False
2024-04-08 21:00:00,23.7,25,1009.6,False,False,0.046210691982037366,0.07714489,0.5109522360815333,0.4234864618192881,0.46721934895041073,Low,False
2024-04-08 22:00:00,22.9,24,1009.8,False,False,0.056540916908425276,0.10445196,0.3799817462731975,0.5701247337998174,0.47505324003650745,Low,False
2024-04-08 23:00:00,24.2,19,1009.4,False,False,0.04472484404265764,0.16821605,0.5287496197140249,0.7855187100699726,0.6571341648919988,Low,False
2024-04-09 00:00:00,23.2,19,1008.9,False,False,0.06168073404203683,0.19797808,0.313964101003955,0.8440827502281716,0.5790234256160633,Low,False
2024-04-09 01:00:00,20.8,26,1008.6,False,False,0.03532985275473827,0.17913783,0.635686035898996,0.8119866139336781,0.7238363249163371,Low,False
2024-04-09 02:00:00,20.4,27,1008.2,False,False,0.06382081763667091,0.11416982,0.2818679647094615,0.616671737146334,0.4492698509278978,Low,False
2024-04-09 03:00:00,18.9,31,1008.4,False,False,0.03782678048525867,0.17007719,0.6078491025250989,0.7906905993306966,0.6992698509278978,Low,False
2024-04-09 04:00:00,19.4,30,1008.5,False,False,0.05731212240880029,0.16691536,0.36918162458168546,0.7804989351992698,0.5748402798904777,Low,False
2024-04-09 05:00:00,19.8,28,1008.8,False,False,0.049756591076812795,0.20168304,0.46653483419531483,0.8480377243687253,0.65728627928202,Low,False
2024-04-09 06:00:00,19.3,41,1009.8,True,True,-0.007327685990454413,0.4138752,0.9151201703681169,0.9689686644356557,0.9420444174018863,High,True
2024-04-09 07:00:00,21.6,37,1010.6,False,False,0.04126007727409242,0.1919408,0.5686035898996045,0.8338910860967448,0.7012473379981746,Low,False
2024-04-09 08:00:00,25.2,32,1011.1,False,False,0.029482501737995215,0.19524765,0.6895345299665349,0.8404320048676605,0.7649832674170977,Medium,False
2024-04-09 09:00:00,28.5,27,1011.6,False,False,0.02936608810458008,0.20917594,0.6912077882567691,0.8577730453300882,0.7744904167934287,Medium,False
2024-04-09 10:00:00,31.8,20,1011.5,False,False,0.018614078447170335,0.20973128,0.7803468208092486,0.8589899604502585,0.8196683906297535,Medium,False
2024-04-09 11:00:00,33.7,17,1011.4,False,False,0.024780033174794436,0.2296294,0.7351688469729236,0.8839367204137512,0.8095527836933374,Medium,False
2024-04-09 12:00:00,34.6,15,1011.0,False,False,0.019635985381461496,0.21142872,0.7727411013081837,0.8618801338606632,0.8173106175844235,Medium,False
2024-04-09 13:00:00,35.4,14,1010.0,False,False,0.011341304903681015,0.1824003,0.8267417097657439,0.8182233039245512,0.8224825068451476,Medium,False
2024-04-09 14:00:00,35.8,13,1009.0,False,False,0.02810661286952837,0.17355128,0.7042896257986005,0.7989047763918466,0.7515972010952237,Medium,False
2024-04-09 15:00:00,35.9,12,1007.9,False,False,0.025513844149930964,0.19218247,0.7289321569820505,0.8341953148767873,0.781563735929419,Medium,False
2024-04-09 16:00:00,35.6,12,1007.5,False,False,0.035451041050352405,0.1787647,0.6343170063888044,0.8109218132035291,0.7226194097961667,Low,False
2024-04-09 17:00:00,34.6,18,1007.4,False,False,0.03916019128223053,0.24560916,0.5918770915728628,0.8989960450258594,0.7454365682993611,Low,False
2024-04-09 18:00:00,31.2,11,1008.4,False,True,0.0016182338555649212,0.5800038,0.8767873440827503,0.9875266200182538,0.932156982050502,High,True
2024-04-09 19:00:00,28.1,13,1008.3,False,False,0.0271672767440303,0.19935334,0.71478551871007,0.8459081229084271,0.7803468208092486,Medium,False
2024-04-09 20:00:00,27.1,15,1009.0,False,False,0.048734542438078954,0.11466047,0.4800730149072102,0.6186492242166108,0.5493611195619106,Low,False
2024-04-09 21:00:00,26.5,16,1009.6,False,False,0.045993848030350504,0.09483222,0.5136902951019167,0.5219044721630667,0.5177973836324916,Low,False
2024-04-09 22:00:00,25.7,18,1010.1,False,False,0.031210310967517862,0.093723185,0.6732582902342561,0.5159720109522361,0.5946151505932461,Low,False
2024-04-09 23:00:00,25.5,18,1009.8,False,False,0.03174897165433527,0.14004809,0.6686948585336172,0.7088530574992394,0.6887739580164283,Low,False
2024-04-10 00:00:00,25.0,19,1009.4,False,False,0.04074056442634316,0.18287678,0.5739275935503498,0.8192881046547004,0.6966078491025252,Low,False
2024-04-10 01:00:00,23.7,22,1008.8,False,False,0.046092306665606264,0.16359437,0.5124733799817462,0.7730453300882264,0.6427593550349864,Low,False
2024-04-10 02:00:00,22.8,24,1008.2,False,False,0.05210305366569118,0.14651856,0.43839367204137514,0.7268025555217523,0.5825981137815637,Low,False
2024-04-10 03:00:00,20.7,29,1008.1,False,False,0.022591737733541284,0.19018592,0.7515972010952237,0.8314572558564041,0.7915272284758139,Medium,False
2024-04-10 04:00:00,20.3,31,1008.7,False,False,0.029637683185706754,0.23420921,0.6881655004563432,0.88850015211439,0.7883328262853666,Medium,False
2024-04-10 05:00:00,18.4,38,1009.1,True,False,-0.001998592928373566,0.21334322,0.8939762701551567,0.8652266504411318,0.8796014602981442,Medium,True
2024-04-10 06:00:00,20.0,41,1010.1,False,False,0.009251699459570273,0.25940102,0.8384545177973837,0.9101003954974141,0.8742774566473989,Medium,False
2024-04-10 07:00:00,22.5,37,1010.7,False,False,0.04867104651205334,0.15196598,0.48113781563735925,0.7424703376939459,0.6118040766656525,Low,False
2024-04-10 08:00:00,26.1,32,1011.0,False,False,0.039549404324737025,0.17104734,0.5871615454822026,0.7925159720109523,0.6898387587465774,Low,False
2024-04-10 09:00:00,29.6,27,1011.2,False,False,0.04169611980004878,0.15388295,0.5629753574688166,0.7465774262245208,0.6547763918466687,Low,False
2024-04-10 10:00:00,32.6,23,1011.0,False,False,0.03951421388931131,0.16296351,0.587922117432309,0.7698509278977791,0.678886522665044,Low,False
2024-04-10 11:00:00,34.8,18,1010.6,False,False,0.035742637485173645,0.13107495,0.6306662610282933,0.6825372680255553,0.6566017645269242,Low,False
2024-04-10 12:00:00,35.9,16,1009.7,False,False,0.03702217159951271,0.13981861,0.6159111651962276,0.7082445999391542,0.662077882567691,Low,False
2024-04-10 13:00:00,36.7,14,1009.0,False,False,0.029509897643598626,0.123278156,0.6892303011864922,0.653179190751445,0.6712047459689686,Low,False
2024-04-10 14:00:00,36.7,13,1008.3,False,False,0.03663910493371786,0.12842324,0.6195619105567387,0.6724977182841497,0.6460298144204442,Low,False
2024-04-10 15:00:00,36.3,14,1007.8,False,False,0.0449361261326196,0.14137089,0.5260115606936416,0.7126559172497718,0.6193337389717067,Low,False
2024-04-10 16:00:00,34.4,17,1007.6,False,False,0.04112364908525473,0.15489884,0.5701247337998174,0.749771828414968,0.6599482811073927,Low,False
2024-04-10 17:00:00,33.9,16,1007.2,False,False,0.054696994926592135,0.110754296,0.4026467903863705,0.5997870398539702,0.5012169151201704,Low,False
2024-04-10 18:00:00,31.1,19,1007.6,False,False,0.031104053961910294,0.17474546,0.6746273197444479,0.8017949498022513,0.7382111347733495,Low,False
2024-04-10 19:00:00,29.3,20,1007.7,False,False,0.05549313458599042,0.10539642,0.3912382111347733,0.5751445086705202,0.4831913599026468,Low,False
2024-04-10 20:00:00,28.4,20,1008.2,False,False,0.05643365262126515,0.104553424,0.3816550045634317,0.5710374201399452,0.47634621235168845,Low,False
2024-04-10 21:00:00,27.2,24,1009.1,False,False,0.03731884419492154,0.118379675,0.6121083054456952,0.6329479768786127,0.6225281411621539,Low,False
2024-04-10 22:00:00,25.7,29,1009.6,False,False,0.043416764692305765,0.08189871,0.5445695162762397,0.4522360815333131,0.4984027989047764,Low,False
2024-04-10 23:00:00,24.8,31,1009.7,False,False,0.03711072909526725,0.10956168,0.6151505932461211,0.5949193793732888,0.6050349863097049,Low,False
2024-04-11 00:00:00,24.2,30,1009.7,False,False,0.057724128463848834,0.18576935,0.3644660784910253,0.8243078795254031,0.5943869790082141,Low,False
2024-04-11 01:00:00,23.1,32,1009.8,False,False,0.04797147132426477,0.19711249,0.49072102220870095,0.8428658351080012,0.666793428658351,Low,False
2024-04-11 02:00:00,22.1,33,1009.7,False,False,0.052021284982298965,0.18882996,0.4393063583815029,0.8287191968360207,0.6340127776087618,Low,False
2024-04-11 03:00:00,22.0,33,1009.5,False,False,0.05879356635544036,0.16436097,0.3486461819288105,0.7756312747185884,0.5621387283236994,Low,False
2024-04-11 04:00:00,22.2,32,1009.1,False,False,0.06508589528059427,0.16337359,0.26361423790690597,0.7719805293580773,0.5177973836324916,Low,False
2024-04-11 05:00:00,22.5,31,1009.1,False,False,0.06984962533134687,0.16074803,0.19714024946759967,0.7640705810769699,0.4806054152722848,Low,False
2024-04-11 06:00:00,22.2,41,1011.5,True,True,-0.002225116078510836,0.6510488,0.8942804989351992,0.9926985092789777,0.9434895041070885,High,True
2024-04-11 07:00:00,24.1,38,1012.3,False,False,0.04115666902525744,0.17275003,0.5695162762397323,0.7963188317614847,0.6829175540006085,Low,False
2024-04-11 08:00:00,28.0,31,1012.4,False,False,0.025588074208079237,0.21794882,0.728171585031944,0.8713112260419835,0.7997414055369638,Medium,False
2024-04-11 09:00:00,32.0,22,1012.4,False,False,0.007921509853621334,0.20075104,0.8462123516884698,0.8471250380285975,0.8466686948585336,Medium,False
2024-04-11 10:00:00,34.2,17,1012.3,False,False,0.03626024759373864,0.16675979,0.6232126559172497,0.7797383632491633,0.7014755095832066,Low,False
2024-04-11 11:00:00,35.3,15,1012.1,False,False,0.03996203897523121,0.17342255,0.5833586857316702,0.7984484332217828,0.6909035594767265,Low,False
2024-04-11 12:00:00,36.1,15,1011.5,False,False,0.03434977789961541,0.16295013,0.6445086705202312,0.7696988135077578,0.7071037420139945,Low,False
2024-04-11 13:00:00,36.7,14,1010.7,False,False,0.023115402431950927,0.13778585,0.7476422269546699,0.702464253118345,0.7250532400365075,Low,False
2024-04-11 14:00:00,37.0,14,1009.7,False,False,0.02614433632798313,0.17049748,0.7228475813811986,0.7917554000608458,0.7573014907210223,Medium,False
2024-04-11 15:00:00,36.9,13,1008.9,False,False,0.034526721608053534,0.16222972,0.6431396410100396,0.7680255552175236,0.7055825981137815,Low,False
2024-04-11 16:00:00,36.4,13,1008.4,False,False,0.04917401356166928,0.15948339,0.4744447824764223,0.7622452083967143,0.6183449954365683,Low,False
2024-04-11 17:00:00,35.4,17,1008.3,False,False,0.05777524686697033,0.17242208,0.36340127776087616,0.7955582598113782,0.5794797687861272,Low,False
2024-04-11 18:00:00,32.3,20,1009.2,False,False,0.03037481491629529,0.2466946,0.6810161241253423,0.8999087313659873,0.7904624277456648,Medium,False
2024-04-11 19:00:00,29.7,25,1009.4,False,False,0.056317258160738626,0.11289354,0.38332826285366595,0.6098265895953757,0.49657742622452083,Low,False
2024-04-11 20:00:00,28.6,29,1010.1,False,False,0.06504055404280912,0.08497445,0.2645269242470337,0.4706419227258899,0.3675844234864618,Low,False
2024-04-11 21:00:00,27.9,29,1010.7,False,False,0.06758732705764986,0.0711174,0.22999695771219952,0.38332826285366595,0.30666261028293273,Low,False
2024-04-11 22:00:00,27.4,29,1010.8,False,False,0.06711167530605594,0.08638224,0.2353209613629449,0.47824764222695465,0.3567843017949498,Low,False
2024-04-11 23:00:00,26.4,30,1010.7,False,False,0.053127143302589164,0.12479299,0.4225737754791603,0.6586553087922118,0.540614542135686,Low,False
2024-04-12 00:00:00,25.4,32,1010.7,False,False,0.06511658375687679,0.17371842,0.2634621235168847,0.7993611195619106,0.5314116215393976,Low,False
2024-04-12 01:00:00,24.2,35,1010.2,False,False,0.06172793756645756,0.15382081,0.31350775783389107,0.7462731974444783,0.5298904776391846,Low,False
2024-04-12 02:00:00,23.4,37,1010.0,False,False,0.0666750160206408,0.13248423,0.24125342257377547,0.6871006997261941,0.4641770611499848,Low,False
2024-04-12 03:00:00,22.6,38,1010.0,False,False,0.06355492874055096,0.14327534,0.28627928202007913,0.7187404928506237,0.5025098874353514,Low,False
2024-04-12 04:00:00,22.4,38,1009.3,False,False,0.055362271478509695,0.18347846,0.3932156982050502,0.8208092485549133,0.6070124733799818,Low,False
2024-04-12 05:00:00,22.3,38,1009.5,False,False,0.06524523235400626,0.15309547,0.2616367508366292,0.7444478247642227,0.5030422878004259,Low,False
2024-04-12 06:00:00,22.0,41,1010.6,False,False,0.043511897569382674,0.21485774,0.543200486766048,0.8675083662914511,0.7053544265287496,Low,False
2024-04-12 07:00:00,23.8,39,1010.8,False,False,0.0719501488360812,0.13695303,0.16915120170368114,0.7001825372680256,0.43466686948585337,Low,False
2024-04-12 08:00:00,27.0,32,1011.1,False,False,0.05238276199490183,0.10122163,0.4341344691207788,0.5547611804076665,0.49444782476422267,Low,False
2024-04-12 09:00:00,30.6,26,1011.6,False,False,0.04463568404485102,0.13067019,0.529814420444174,0.6810161241253423,0.6054152722847581,Low,False
2024-04-12 10:00:00,33.3,20,1011.5,False,False,0.05239823998116688,0.100726016,0.4333738971706723,0.553392150897475,0.49338302403407364,Low,False
2024-04-12 11:00:00,35.4,17,1010.8,False,False,0.04246507829810181,0.11556089,0.5555217523577731,0.6216915120170368,0.5886066321874049,Low,False
2024-04-12 12:00:00,36.2,17,1010.1,False,False,0.040002471834783615,0.13231641,0.5819896562214786,0.6866443565561302,0.6343170063888044,Low,False
2024-04-12 13:00:00,36.9,15,1009.2,False,False,0.026324714744349775,0.084627904,0.7210222087009431,0.46699117736537876,0.5940066930331609,Low,False
2024-04-12 14:00:00,37.2,14,1008.4,False,False,0.031135184908586133,0.08618477,0.6740188621843626,0.47748707027684817,0.5757529662306053,Low,False
2024-04-12 15:00:00,37.1,13,1007.3,False,False,0.03161093206354476,0.119469374,0.670063888043809,0.6385762093094006,0.6543200486766048,Low,False
2024-04-12 16:00:00,36.7,13,1006.6,False,False,0.03680115659258182,0.13579153,0.618192881046547,0.6965317919075145,0.6573623364770307,Low,False
2024-04-12 17:00:00,35.8,15,1006.4,False,False,0.04927957837373659,0.15302847,0.4724672954061454,0.7442957103742014,0.6083815028901733,Low,False
2024-04-12 18:00:00,31.7,26,1006.9,True,False,-0.0026639276945340518,0.15097886,0.8959537572254335,0.7403407362336477,0.8181472467295405,Medium,True
2024-04-12 19:00:00,28.5,26,1007.0,False,False,0.051782390537256806,0.2729741,0.44280498935199275,0.9184666869485854,0.680635838150289,Low,False
2024-04-12 20:00:00,27.6,24,1007.9,False,False,0.05432598116731285,0.23612718,0.4078186796470946,0.8912382111347733,0.649528445390934,Low,False
2024-04-12 21:00:00,26.7,26,1008.6,False,False,0.06096306046063682,0.12792467,0.32248250684514757,0.6702160024338303,0.4963492546394889,Low,False
2024-04-12 22:00:00,26.6,25,1008.7,False,False,0.07184210370571431,0.1559322,0.17097657438393676,0.7531183449954366,0.4620474596896867,Low,False
2024-04-12 23:00:00,25.3,26,1008.5,False,False,0.05459397403227789,0.21043898,0.4040158198965622,0.8600547611804077,0.632035290538485,Low,False
2024-04-13 00:00:00,26.1,24,1008.3,False,False,0.05644694029092423,0.18530609,0.3811986613933678,0.8229388500152114,0.6020687557042896,Low,False
2024-04-13 01:00:00,25.7,24,1008.1,False,False,0.07233530626552859,0.18354453,0.16443565561302098,0.8209613629449346,0.4926985092789778,Low,False
2024-04-13 02:00:00,25.2,26,1007.8,False,False,0.06506889640612179,0.16783252,0.2639184666869486,0.783693337389717,0.5238059020383328,Low,False
2024-04-13 03:00:00,24.7,28,1007.7,False,False,0.06769490785945337,0.16726601,0.22878004259202922,0.781563735929419,0.5051718892607241,Low,False
2024-04-13 04:00:00,25.1,28,1008.0,False,False,0.06298449714767757,0.19539912,0.29571037420139945,0.8405841192576817,0.5681472467295405,Low,False
2024-04-13 05:00:00,25.0,29,1008.4,False,False,0.0625043257076387,0.19186819,0.3030118649224217,0.8335868573167021,0.5682993611195619,Low,False
2024-04-13 06:00:00,24.1,34,1009.6,False,False,0.03491898803362181,0.27176714,0.6399452388195923,0.9166413142683297,0.778293276543961,Medium,False
2024-04-13 07:00:00,25.3,33,1009.5,False,False,0.06387357780119102,0.23642315,0.2806510495892911,0.8916945543048372,0.5861728019470642,Low,False
2024-04-13 08:00:00,28.0,31,1009.7,False,False,0.05354463831393286,0.24446426,0.41724977182841494,0.8985397018557956,0.6578947368421053,Low,False
2024-04-13 09:00:00,30.5,28,1010.3,False,False,0.049105330984447415,0.21213718,0.4749011256464861,0.8632491633708549,0.6690751445086704,Low,False
2024-04-13 10:00:00,30.3,30,1011.2,False,True,0.038157377008248006,0.31936696,0.604806814724673,0.9411317310617584,0.7729692728932157,Medium,True
2024-04-13 11:00:00,27.1,45,1011.5,True,True,-0.0034972815323752737,0.4967046,0.9002129601460298,0.9814420444174019,0.9408275022817159,High,True
2024-04-13 12:00:00,25.8,52,1011.0,False,True,0.02323021955245108,0.3882161,0.7467295406145421,0.9641010039549741,0.8554152722847581,Medium,True
2024-04-13 13:00:00,29.9,35,1009.5,True,True,-0.009093863287271908,0.5829469,0.9215089747490113,0.987678734408275,0.9545938545786432,High,True
2024-04-13 14:00:00,29.3,38,1008.3,False,True,0.058225787373964166,0.3583405,0.35640401581989656,0.955278369333739,0.6558411925768177,Low,True
2024-04-13 15:00:00,30.1,35,1007.5,False,False,0.054360380523177654,0.2839303,0.4072102220870094,0.9230301186492242,0.6651201703681169,Low,False
2024-04-13 16:00:00,30.5,32,1007.5,False,False,0.056709820936394595,0.25841764,0.37739580164283537,0.9091877091572863,0.6432917554000608,Low,False
2024-04-13 17:00:00,30.0,33,1007.5,False,False,0.05660346291489332,0.30570674,0.37876483115302706,0.9345908122908427,0.6566778217219349,Low,False
2024-04-13 18:00:00,22.9,70,1011.1,True,True,-0.091291502764275,1.9982203,0.9990873136598722,0.9998478856099787,0.9994675996349255,High,True
2024-04-13 19:00:00,21.7,84,1011.0,True,True,-0.016166561288406767,0.7065203,0.9437176756921205,0.9946759963492546,0.9691968360206875,High,True
2024-04-13 20:00:00,21.1,83,1010.7,False,True,0.03214952051178077,0.71959454,0.6638271980529358,0.9957407970794037,0.8297839975661697,Medium,True
2024-04-13 21:00:00,20.9,82,1011.5,False,True,0.014552153448215699,0.44641593,0.8062062671128689,0.974292668086401,0.890249467599635,Medium,True
2024-04-13 22:00:00,21.0,79,1012.1,False,True,0.010852342734540277,0.47394633,0.8303924551262549,0.9770307271067843,0.9037115911165197,High,True
2024-04-13 23:00:00,20.9,77,1012.2,False,True,0.008726235926185044,0.6058173,0.8411925768177669,0.9901125646486157,0.9156525707331913,High,True
2024-04-14 00:00:00,20.7,74,1012.4,False,True,0.023028688585256196,0.35009217,0.7482506845147551,0.9522360815333131,0.8502433830240341,Medium,True
2024-04-14 01:00:00,20.5,73,1011.6,False,True,0.03131671613045317,0.49699816,0.6724977182841496,0.9815941588074232,0.8270459385457865,Medium,True
2024-04-14 02:00:00,20.3,73,1010.8,False,True,0.038812724447667146,0.38765296,0.5955278369333739,0.9637967751749316,0.7796623060541528,Medium,True
2024-04-14 03:00:00,20.4,71,1010.7,False,False,0.06491994650681038,0.22160485,0.2665044113173106,0.8766352296927289,0.5715698205050197,Low,False
2024-04-14 04:00:00,20.4,69,1010.6,False,False,0.0785141954628148,0.19220893,0.0978095527836933,0.8343474292668086,0.46607849102525095,Low,False
2024-04-14 05:00:00,19.7,75,1011.5,False,False,0.051757809107122466,0.17930742,0.4431092181320353,0.8122908427137208,0.627700030422878,Low,False
2024-04-14 06:00:00,20.5,79,1012.7,False,False,0.03268481554778835,0.20639864,0.6592637663522969,0.8541222999695771,0.756693033160937,Medium,False
2024-04-14 07:00:00,21.4,75,1013.1,False,False,0.07082290104857514,0.21163356,0.186035898996045,0.8624885914207484,0.5242622452083967,Low,False
2024-04-14 08:00:00,22.2,71,1014.3,False,False,0.03436439542723191,0.14504406,0.6443565561302099,0.7228475813811986,0.6836020687557043,Low,False
2024-04-14 09:00:00,22.1,74,1013.9,False,True,0.06013590685651021,0.578782,0.3331305141466383,0.9873745056282325,0.6602525098874354,Low,True
2024-04-14 10:00:00,26.0,57,1013.6,False,False,0.019245346281459574,0.12827994,0.7757833891086097,0.6718892607240645,0.7238363249163371,Low,False
2024-04-14 11:00:00,28.9,46,1012.9,False,False,0.02840716281245126,0.064519025,0.7006388804380894,0.3408883480377244,0.5207636142379068,Low,False
2024-04-14 12:00:00,30.9,39,1012.3,False,False,0.03236314719128802,0.1257497,0.6615454822026163,0.6609370246425312,0.6612412534225738,Low,False
2024-04-14 13:00:00,31.5,37,1010.7,False,False,0.02861759087171989,0.09340303,0.69835716458777,0.5141466382719805,0.6062519014298753,Low,False
2024-04-14 14:00:00,32.0,36,1009.6,False,False,0.028500000307555007,0.06313835,0.6997261940979617,0.33054456951627625,0.5151353818071189,Low,False
2024-04-14 15:00:00,31.9,36,1009.1,False,False,0.04771297584327583,0.041798096,0.4940675387891694,0.17432309096440524,0.33419531487678733,Low,False
2024-04-14 16:00:00,30.9,38,1009.1,False,False,0.06151390798489076,0.025860257,0.3157894736842105,0.059628840888348036,0.18770915728627927,Low,False
2024-04-14 17:00:00,25.9,64,1009.8,True,False,-0.018615478786663253,0.25359467,0.9502585944630362,0.9066017645269242,0.9284301794949802,High,True
2024-04-14 18:00:00,24.7,60,1010.7,False,False,0.07872470993694991,0.18761462,0.09644052327350172,0.8265895953757225,0.4615150593246121,Low,False
2024-04-14 19:00:00,24.3,61,1010.9,False,False,0.10122031599194925,0.04508113,0.0004563431700639331,0.1982050501977487,0.09933069668390632,Low,False
2024-04-14 20:00:00,23.8,64,1011.5,False,False,0.09207584824428405,0.028224323,0.013994523881959209,0.07544873745056282,0.04472163066626102,Low,False
2024-04-14 21:00:00,23.6,62,1012.5,False,False,0.08121538512991416,0.10455475,0.07468816550045632,0.5711895345299666,0.32293885001521144,Low,False
2024-04-14 22:00:00,23.5,61,1012.5,False,False,0.08747686239359731,0.049185537,0.03346516580468517,0.23151810161241254,0.13249163370854886,Low,False
2024-04-14 23:00:00,22.9,64,1012.6,False,False,0.07815272784542926,0.070475556,0.10282932765439612,0.3778521448128993,0.2403407362336477,Low,False
2024-04-15 00:00:00,22.4,66,1012.4,False,False,0.08088459918867952,0.11332537,0.07833891086096745,0.6128688773958016,0.34560389412838455,Low,False
2024-04-15 01:00:00,22.1,68,1011.5,False,False,0.07451766258884823,0.11585338,0.14055369637967752,0.6227563127471859,0.3816550045634317,Low,False
2024-04-15 02:00:00,21.9,69,1011.0,False,False,0.08856754512435572,0.051197927,0.029053848494067558,0.2482506845147551,0.13865226650441131,Low,False
2024-04-15 03:00:00,21.7,71,1010.9,False,False,0.10017799242204767,0.03670894,0.0009126863401277552,0.1332522056586553,0.06708244599939153,Low,False
2024-04-15 04:00:00,21.5,72,1010.4,False,False,0.09399423476842372,0.05480326,0.0089747490112565,0.2745664739884393,0.1417706114998479,Low,False
2024-04-15 05:00:00,20.8,75,1010.4,False,False,0.09875476460866639,0.041832935,0.0019774870702768954,0.17493154852449042,0.08845451779738366,Low,False
2024-04-15 06:00:00,21.6,79,1011.1,False,False,0.07988756712260736,0.11698281,0.08624885914207481,0.6274718588378461,0.35686035898996044,Low,False
2024-04-15 07:00:00,23.3,73,1011.5,False,False,0.08639423764663157,0.07176632,0.039397627015515635,0.3892607240644965,0.21432917554000608,Low,False
2024-04-15 08:00:00,25.9,64,1012.3,False,False,0.06937966671953227,0.07450221,0.20413751140857928,0.4072102220870094,0.30567386674779434,Low,False
2024-04-15 09:00:00,28.2,55,1012.4,False,False,0.07277173383377006,0.04063491,0.16017645269242475,0.16641314268329785,0.16329479768786131,Low,False
2024-04-15 10:00:00,29.8,48,1012.0,False,False,0.07523429986706875,0.034910172,0.1323395193185275,0.11743230909644052,0.12488591420748402,Low,False
2024-04-15 11:00:00,30.3,47,1011.5,False,False,0.08618818264295391,0.0819447,0.0409187709157286,0.4525403103133556,0.2467295406145421,Low,False
2024-04-15 12:00:00,29.8,50,1011.1,False,False,0.08677338044379723,0.14751275,0.03696379677517492,0.7304533008822635,0.3837085488287192,Low,False
2024-04-15 13:00:00,31.9,45,1009.6,False,False,0.02989872476846034,0.074346066,0.6854274414359598,0.40568907818679645,0.5455582598113782,Low,False
2024-04-15 14:00:00,32.6,40,1008.3,False,False,0.03616390254280882,0.073539935,0.6247337998174627,0.4002129601460298,0.5124733799817462,Low,False
2024-04-15 15:00:00,28.3,60,1008.2,False,False,0.004757537486826613,0.15552858,0.8626407058107697,0.7519014298752662,0.8072710678430179,Medium,False
2024-04-15 16:00:00,25.9,70,1008.5,False,False,0.04517933691993381,0.1288505,0.5232735016732584,0.674170976574384,0.5987222391238212,Low,False
2024-04-15 17:00:00,27.1,62,1008.7,False,False,0.07378132438350848,0.27903548,0.14815941588074233,0.9219653179190751,0.5350623668999087,Low,False
2024-04-15 18:00:00,28.2,54,1009.4,False,True,0.06955594038235163,0.34456566,0.20155156677821717,0.9502585944630362,0.5759050806206267,Low,True
2024-04-15 19:00:00,26.8,62,1010.2,False,False,0.07003159541639425,0.1049855,0.19531487678734405,0.5725585640401581,0.3839367204137511,Low,False
2024-04-15 20:00:00,25.4,70,1010.9,False,False,0.07348475676454758,0.08114772,0.15272284758138122,0.44812899300273806,0.3004259202920596,Low,False
2024-04-15 21:00:00,24.4,73,1011.6,False,False,0.07896757934887616,0.04966348,0.0946151505932461,0.23562519014298752,0.16512017036811683,Low,False
2024-04-15 22:00:00,23.7,79,1012.0,False,False,0.06389600453293082,0.08565931,0.280042592029206,0.4752053544265287,0.37762397322786734,Low,False
2024-04-15 23:00:00,23.0,81,1012.2,False,False,0.05653093386521724,0.100265235,0.38028597505324,0.5506540918770916,0.4654700334651658,Low,False
2024-04-16 00:00:00,22.3,81,1012.4,False,False,0.07269486217675658,0.13441384,0.16139336781259506,0.6922725889869181,0.4268329783997566,Low,False
2024-04-16 01:00:00,21.5,83,1012.1,False,False,0.07542021096425822,0.13170002,0.13066626102829326,0.6843626407058108,0.407514450867052,Low,False
2024-04-16 02:00:00,20.9,86,1011.7,False,False,0.07589946300124234,0.10757583,0.12747185883784606,0.5859446303620323,0.35670824459993916,Low,False
2024-04-16 03:00:00,20.2,89,1011.6,False,False,0.08095063381555029,0.0704698,0.07727411013081842,0.37770003042287803,0.22748707027684822,Low,False
2024-04-16 04:00:00,19.6,92,1011.4,False,False,0.0682809056159141,0.08320344,0.219957407970794,0.4589291146942501,0.339443261332522,Low,False
2024-04-16 05:00:00,19.1,94,1011.5,False,False,0.06796731004233936,0.07388443,0.22528141162153936,0.40310313355643446,0.3141922725889869,Low,False
2024-04-16 06:00:00,20.0,87,1012.1,False,False,0.08281663642798748,0.06563587,0.062062671128688796,0.34940675387891695,0.20573471250380287,Low,False
2024-04-16 07:00:00,21.8,79,1012.7,False,False,0.0810942356639644,0.054223422,0.07575296623060546,0.2704593854578643,0.17310617584423488,Low,False
2024-04-16 08:00:00,24.1,69,1013.1,False,False,0.06964578048003467,0.039641105,0.1995740797079404,0.15759050806206268,0.17858229388500152,Low,False
2024-04-16 09:00:00,26.9,58,1013.2,False,False,0.050864230907978036,0.054542143,0.4525403103133556,0.27289321569820507,0.3627167630057804,Low,False
2024-04-16 10:00:00,29.1,46,1013.3,False,False,0.030956345050513367,0.1579553,0.6758442348646182,0.757986005476118,0.7169151201703681,Low,False
2024-04-16 11:00:00,30.4,39,1012.9,False,False,0.04048365590305758,0.14690143,0.577578338910861,0.728171585031944,0.6528749619714025,Low,False
2024-04-16 12:00:00,31.4,34,1012.1,False,False,0.03601708094244943,0.09883764,0.6262549437176756,0.5425920292059628,0.5844234864618192,Low,False
2024-04-16 13:00:00,31.8,32,1011.3,False,False,0.04383419918688064,0.079715304,0.5392455126254944,0.4386979008214177,0.488971706723456,Low,False
2024-04-16 14:00:00,32.1,32,1010.6,False,False,0.04333466902493893,0.081324875,0.5459385457864314,0.44888956495284454,0.497414055369638,Low,False
2024-04-16 15:00:00,31.9,32,1009.8,False,False,0.0359652011053086,0.09192523,0.6273197444478248,0.5051718892607241,0.5662458168542744,Low,False
2024-04-16 16:00:00,31.3,33,1009.5,False,False,0.03195033787365048,0.11197797,0.6661089139032552,0.6043504715546091,0.6352296927289321,Low,False
2024-04-16 17:00:00,30.5,35,1009.7,False,False,0.04664532915186348,0.15858354,0.5071493763310009,0.7593550349863097,0.6332522056586554,Low,False
2024-04-16 18:00:00,29.0,38,1010.5,False,False,0.035843433633358956,0.24148668,0.629449345908123,0.8958016428354122,0.7626254943717676,Medium,False
2024-04-16 19:00:00,26.7,44,1010.6,False,False,0.038133624743981076,0.23739907,0.6052631578947368,0.8924551262549437,0.7488591420748403,Low,False
2024-04-16 20:00:00,25.2,50,1011.1,False,False,0.048889052449767934,0.23337768,0.478399756616976,0.8875874657742623,0.6829936111956192,Low,False
2024-04-16 21:00:00,24.2,53,1011.7,False,False,0.054275308612864226,0.24733171,0.4085792515972011,0.9012777608761788,0.65492850623669,Low,False
2024-04-16 22:00:00,23.0,56,1011.8,False,False,0.05635106806061879,0.2871937,0.382871919683602,0.9245512625494372,0.6537115911165197,Low,False
2024-04-16 23:00:00,22.1,59,1011.4,False,True,0.06132850975108789,0.34765452,0.3177669607544874,0.9516276239732279,0.6346972923638576,Low,True
2024-04-17 00:00:00,21.8,60,1011.0,False,False,0.06708478080962776,0.18911012,0.23577730453300882,0.8293276543961059,0.5325524794645573,Low,False
2024-04-17 01:00:00,21.0,63,1010.4,False,False,0.07156984556989043,0.15388028,0.17569212047459692,0.7464253118344996,0.46105871615454824,Low,False
2024-04-17 02:00:00,20.2,67,1009.4,False,False,0.04420267619932744,0.14702708,0.5349863097048981,0.7290842713720718,0.632035290538485,Low,False
2024-04-17 03:00:00,19.2,72,1009.0,False,False,0.053332535543607285,0.12582977,0.4201399452388196,0.6616975965926377,0.5409187709157286,Low,False
2024-04-17 04:00:00,19.0,73,1009.0,False,False,0.07084438822782696,0.15259285,0.18588378460602373,0.7432309096440524,0.46455734712503804,Low,False
2024-04-17 05:00:00,18.1,77,1009.3,False,False,0.05504422978602713,0.11772288,0.3988439306358381,0.6302099178582294,0.5145269242470338,Low,False
2024-04-17 06:00:00,19.8,69,1009.9,False,False,0.06931966218035995,0.1827854,0.20474596896866448,0.8191359902646791,0.5119409796166718,Low,False
2024-04-17 07:00:00,21.8,63,1009.9,False,False,0.09060083198857122,0.10944177,0.018862184362640755,0.5941588074231823,0.3065104958929115,Low,False
2024-04-17 08:00:00,24.6,54,1010.3,False,False,0.08380224914827905,0.09889161,0.05643443869790077,0.5428962579860055,0.29966534834195313,Low,False
2024-04-17 09:00:00,27.5,45,1011.0,False,False,0.07224378599337844,0.10731655,0.1656525707331914,0.5847277152418618,0.3751901429875266,Low,False
2024-04-17 10:00:00,29.6,36,1010.9,False,False,0.07676942297311201,0.051442884,0.11819288104654702,0.24992394280498936,0.1840584119257682,Low,False
2024-04-17 11:00:00,31.0,30,1010.4,False,False,0.07006410298414012,0.0834243,0.1944021904472163,0.46029814420444176,0.327350167325829,Low,False
2024-04-17 12:00:00,32.3,24,1009.9,False,False,0.05025666652697314,0.124873765,0.4595375722543352,0.6589595375722543,0.5592485549132948,Low,False
2024-04-17 13:00:00,33.3,21,1009.3,False,False,0.03085973855694346,0.087136336,0.676300578034682,0.4815941588074232,0.5789473684210527,Low,False
2024-04-17 14:00:00,33.7,20,1008.8,False,False,0.03828464209876231,0.07177588,0.6020687557042896,0.3894128384545178,0.4957407970794037,Low,False
2024-04-17 15:00:00,33.1,20,1008.3,False,False,0.04257356276253921,0.04892403,0.5538484940675388,0.2290842713720718,0.3914663827198053,Low,False
2024-04-17 16:00:00,32.8,22,1007.9,False,False,0.044982670897954935,0.03796028,0.5255552175235778,0.14283541222999696,0.3341953148767874,Low,False
2024-04-17 17:00:00,32.0,25,1007.5,False,False,0.04599060370325281,0.03728672,0.5138424094919379,0.1376635229692729,0.3257529662306054,Low,False
2024-04-17 18:00:00,29.7,40,1007.8,False,False,0.022633488477269703,0.117363125,0.7511408579251597,0.6283845451779738,0.6897627015515668,Low,False
2024-04-17 19:00:00,27.6,37,1007.9,False,False,0.05609170829418325,0.16816624,0.38530574992394284,0.7850623668999087,0.5851840584119258,Low,False
2024-04-17 20:00:00,26.9,36,1008.7,False,False,0.062003846185705425,0.12280428,0.31031335564344387,0.6512017036811683,0.48075752966230606,Low,False
2024-04-17 21:00:00,26.9,35,1009.2,False,False,0.07135364205524336,0.11821022,0.17858229388500158,0.632035290538485,0.40530879221174326,Low,False
2024-04-17 22:00:00,26.2,39,1009.3,False,False,0.07553813681575605,0.115856804,0.1297535746881655,0.6229084271372072,0.37633100091268634,Low,False
2024-04-17 23:00:00,24.8,43,1009.1,False,False,0.06276680972785725,0.16915187,0.29829631883176144,0.7874961971402494,0.5428962579860055,Low,False
2024-04-18 00:00:00,24.4,45,1008.9,False,False,0.08275553003543723,0.1273961,0.06297535746881655,0.6671737146334044,0.36507453605111045,Low,False
2024-04-18 01:00:00,23.4,47,1007.9,False,False,0.06637677137952419,0.08740692,0.24536051110435042,0.48281107392759354,0.36408579251597195,Low,False
2024-04-18 02:00:00,22.8,49,1007.0,False,False,0.056529036558258416,0.06479983,0.3804380894432613,0.3436264070581077,0.3620322482506845,Low,False
2024-04-18 03:00:00,22.8,49,1006.8,False,False,0.0795994761088662,0.08831137,0.08792211743230904,0.4873745056282324,0.2876483115302707,Low,False
2024-04-18 04:00:00,22.2,51,1007.0,False,False,0.08226792710668435,0.097459406,0.06616975965926375,0.5349863097048981,0.30057803468208094,Low,False
2024-04-18 05:00:00,21.8,54,1007.7,False,False,0.08898084277922358,0.12806657,0.026163675083662907,0.671128688773958,0.3486461819288105,Low,False
2024-04-18 06:00:00,24.4,46,1008.2,False,False,0.07365520276670967,0.11776322,0.14983267417097657,0.630514146638272,0.3901734104046243,Low,False
2024-04-18 07:00:00,25.2,46,1008.2,False,False,0.09737804203838568,0.059493892,0.0031944021904471986,0.3063583815028902,0.1547763918466687,Low,False
2024-04-18 08:00:00,27.2,42,1008.4,False,False,0.09436622297657993,0.07745741,0.0074536051110435375,0.4250076057195011,0.2162306054152723,Low,False
2024-04-18 09:00:00,29.5,36,1008.5,False,False,0.082065564433627,0.06426394,0.06814724672954064,0.33891086096744755,0.2035290538484941,Low,False
2024-04-18 10:00:00,31.5,30,1008.3,False,False,0.07446044297396759,0.0545822,0.14116215393976272,0.2731974444782476,0.20717979920900517,Low,False
2024-04-18 11:00:00,32.9,27,1007.6,False,False,0.07113312652476916,0.053518947,0.18192881046547005,0.26543961058716153,0.2236842105263158,Low,False
2024-04-18 12:00:00,34.2,25,1006.6,False,False,0.049902348202002955,0.057074405,0.4648615759050806,0.2906905993306967,0.3777760876178886,Low,False
2024-04-18 13:00:00,35.0,23,1005.8,False,False,0.05200815837593281,0.045981847,0.43961058716154544,0.20474596896866443,0.3221782780651049,Low,False
2024-04-18 14:00:00,34.2,26,1005.1,False,False,0.05068113719291212,0.055092804,0.45482202616367506,0.2766960754487375,0.3657590508062063,Low,False
2024-04-18 15:00:00,35.0,24,1004.0,False,False,0.03809453420593889,0.15429214,0.605871615454822,0.7477943413446912,0.6768329783997566,Low,False
2024-04-18 16:00:00,35.5,21,1003.1,False,False,0.029278444994431108,0.253255,0.6927289321569821,0.9061454213568604,0.7994371767569213,Medium,False
2024-04-18 17:00:00,35.2,21,1002.5,False,False,0.042511638138444,0.31829074,0.5549132947976878,0.9408275022817159,0.7478703985397018,Low,False
2024-04-18 18:00:00,33.2,26,1002.1,False,True,0.027143894635777766,0.4238049,0.7150897474901126,0.9709461515059324,0.8430179494980226,Medium,True
2024-04-18 19:00:00,31.2,27,1002.5,False,True,0.029301073869532734,0.45387897,0.6922725889869181,0.9749011256464861,0.8335868573167021,Medium,True
2024-04-18 20:00:00,30.4,27,1003.2,False,True,0.029462281457897144,0.4350142,0.6902951019166413,0.9718588378460602,0.8310769698813507,Medium,True
2024-04-18 21:00:00,30.1,28,1003.8,False,True,0.04219890097150181,0.35061038,0.558564040158199,0.9525403103133556,0.7555521752357773,Medium,True
2024-04-18 22:00:00,30.2,28,1004.4,False,False,0.039849713285550925,0.30368745,0.5848798296318831,0.933678125950715,0.759278977791299,Medium,False
2024-04-18 23:00:00,29.0,32,1004.7,False,False,0.04851391642534586,0.1877526,0.48372376026772135,0.8270459385457865,0.6553848494067539,Low,False
2024-04-19 00:00:00,28.3,36,1004.6,False,True,0.06552608926737413,0.4373231,0.2584423486461819,0.9726194097961667,0.6155308792211742,Low,True
2024-04-19 01:00:00,27.1,42,1004.6,False,False,0.0653026837178331,0.3002717,0.261028293276544,0.9312442957103741,0.5961362944934591,Low,False
2024-04-19 02:00:00,26.3,47,1004.2,False,False,0.062096894409180314,0.27594015,0.30924855491329484,0.9205962884088835,0.6149224216610891,Low,False
2024-04-19 03:00:00,25.7,50,1003.9,False,False,0.06606597876981202,0.2721973,0.2506845147550958,0.9170976574383937,0.5838910860967448,Low,False
2024-04-19 04:00:00,25.2,52,1003.9,False,False,0.07114172209120034,0.24937989,0.18177669607544877,0.9029510191664132,0.542363857620931,Low,False
2024-04-19 05:00:00,24.6,55,1004.0,False,False,0.0688853748908223,0.20109291,0.2117432309096441,0.8477334955886827,0.5297383632491635,Low,False
2024-04-19 06:00:00,25.3,54,1003.6,False,False,0.07086420248570924,0.3065155,0.1854274414359598,0.9351992698509279,0.5603133556434439,Low,False
2024-04-19 07:00:00,26.8,51,1003.9,False,False,0.07795514636286155,0.2210223,0.10587161545482204,0.8761788865226651,0.49102525098874356,Low,False
2024-04-19 08:00:00,29.3,46,1004.0,False,False,0.0747709266815943,0.23033033,0.13766352296927287,0.8846972923638576,0.5111804076665653,Low,False
2024-04-19 09:00:00,31.3,42,1004.0,False,False,0.07811407786051439,0.13743123,0.10374201399452387,0.7013994523881959,0.4025707331913599,Low,False
2024-04-19 10:00:00,32.6,39,1003.8,False,False,0.07599515839014886,0.085307896,0.12625494371767565,0.4729236385762093,0.29958929114694244,Low,False
2024-04-19 11:00:00,33.0,32,1003.4,False,False,0.06478205360372663,0.07424928,0.2686340127776088,0.40523273501673257,0.3369333738971707,Low,False
2024-04-19 12:00:00,34.5,22,1002.6,False,False,0.03863368885139484,0.07164931,0.5972010952236082,0.38789169455430483,0.4925463948889565,Low,False
2024-04-19 13:00:00,34.1,21,1001.9,False,False,0.05586511141463313,0.06977178,0.38789169455430483,0.37313659872223914,0.380514146638272,Low,False
2024-04-19 14:00:00,34.0,22,1001.2,False,False,0.05754339955629867,0.06048134,0.36659567995132336,0.3119866139336781,0.33929114694250073,Low,False
2024-04-19 15:00:00,33.6,24,1000.9,False,False,0.0622010744862489,0.064993106,0.3077274110130819,0.34484332217827807,0.32628536659567997,Low,False
2024-04-19 16:00:00,32.5,27,1000.9,False,False,0.06325157026362704,0.07688674,0.29114694250076056,0.4212047459689687,0.3561758442348646,Low,False
2024-04-19 17:00:00,31.6,29,1001.5,False,False,0.07079861856816433,0.1289813,0.18649224216610893,0.6746273197444478,0.43055978095527836,Low,False
2024-04-19 18:00:00,30.5,27,1002.2,False,False,0.06578490152710897,0.19338153,0.2552479464557347,0.837085488287192,0.5461667173714633,Low,False
2024-04-19 19:00:00,28.8,32,1003.0,False,False,0.05561725053123778,0.14724243,0.38986918162458173,0.729692728932157,0.5597809552783694,Low,False
2024-04-19 20:00:00,27.0,38,1004.0,False,False,0.04896476022570928,0.16305277,0.47718284149680557,0.7701551566778218,0.6236689990873137,Low,False
2024-04-19 21:00:00,25.5,48,1004.9,False,False,0.02649617053863379,0.1399554,0.7195010648007302,0.7087009431092182,0.7141010039549742,Low,False
2024-04-19 22:00:00,24.5,56,1005.2,False,False,0.05128621718454296,0.12975188,0.4487374505628232,0.6775174931548524,0.5631274718588378,Low,False
2024-04-19 23:00:00,23.5,61,1005.3,False,False,0.04489648422670589,0.17229077,0.5269242470337694,0.7952540310313355,0.6610891390325524,Low,False
2024-04-20 00:00:00,22.7,65,1005.3,False,False,0.048420380978138444,0.14756288,0.48494067538789165,0.7309096440523274,0.6079251597201095,Low,False
2024-04-20 01:00:00,22.0,68,1005.0,False,False,0.039254468031312106,0.15623455,0.5912686340127776,0.7537268025555217,0.6724977182841496,Low,False
2024-04-20 02:00:00,21.1,72,1004.6,False,False,0.03290516410029537,0.16895764,0.6575905080620627,0.7870398539701856,0.7223151810161241,Low,False
2024-04-20 03:00:00,20.6,75,1004.5,False,False,0.034181041472094886,0.14521086,0.6458777000304229,0.7236081533313051,0.684742926680864,Low,False
2024-04-20 04:00:00,20.3,76,1004.7,False,False,0.027504130793788828,0.14252049,0.7109826589595376,0.7164587770003042,0.713720717979921,Low,False
2024-04-20 05:00:00,19.9,78,1005.0,False,False,0.01518777508806779,0.17328252,0.8022512929723151,0.797535746881655,0.799893519926985,Medium,False
2024-04-20 06:00:00,21.0,75,1005.9,False,False,0.013670105561506773,0.14883572,0.8121387283236994,0.7354730757529663,0.7738059020383328,Medium,False
2024-04-20 07:00:00,22.5,68,1006.5,False,False,0.04248136959314208,0.2202277,0.5550654091877092,0.8751140857925159,0.7150897474901126,Low,False
2024-04-20 08:00:00,25.0,58,1007.0,False,False,0.026662139776242044,0.16433416,0.7182841496805598,0.7753270459385457,0.7468055978095527,Low,False
2024-04-20 09:00:00,27.5,48,1007.5,False,False,0.030148665874188962,0.13544165,0.6829936111956192,0.6951627623973228,0.689078186796471,Low,False
2024-04-20 10:00:00,29.7,39,1007.4,False,False,0.033487507786921,0.13708268,0.6516580468512321,0.7004867660480681,0.6760724064496502,Low,False
2024-04-20 11:00:00,31.1,33,1006.9,False,False,0.025973193012418516,0.15536234,0.7243687252814116,0.751292972315181,0.7378308487982963,Low,False
2024-04-20 12:00:00,32.0,30,1006.0,False,False,0.021025964497108363,0.14507993,0.7643748098570124,0.7231518101612413,0.7437633100091269,Low,False
2024-04-20 13:00:00,32.4,30,1005.4,False,False,0.04055269639217951,0.092368536,0.5765135381807118,0.5074536051110435,0.5419835716458776,Low,False
2024-04-20 14:00:00,32.5,30,1004.6,False,False,0.05062528909766506,0.08809572,0.45543048372376027,0.4857012473379982,0.4705658655308792,Low,False
2024-04-20 15:00:00,32.4,31,1003.9,False,False,0.0528803604599431,0.08169877,0.4251597201095224,0.4514755095832066,0.4383176148463645,Low,False
2024-04-20 16:00:00,32.1,31,1003.7,False,False,0.06538382580669377,0.06996435,0.26041983571645877,0.3738971706723456,0.3171585031944022,Low,False
2024-04-20 17:00:00,31.2,32,1004.0,False,False,0.06957688251041994,0.08676721,0.20124733799817462,0.4805293580772741,0.3408883480377244,Low,False
2024-04-20 18:00:00,30.6,26,1004.6,False,False,0.05532096831791977,0.3140494,0.3944326133252206,0.9390021296014603,0.6667173714633405,Low,False
2024-04-20 19:00:00,28.3,31,1005.1,False,False,0.04951924898115856,0.18022877,0.4700334651658047,0.8141162153939763,0.6420748402798905,Low,False
2024-04-20 20:00:00,26.9,35,1005.6,False,False,0.06599469667679331,0.16988981,0.25235777304533014,0.7894736842105263,0.5209157286279282,Low,False
2024-04-20 21:00:00,25.7,40,1006.3,False,False,0.05344059558254516,0.18823323,0.4186188013386066,0.8281107392759355,0.6233647703072711,Low,False
2024-04-20 22:00:00,24.9,44,1006.7,False,False,0.07058245140157687,0.1831425,0.18907818679647093,0.8197444478247642,0.5044113173106175,Low,False
2024-04-20 23:00:00,24.0,48,1006.7,False,False,0.0717980373834245,0.22838844,0.17158503194402186,0.8822634621235169,0.5269242470337694,Low,False
2024-04-21 00:00:00,23.0,51,1006.6,False,False,0.08075394165027183,0.19348495,0.08001216915120168,0.8373897170672345,0.4587009431092181,Low,False
2024-04-21 01:00:00,22.4,53,1006.1,False,False,0.0831359846042451,0.12764254,0.06038941283845456,0.6685427441435959,0.36446607849102525,Low,False
2024-04-21 02:00:00,21.9,53,1005.9,False,False,0.09135020229725088,0.08794245,0.017188926072406407,0.4849406753878917,0.25106480073014903,Low,False
2024-04-21 03:00:00,21.4,55,1005.8,False,False,0.09750968707979502,0.07051643,0.0030422878004259246,0.3784606023729845,0.19075144508670522,Low,False
2024-04-21 04:00:00,21.0,57,1005.9,False,False,0.09505185018296297,0.06983681,0.006084575600851849,0.373592941892303,0.18983875874657744,Low,False
2024-04-21 05:00:00,20.5,59,1006.1,False,False,0.08595246134590773,0.08430718,0.04274414359598422,0.4653179190751445,0.2540310313355644,Low,False
2024-04-21 06:00:00,21.5,62,1006.7,False,False,0.08154064384574994,0.121322714,0.07210222087009432,0.6467903863705506,0.3594463036203225,Low,False
2024-04-21 07:00:00,23.2,58,1007.7,False,False,0.07746513850204478,0.06339106,0.11028293276543966,0.33313051414663825,0.22170672345603895,Low,False
2024-04-21 08:00:00,25.5,52,1008.1,False,False,0.08682358228729237,0.034225773,0.03665956799513237,0.11180407666565258,0.07423182233039247,Low,False
2024-04-21 09:00:00,28.4,43,1008.5,False,False,0.05503009346462251,0.05057708,0.3989960450258594,0.24262245208396716,0.3208092485549133,Low,False
2024-04-21 10:00:00,30.9,35,1008.2,False,False,0.062117338498049846,0.041504055,0.3087922117432309,0.17264983267417097,0.24072102220870095,Low,False
2024-04-21 11:00:00,32.6,27,1007.8,False,False,0.06605900452009172,0.042490393,0.25098874353513845,0.18025555217523578,0.21562214785518713,Low,False
2024-04-21 12:00:00,33.3,24,1007.0,False,False,0.06437299012050396,0.028948199,0.272893215698205,0.07986005476118041,0.1763766352296927,Low,False
2024-04-21 13:00:00,33.9,23,1006.5,False,False,0.0673295101016288,0.035413664,0.23319135990264683,0.122299969577122,0.1777456647398844,Low,False
2024-04-21 14:00:00,32.5,25,1006.2,False,False,0.07056314810669184,0.07226398,0.1892303011864922,0.392607240644965,0.2909187709157286,Low,False
2024-04-21 15:00:00,32.9,24,1005.4,False,False,0.07179415224177271,0.007024974,0.17173714633404324,0.000608457560085184,0.08617280194706421,Low,False
2024-04-21 16:00:00,32.4,25,1005.1,False,False,0.077258414025273,0.0091489535,0.11362944934590813,0.001977487070276848,0.05780346820809249,Low,False
2024-04-21 17:00:00,31.7,27,1005.1,False,False,0.09122677084111219,0.014741711,0.017493154852449067,0.013994523881959233,0.01574383936720415,Low,False
2024-04-21 18:00:00,32.2,20,1004.1,False,False,0.04020141805987654,0.0860032,0.5794037115911166,0.476878612716763,0.5281411621539398,Low,False
2024-04-21 19:00:00,29.0,27,1004.4,False,False,0.0403780447374148,0.08260302,0.5778825676909036,0.45543048372376027,0.5166565257073319,Low,False
2024-04-21 20:00:00,27.0,31,1005.1,False,False,0.07162989333622427,0.07475848,0.17508366291451172,0.4087313659872224,0.29190751445086704,Low,False
2024-04-21 21:00:00,26.0,32,1005.9,False,False,0.07098059281044733,0.0776184,0.18405841192576822,0.4263766352296927,0.30521752357773047,Low,False
2024-04-21 22:00:00,24.9,31,1006.5,False,False,0.06828934919319951,0.105572164,0.21950106480073017,0.576057195010648,0.3977791299056891,Low,False
2024-04-21 23:00:00,24.0,30,1006.7,False,False,0.0650094861462644,0.13086982,0.2652874961971402,0.6817766960754488,0.4735320961362945,Low,False
2024-04-22 00:00:00,24.1,31,1006.4,False,False,0.07110517277374628,0.12890947,0.1822330392455126,0.6743230909644052,0.4282780651049589,Low,False
2024-04-22 01:00:00,23.2,35,1005.8,False,False,0.06884789759120963,0.096762404,0.21235168846972918,0.5322482506845148,0.37229996957712197,Low,False
2024-04-22 02:00:00,21.8,40,1005.4,False,False,0.07221707372716124,0.071633466,0.16610891390325522,0.38773958016428356,0.2769242470337694,Low,False
2024-04-22 03:00:00,20.9,45,1005.6,False,False,0.07674435195647106,0.08580633,0.11834499543656829,0.47550958320657133,0.2969272893215698,Low,False
2024-04-22 04:00:00,20.1,50,1005.9,False,False,0.06614763080454267,0.08875659,0.24946759963492549,0.4882871919683602,0.3688773958016428,Low,False
2024-04-22 05:00:00,19.7,54,1006.0,False,False,0.0620332913009109,0.092028864,0.30985701247337993,0.5062366899908731,0.40804685123212653,Low,False
2024-04-22 06:00:00,21.1,56,1007.2,False,False,0.04749734044691378,0.16571343,0.49650136902951014,0.7779129905689078,0.6372071797992089,Low,False
2024-04-22 07:00:00,23.0,46,1007.8,False,False,0.0688172720097896,0.06266278,0.21280803163979312,0.3271980529358077,0.2700030422878004,Low,False
2024-04-22 08:00:00,25.7,38,1008.3,False,False,0.06666844197979133,0.041805957,0.2417097657438394,0.17447520535442654,0.20809248554913296,Low,False
2024-04-22 09:00:00,29.1,31,1008.6,False,False,0.048212862570059745,0.096017644,0.4872223912382111,0.5279890477639184,0.5076057195010648,Low,False
2024-04-22 10:00:00,31.8,26,1008.4,False,False,0.0697021960307001,0.093684375,0.19926985092789773,0.5156677821721934,0.3574688165500456,Low,False
2024-04-22 11:00:00,33.8,19,1008.1,False,False,0.0610174180021425,0.08148314,0.32187404928506236,0.4498022512929723,0.38583815028901736,Low,False
2024-04-22 12:00:00,34.6,18,1007.7,False,False,0.061145640696320835,0.10148591,0.32050501977487067,0.5561302099178582,0.43831761484636445,Low,False
2024-04-22 13:00:00,35.2,17,1006.8,False,False,0.05229075673165395,0.049889788,0.4353513842409492,0.23775479160328566,0.33655308792211747,Low,False
2024-04-22 14:00:00,35.5,18,1005.8,False,False,0.04764498396048211,0.063627705,0.4948281107392759,0.3349558868268938,0.41489199878308486,Low,False
2024-04-22 15:00:00,35.3,17,1005.2,False,False,0.06523465774963677,0.028252019,0.26194097961667173,0.07560085184058411,0.16877091572862793,Low,False
2024-04-22 16:00:00,34.8,17,1004.9,False,False,0.06502236947264362,0.025304412,0.26513538180711893,0.05689078186796471,0.16101308183754182,Low,False
2024-04-22 17:00:00,33.7,17,1004.9,False,False,0.06828650664865737,0.029729994,0.21965317919075145,0.08290234256160633,0.1512777608761789,Low,False
2024-04-22 18:00:00,32.2,20,1005.1,False,False,0.07196735833890894,0.022729522,0.16899908731365987,0.04335260115606936,0.10617584423486462,Low,False
2024-04-22 19:00:00,29.6,25,1005.6,False,False,0.0584303582366999,0.06309847,0.3527532704593854,0.33024034073623365,0.34149680559780954,Low,False
2024-04-22 20:00:00,27.9,28,1006.4,False,False,0.0663726343476802,0.050052162,0.24566473988439308,0.23897170672345605,0.24231822330392455,Low,False
2024-04-22 21:00:00,26.3,31,1007.0,False,False,0.06554673608065731,0.042361952,0.2581381198661393,0.1794949802251293,0.21881655004563433,Low,False
2024-04-22 22:00:00,26.0,31,1007.1,False,False,0.07999759060087674,0.030532876,0.0850319440219045,0.0877700030422878,0.08640097353209615,Low,False
2024-04-22 23:00:00,24.4,35,1007.0,False,False,0.06709986182268912,0.066791296,0.23547307575296628,0.35655613020991783,0.29601460298144205,Low,False
2024-04-23 00:00:00,23.8,36,1007.0,False,False,0.07733585889623157,0.07041663,0.1125646486157591,0.3773958016428354,0.24498022512929726,Low,False
2024-04-23 01:00:00,22.8,38,1006.4,False,False,0.0694102945465706,0.064763725,0.20322482506845152,0.3434742926680864,0.27334955886826895,Low,False
2024-04-23 02:00:00,21.9,40,1005.9,False,False,0.07199337726966376,0.05528288,0.1688469729236386,0.2777608761788865,0.22330392455126255,Low,False
2024-04-23 03:00:00,21.1,43,1006.0,False,False,0.07369810008049155,0.07540267,0.14922421661089136,0.4119257681776696,0.2805749923942805,Low,False
2024-04-23 04:00:00,20.7,45,1005.7,False,False,0.0652376166760168,0.08757375,0.26178886522665046,0.48341953148767874,0.37260419835716463,Low,False
2024-04-23 05:00:00,20.8,46,1005.7,False,False,0.07138987508060746,0.105727814,0.17827806510495892,0.577121995740797,0.377700030422878,Low,False
2024-04-23 06:00:00,23.4,49,1006.6,False,False,0.05382736309288544,0.2623112,0.4148159415880742,0.9111651962275631,0.6629905689078186,Low,False
2024-04-23 07:00:00,24.4,46,1006.9,False,False,0.08689362974169218,0.051042117,0.036203224825068436,0.24703376939458474,0.1416184971098266,Low,False
2024-04-23 08:00:00,27.3,39,1007.4,False,False,0.06825089771995102,0.04060615,0.22071797992090048,0.16595679951323394,0.1933373897170672,Low,False
2024-04-23 09:00:00,30.5,27,1007.7,False,False,0.03236068309017903,0.041604277,0.6618497109826589,0.17341040462427745,0.4176300578034682,Low,False
2024-04-23 10:00:00,32.1,24,1007.7,False,False,0.07819629788243176,0.07250013,0.10222087009431091,0.3956495284453909,0.24893519926985092,Low,False
2024-04-23 11:00:00,33.1,23,1007.6,False,False,0.0745032859269274,0.10647429,0.1407058107696988,0.5810769698813508,0.3608913903255248,Low,False
2024-04-23 12:00:00,34.0,22,1007.2,False,False,0.05966639705697785,0.08941768,0.3387587465774262,0.4920900517188926,0.41542439914815943,Low,False
2024-04-23 13:00:00,34.7,20,1006.3,False,False,0.05275349962383358,0.048192214,0.426528749619714,0.22345603894128385,0.3249923942804989,Low,False
2024-04-23 14:00:00,35.3,18,1005.0,False,False,0.034638387361210776,0.048161,0.6425311834499543,0.22315181016124125,0.4328414968055978,Low,False
2024-04-23 15:00:00,35.2,17,1004.1,False,False,0.04436438975891477,0.03576884,0.5328567082446,0.1259507149376331,0.32940371159111653,Low,False
2024-04-23 16:00:00,34.6,18,1004.1,False,False,0.061854372585845585,0.046913866,0.3121387283236994,0.21478551871006998,0.2634621235168847,Low,False
2024-04-23 17:00:00,33.4,19,1004.2,False,False,0.06665786594018464,0.047670104,0.24186188013386067,0.22010952236081532,0.230985701247338,Low,False
2024-04-23 18:00:00,31.7,21,1004.8,False,False,0.06456424206256256,0.09104251,0.27091572862792823,0.5001521143900213,0.38553392150897475,Low,False
2024-04-23 19:00:00,29.4,24,1005.2,False,False,0.07253022519973096,0.08160311,0.1630666261028293,0.4501064800730149,0.3065865530879221,Low,False
2024-04-23 20:00:00,27.8,28,1005.7,False,False,0.07386076818332726,0.049256533,0.14663827198052937,0.23227867356251902,0.1894584727715242,Low,False
2024-04-23 21:00:00,27.5,31,1006.5,False,False,0.07300867022208707,0.04469709,0.1578947368421053,0.19516276239732278,0.17652874961971404,Low,False
2024-04-23 22:00:00,27.1,32,1006.7,False,False,0.07769136578064284,0.018145295,0.10906601764526924,0.02479464557347125,0.06693033160937024,Low,False
2024-04-23 23:00:00,25.7,34,1006.6,False,False,0.06559636918082895,0.07848534,0.2575296623060541,0.4318527532704594,0.3446912077882568,Low,False
2024-04-24 00:00:00,24.0,38,1006.1,False,False,0.06426738936596105,0.122434296,0.27593550349863094,0.649528445390934,0.4627319744447825,Low,False
2024-04-24 01:00:00,22.9,41,1005.2,False,False,0.05627726273019357,0.094557464,0.3837846060237299,0.5212960146029815,0.4525403103133557,Low,False
2024-04-24 02:00:00,22.4,43,1004.5,False,False,0.06422112277095743,0.079311706,0.2763918466686949,0.43672041375114085,0.35655613020991783,Low,False
2024-04-24 03:00:00,21.6,47,1004.6,False,False,0.07710675174295956,0.09651704,0.11484636446607854,0.5305749923942805,0.32271067843017953,Low,False
2024-04-24 04:00:00,20.8,50,1005.0,False,False,0.05808574881424372,0.12134054,0.3588378460602373,0.6469425007605719,0.5028901734104045,Low,False
2024-04-24 05:00:00,20.2,52,1005.4,False,False,0.04535289707673135,0.120087214,0.5212960146029815,0.6411621539397627,0.5812290842713721,Low,False
2024-04-24 06:00:00,21.5,55,1006.5,False,False,0.04299381817326359,0.16948716,0.5494371767569213,0.7884088834803773,0.6689230301186493,Low,False
2024-04-24 07:00:00,23.7,49,1007.1,False,False,0.07271759759288016,0.043221906,0.16063279586248858,0.18588378460602373,0.17325829023425615,Low,False
2024-04-24 08:00:00,27.2,40,1007.5,False,False,0.06330097117948758,0.026030984,0.2902342561606328,0.06069364161849711,0.17546394888956496,Low,False
2024-04-24 09:00:00,30.3,32,1007.8,False,False,0.06213144792140024,0.031787395,0.30833586857316697,0.0956799513233952,0.20200790994828108,Low,False
2024-04-24 10:00:00,32.2,26,1007.6,False,False,0.07992432753201234,0.028305044,0.08594463036203226,0.0762093094006693,0.08107696988135078,Low,False
2024-04-24 11:00:00,33.5,23,1007.4,False,False,0.07703264682354427,0.061238863,0.11606327958624885,0.3179190751445087,0.21699117736537876,Low,False
2024-04-24 12:00:00,34.5,21,1006.9,False,False,0.06855292799498519,0.054305863,0.21661089139032552,0.2712199574079708,0.24391542439914815,Low,False
2024-04-24 13:00:00,35.1,20,1006.2,False,False,0.06469268228318698,0.04293712,0.26939458472771527,0.18375418314572559,0.2265743839367204,Low,False
2024-04-24 14:00:00,35.3,19,1005.7,False,False,0.07386985289887366,0.032348607,0.14633404320048682,0.0993306966839063,0.12283236994219657,Low,False
2024-04-24 15:00:00,35.1,20,1005.0,False,False,0.0661791082030671,0.03630933,0.24901125646486155,0.1299056890781868,0.18945847277152417,Low,False
2024-04-24 16:00:00,34.7,20,1004.7,False,False,0.07168852382170898,0.019642206,0.17356251901429876,0.02951019166413143,0.1015363553392151,Low,False
2024-04-24 17:00:00,33.9,21,1004.6,False,False,0.07150929120463473,0.020032616,0.17630057803468213,0.0305749923942805,0.10343778521448131,Low,False
2024-04-24 18:00:00,32.6,12,1005.2,False,True,0.04597914056990193,0.33438617,0.5139945238819592,0.9473684210526315,0.7306814724672954,Low,True
2024-04-24 19:00:00,29.6,16,1005.7,False,False,0.034075192574823776,0.19181496,0.6470946151505932,0.8334347429266808,0.740264679038637,Low,False
2024-04-24 20:00:00,28.5,21,1006.3,False,False,0.06366259024603288,0.08544436,0.28430179494980223,0.47368421052631576,0.378993002738059,Low,False
2024-04-24 21:00:00,27.5,24,1007.1,False,False,0.057596350739078594,0.0936664,0.3662914511712808,0.5153635533921509,0.44082750228171586,Low,False
2024-04-24 22:00:00,26.2,26,1007.2,False,False,0.06520602508265821,0.10897986,0.2622452083967143,0.5929418923030119,0.42759355034986307,Low,False
2024-04-24 23:00:00,25.3,27,1007.1,False,False,0.06117499493412992,0.124280296,0.3198965622147856,0.656221478551871,0.48805902038332827,Low,False
2024-04-25 00:00:00,25.2,27,1006.6,False,False,0.06675943114634325,0.11213897,0.2403407362336477,0.6049589291146943,0.422649832674171,Low,False
2024-04-25 01:00:00,24.0,29,1006.2,False,False,0.06697753941921686,0.11917218,0.23775479160328572,0.6365987222391238,0.4371767569212048,Low,False
2024-04-25 02:00:00,24.0,29,1005.8,False,False,0.07890921385623129,0.07457346,0.09507149376331003,0.40766656525707334,0.2513690295101917,Low,False
2024-04-25 03:00:00,23.9,30,1005.5,False,False,0.079308321914489,0.08320921,0.09263766352296932,0.45908122908427135,0.27585944630362036,Low,False
2024-04-25 04:00:00,23.7,31,1005.6,False,False,0.08359763031660916,0.1314539,0.05780346820809246,0.6836020687557043,0.37070276848189837,Low,False
2024-04-25 05:00:00,22.9,33,1006.0,False,False,0.07372240528817003,0.21813247,0.14907210222087008,0.8719196836020687,0.5104958929114694,Low,False
2024-04-25 06:00:00,24.1,37,1007.1,False,True,0.0515433841092911,0.35809782,0.445543048372376,0.9551262549437177,0.7003346516580469,Low,True
2024-04-25 07:00:00,26.5,33,1007.5,False,False,0.06227819679963609,0.19933322,0.30666261028293273,0.8456038941283845,0.5761332522056586,Low,False
2024-04-25 08:00:00,30.5,27,1007.9,False,False,0.03268537701497021,0.2577587,0.6591116519622756,0.9087313659872224,0.783921508974749,Medium,False
2024-04-25 09:00:00,34.4,19,1007.9,False,False,0.013159167901643343,0.26338553,0.8145725585640402,0.9123821113477335,0.8634773349558869,Medium,False
2024-04-25 10:00:00,36.8,13,1007.7,False,False,0.022537539031989018,0.22059843,0.7520535442652875,0.8755704289625799,0.8138119866139337,Medium,False
2024-04-25 11:00:00,37.9,12,1007.1,False,False,0.006938310147412974,0.1932728,0.8530574992394281,0.8369333738971707,0.8449954365682995,Medium,False
2024-04-25 12:00:00,38.7,12,1006.5,False,False,0.011617721786790491,0.17244165,0.8255247946455735,0.7957103742013995,0.8106175844234864,Medium,False
2024-04-25 13:00:00,39.1,11,1005.7,False,False,0.013168198420243304,0.119427726,0.8144204441740188,0.6381198661393368,0.7262701551566778,Low,False
2024-04-25 14:00:00,38.9,11,1004.9,False,False,0.012259598224729329,0.1131337,0.8214177061149985,0.6119561910556739,0.7166869485853362,Low,False
2024-04-25 15:00:00,38.6,12,1004.2,False,False,0.019682586534566282,0.11087103,0.7722847581381198,0.6002433830240341,0.686264070581077,Low,False
2024-04-25 16:00:00,38.0,12,1003.9,False,False,0.03294036502024206,0.09897139,0.6569820505019774,0.5435047155460907,0.6002433830240341,Low,False
2024-04-25 17:00:00,37.3,12,1003.7,False,False,0.03840047213747505,0.094794095,0.600699726194098,0.5214481289930027,0.5610739275935503,Low,False
2024-04-25 18:00:00,34.4,26,1003.8,True,False,-0.009685206790710832,0.1365126,0.9230301186492242,0.6980529358077274,0.8105415272284758,Medium,True
2024-04-25 19:00:00,33.1,20,1003.9,False,False,0.03385591059765192,0.227267,0.6486157590508062,0.8808944326133252,0.7647550958320657,Medium,False
2024-04-25 20:00:00,30.7,21,1004.5,False,False,0.03810027216432471,0.13573503,0.6055673866747795,0.6963796775174932,0.6509735320961363,Low,False
2024-04-25 21:00:00,30.2,18,1005.0,False,False,0.04308989460107249,0.12223808,0.5480681472467295,0.6489199878308488,0.5984940675387891,Low,False
2024-04-25 22:00:00,28.5,21,1005.1,False,False,0.04299397883781153,0.081295416,0.5492850623668999,0.44858533617280194,0.4989351992698509,Low,False
2024-04-25 23:00:00,27.4,24,1005.3,False,False,0.04134377306535719,0.080010384,0.5676909035594767,0.44021904472163065,0.5039549741405537,Low,False
2024-04-26 00:00:00,26.7,26,1005.0,False,False,0.05528530006374349,0.09334016,0.3950410708853057,0.5136902951019167,0.4543656829936112,Low,False
2024-04-26 01:00:00,26.6,26,1004.3,False,False,0.05500684950717111,0.10518401,0.3991481594158808,0.5737754791603286,0.48646181928810467,Low,False
2024-04-26 02:00:00,25.4,29,1004.0,False,False,0.03879793903858242,0.099058345,0.5958320657134165,0.5444174018862185,0.5701247337998174,Low,False
2024-04-26 03:00:00,24.5,31,1004.3,False,False,0.04148515350491788,0.13455455,0.5661697596592637,0.6927289321569821,0.629449345908123,Low,False
2024-04-26 04:00:00,23.2,34,1004.3,False,False,0.022848765345658106,0.12914999,0.7496197140249468,0.6756921204745969,0.7126559172497718,Low,False
2024-04-26 05:00:00,23.5,33,1004.2,False,False,0.03261634175949585,0.16961485,0.6603285670824459,0.7887131122604198,0.7245208396714329,Low,False
2024-04-26 06:00:00,24.8,37,1005.5,False,False,0.028024632282343975,0.22928374,0.705050197748707,0.8834803772436872,0.7942652874961971,Medium,False
2024-04-26 07:00:00,26.8,34,1005.9,False,False,0.05253656731175976,0.085522406,0.4310921813203529,0.4745968968664436,0.4528445390933982,Low,False
2024-04-26 08:00:00,29.9,30,1006.6,False,False,0.02951287345191944,0.09303304,0.6890781867964709,0.5111043504715546,0.6000912686340127,Low,False
2024-04-26 09:00:00,33.0,24,1006.7,False,False,0.03625163760834893,0.0769065,0.6233647703072711,0.4218132035290538,0.5225889869181625,Low,False
2024-04-26 10:00:00,35.8,20,1006.0,False,False,0.027316654664772677,0.11721641,0.7131122604198357,0.6280803163979313,0.6705962884088834,Low,False
2024-04-26 11:00:00,37.8,17,1005.1,False,False,0.020736162138837166,0.103692085,0.7666565257073319,0.5655613020991785,0.6661089139032552,Low,False
2024-04-26 12:00:00,38.9,14,1004.0,False,False,0.006718878462666056,0.07235724,0.854578643139641,0.3932156982050502,0.6238971706723456,Low,False
2024-04-26 13:00:00,39.2,13,1003.0,False,False,0.003401534373755122,0.082380876,0.8690295101916641,0.4545177973836325,0.6617736537876483,Low,False
2024-04-26 14:00:00,39.7,13,1001.9,True,False,-0.003281533181553109,0.12480991,0.8994523881959233,0.6588074231822331,0.7791299056890781,Medium,True
2024-04-26 15:00:00,39.0,13,1001.2,False,False,0.013079224938566003,0.1441355,0.8153331305141467,0.7205658655308792,0.767949498022513,Medium,False
2024-04-26 16:00:00,39.4,12,1000.3,True,False,-0.008292595235296796,0.26386428,0.9181624581685428,0.9132947976878613,0.915728627928202,High,True
2024-04-26 17:00:00,36.3,14,1001.4,True,False,-0.008969529059233983,0.29260656,0.9210526315789473,0.9272893215698205,0.924170976574384,High,True
2024-04-26 18:00:00,36.1,12,1000.2,False,True,0.004206100985788719,0.44640023,0.8649224216610891,0.9741405536963796,0.9195314876787344,High,True
2024-04-26 19:00:00,32.2,22,1001.1,True,False,-0.023744203848961254,0.17033263,0.9612108305445695,0.7911469425007606,0.876178886522665,Medium,True
2024-04-26 20:00:00,29.6,29,1002.1,True,False,-0.0013490253899444138,0.16346306,0.8901734104046243,0.7722847581381199,0.8312290842713721,Medium,True
2024-04-26 21:00:00,28.6,32,1002.7,False,False,0.04138407016797746,0.21033232,0.5670824459993915,0.8599026467903864,0.7134925463948889,Low,False
2024-04-26 22:00:00,27.6,34,1003.0,False,False,0.054480788473975805,0.23420598,0.4053848494067539,0.8883480377243688,0.6468664435655613,Low,False
2024-04-26 23:00:00,26.2,39,1003.1,False,False,0.03587044007063184,0.20498513,0.6288408883480378,0.8522969272893216,0.7405689078186797,Low,False
2024-04-27 00:00:00,24.9,44,1003.0,False,False,0.033348009173244486,0.08475771,0.6533313051414664,0.46775174931548524,0.5605415272284758,Low,False
2024-04-27 01:00:00,23.9,48,1003.1,False,False,0.028808743145671944,0.06338229,0.6963796775174931,0.33297839975661697,0.514679038637055,Low,False
2024-04-27 02:00:00,23.3,51,1003.0,False,False,0.031593211264583976,0.09549741,0.6702160024338302,0.5258594463036204,0.5980377243687253,Low,False
2024-04-27 03:00:00,23.1,52,1003.1,False,False,0.02812144808269651,0.10016643,0.7041375114085793,0.5501977487070276,0.6271676300578035,Low,False
2024-04-27 04:00:00,22.9,52,1003.3,False,False,0.026992273761359598,0.102355115,0.7164587770003042,0.5608457560085184,0.6386522665044113,Low,False
2024-04-27 05:00:00,22.3,55,1003.8,False,False,0.011141610607260877,0.060457762,0.8275022817158504,0.31183449954365683,0.5696683906297536,Low,False
2024-04-27 06:00:00,22.4,57,1005.7,True,False,-0.019312647842698483,0.065157585,0.9523881959233343,0.3468208092485549,0.6496045025859446,Low,True
2024-04-27 07:00:00,23.9,53,1006.6,False,False,0.01333366174472378,0.14370094,0.8136598722239123,0.7198052935807727,0.7667325829023426,Medium,False
2024-04-27 08:00:00,26.3,45,1007.2,False,False,0.017653934970338292,0.11006581,0.786735625190143,0.5968968664435655,0.6918162458168542,Low,False
2024-04-27 09:00:00,28.9,38,1007.4,False,False,0.012958238283868051,0.100347616,0.816550045634317,0.5511104350471555,0.6838302403407363,Low,False
2024-04-27 10:00:00,31.8,30,1007.3,False,False,0.011383673885300594,0.07537488,0.8265895953757225,0.4117736537876483,0.6191816245816855,Low,False
2024-04-27 11:00:00,33.0,27,1007.0,False,False,0.024609622050543345,0.07570001,0.7372984484332218,0.41329479768786126,0.5752966230605415,Low,False
2024-04-27 12:00:00,34.5,24,1006.4,False,False,0.02740451980658809,0.06533964,0.7118953452996654,0.3475813811986614,0.5297383632491633,Low,False
2024-04-27 13:00:00,34.7,23,1006.1,False,False,0.02378873110318447,0.050807588,0.7435351384240949,0.2447520535442653,0.4941435959841801,Low,False
2024-04-27 14:00:00,35.0,23,1005.3,False,False,0.025688824293501777,0.053007096,0.7263462123516884,0.2602677213264375,0.49330696683906294,Low,False
2024-04-27 15:00:00,35.3,22,1004.5,False,False,0.039869966542373736,0.053430304,0.584727715241862,0.26467903863705505,0.4247033769394585,Low,False
2024-04-27 16:00:00,34.6,22,1004.2,False,False,0.05509591781900458,0.023344474,0.3976270155156678,0.04654700334651658,0.2220870094310922,Low,False
2024-04-27 17:00:00,33.7,24,1004.1,False,False,0.06883707674094913,0.017103847,0.21265591724977184,0.02175235777304533,0.11720413751140858,Low,False
2024-04-27 18:00:00,32.0,26,1005.5,False,False,0.045599927000424256,0.18504842,0.5185579555825981,0.8223303924551263,0.6704441740188622,Low,False
2024-04-27 19:00:00,29.9,30,1006.1,False,False,0.06807562563524794,0.06424464,0.22360815333130513,0.33830240340736234,0.28095527836933376,Low,False
2024-04-27 20:00:00,28.4,33,1006.9,False,False,0.06442331975319326,0.054040905,0.2724368725281412,0.26848189838758746,0.2704593854578643,Low,False
2024-04-27 21:00:00,27.6,34,1007.5,False,False,0.05937076004381403,0.03955324,0.3427137207179799,0.1569820505019775,0.2498478856099787,Low,False
2024-04-27 22:00:00,26.5,38,1007.7,False,False,0.06374940371143173,0.07173276,0.28308487982963193,0.3886522665044113,0.3358685731670216,Low,False
2024-04-27 23:00:00,25.5,40,1007.8,False,False,0.06328791544037654,0.09498774,0.2903863705506541,0.5229692728932157,0.4066778217219349,Low,False
2024-04-28 00:00:00,24.8,43,1007.4,False,False,0.0625713717196617,0.22728807,0.3019470641922726,0.8810465470033465,0.5914968055978096,Low,False
2024-04-28 01:00:00,24.0,45,1006.9,False,False,0.07287035791459534,0.14533316,0.15956799513233955,0.7237602677213264,0.441664131426833,Low,False
2024-04-28 02:00:00,23.4,47,1006.5,False,False,0.08359509581588082,0.07047972,0.05795558259811373,0.3780042592029206,0.21797992090051715,Low,False
2024-04-28 03:00:00,23.1,48,1006.2,False,False,0.08704830811463976,0.042465083,0.03589899604502589,0.17995132339519318,0.10792515972010953,Low,False
2024-04-28 04:00:00,22.6,50,1006.2,False,False,0.091535061870121,0.05395452,0.016124125342257378,0.26817766960754486,0.14215089747490112,Low,False
2024-04-28 05:00:00,22.3,51,1006.6,False,False,0.08582720902321322,0.10968913,0.04380894432613325,0.5955278369333739,0.31966839062975355,Low,False
2024-04-28 06:00:00,23.8,45,1007.7,False,False,0.06149225916977069,0.12638724,0.31609370246425317,0.6630666261028293,0.48958016428354123,Low,False
2024-04-28 07:00:00,25.5,42,1008.3,False,False,0.08388382657259175,0.07498797,0.05552175235777301,0.41010039549741406,0.23281107392759354,Low,False
2024-04-28 08:00:00,27.1,39,1008.9,False,False,0.07534182174117587,0.08764508,0.13157894736842102,0.48372376026772135,0.3076513538180712,Low,False
2024-04-28 09:00:00,29.9,33,1008.9,False,False,0.06396908700685205,0.073545255,0.2794341344691208,0.40036507453605114,0.33989960450258594,Low,False
2024-04-28 10:00:00,32.4,28,1008.5,False,False,0.061274424243648984,0.06369927,0.3185275327045939,0.3357164587770003,0.3271219957407971,Low,False
2024-04-28 11:00:00,34.3,24,1008.2,False,False,0.0681285533619213,0.062522255,0.22269546699117737,0.32613325220565864,0.274414359598418,Low,False
2024-04-28 12:00:00,34.6,22,1007.8,False,False,0.06635353376917158,0.06587728,0.24596896866443563,0.3510800121691512,0.2985244904167934,Low,False
2024-04-28 13:00:00,36.2,19,1006.8,False,False,0.040109821489512254,0.033271868,0.5806206267112869,0.10556738667477944,0.34309400669303314,Low,False
2024-04-28 14:00:00,35.9,19,1006.0,False,False,0.06529248968713713,0.04463543,0.2613325220565865,0.1947064192272589,0.2280194706419227,Low,False
2024-04-28 15:00:00,35.8,19,1005.2,False,False,0.0640779943765532,0.038301006,0.27791299056890784,0.1449650136902951,0.21143900212960148,Low,False
2024-04-28 16:00:00,35.6,19,1004.6,False,False,0.06382361547681081,0.038198575,0.28156373592941897,0.14420444174018862,0.2128840888348038,Low,False
2024-04-28 17:00:00,34.5,20,1004.5,False,False,0.06306071661383078,0.037270244,0.2941892303011865,0.13720717979920902,0.21569820505019777,Low,False
2024-04-28 18:00:00,32.9,23,1004.9,False,False,0.06702405773091114,0.045193713,0.23668999087313658,0.1986613933678126,0.2176756921204746,Low,False
2024-04-28 19:00:00,29.3,29,1005.3,False,False,0.05504899413380604,0.08730388,0.39869181624581684,0.4822026163675084,0.4404472163066626,Low,False
2024-04-28 20:00:00,28.1,33,1005.8,False,False,0.08176888391510861,0.024306754,0.06982050501977488,0.05141466382719805,0.06061758442348647,Low,False
2024-04-28 21:00:00,29.8,28,1006.5,False,False,0.06285293064844477,0.18095028,0.29768786127167635,0.8157894736842105,0.5567386674779434,Low,False
2024-04-28 22:00:00,27.8,31,1006.7,False,False,0.06960487228019596,0.069660276,0.20063888043808942,0.37252814116215394,0.2865835108001217,Low,False
2024-04-28 23:00:00,29.7,26,1006.2,False,False,0.047976937027448485,0.1506879,0.490264679038637,0.7398843930635838,0.6150745360511104,Low,False
2024-04-29 00:00:00,30.7,25,1005.4,False,False,0.058368915968290525,0.12552214,0.35397018557955584,0.660328567082446,0.5071493763310009,Low,False
2024-04-29 01:00:00,25.4,35,1006.0,False,True,0.01876516183255883,0.48184675,0.7794341344691208,0.9785518710069973,0.878993002738059,Medium,True
2024-04-29 02:00:00,24.4,38,1005.5,False,False,0.07685237625264851,0.0658706,0.11712808031639799,0.3509278977791299,0.23402798904776395,Low,False
2024-04-29 03:00:00,23.6,42,1006.0,False,False,0.07666771591890881,0.107740715,0.11925768177669605,0.587313659872224,0.35328567082446,Low,False
2024-04-29 04:00:00,23.9,44,1007.3,False,False,0.056083706897680274,0.18579511,0.3856099787039854,0.8244599939154243,0.6050349863097049,Low,False
2024-04-29 05:00:00,21.1,70,1006.8,True,True,-0.03842136331108781,0.4733989,0.9770307271067843,0.976878612716763,0.9769546699117737,High,True
2024-04-29 06:00:00,23.6,49,1007.0,False,True,0.041825030791077356,0.38494816,0.5617584423486461,0.9630362032248251,0.7623973227867356,Medium,True
2024-04-29 07:00:00,24.3,48,1008.8,False,False,0.03267493838672991,0.13518395,0.6595679951323395,0.694706419227259,0.6771372071797992,Low,False
2024-04-29 08:00:00,23.0,56,1009.4,False,False,0.03318245665357261,0.1507706,0.654700334651658,0.7400365074536052,0.6973684210526316,Low,False
2024-04-29 09:00:00,23.2,60,1009.0,False,False,0.04780283997449486,0.27971724,0.49315485244904167,0.9222695466991178,0.7077121995740797,Low,False
2024-04-29 10:00:00,26.2,41,1008.8,False,False,0.05579073306722321,0.22903067,0.3886522665044113,0.8831761484636447,0.635914207484028,Low,False
2024-04-29 11:00:00,28.9,37,1007.8,False,False,0.0625715824582409,0.2122231,0.3017949498022513,0.8635533921508974,0.5826741709765744,Low,False
2024-04-29 12:00:00,31.4,31,1006.4,False,False,0.04413365083824511,0.16689782,0.5357468816550046,0.7803468208092486,0.6580468512321266,Low,False
2024-04-29 13:00:00,32.8,28,1005.8,False,False,0.07936428968035819,0.081311695,0.09172497718284145,0.44873745056282327,0.27023121387283233,Low,False
2024-04-29 14:00:00,33.9,19,1004.8,False,False,0.04468907367221203,0.119801745,0.5290538484940676,0.6400973532096136,0.5845756008518406,Low,False
2024-04-29 15:00:00,34.4,16,1003.8,False,False,0.03550546072424554,0.09064707,0.6334043200486765,0.49847885609978704,0.5659415880742318,Low,False
2024-04-29 16:00:00,34.1,15,1003.7,False,False,0.050750008736819396,0.08964969,0.45421356860358986,0.493306966839063,0.4737602677213264,Low,False
2024-04-29 17:00:00,32.9,14,1004.1,False,False,0.0501938786038838,0.13293427,0.46060237298448437,0.6880133860663219,0.5743078795254031,Low,False
2024-04-29 18:00:00,29.5,17,1006.7,False,True,0.01682214406171112,0.7483851,0.7916032856708245,0.9963492546394889,0.8939762701551567,Medium,True
2024-04-29 19:00:00,28.6,17,1007.6,False,False,0.05147378041219025,0.21676694,0.44599939154243995,0.8693337389717067,0.6576665652570733,Low,False
2024-04-29 20:00:00,26.6,27,1008.7,False,False,0.016849381132182484,0.20915915,0.7914511712808032,0.857620930940067,0.8245360511104352,Medium,False
2024-04-29 21:00:00,25.8,29,1009.4,False,False,0.05229818224482807,0.1263691,0.43519926985092794,0.662914511712808,0.549056890781868,Low,False
2024-04-29 22:00:00,23.5,45,1010.1,False,True,0.019147625703050286,0.3526199,0.7766960754487374,0.9529966534834196,0.8648463644660784,Medium,True
2024-04-29 23:00:00,22.4,53,1009.9,False,True,0.024204397317526827,0.50119513,0.7403407362336477,0.9822026163675084,0.8612716763005781,Medium,True
2024-04-30 00:00:00,21.5,59,1009.3,False,True,0.037384240414622905,0.38330454,0.611043504715546,0.9627319744447824,0.7868877395801642,Medium,True
2024-04-30 01:00:00,20.8,64,1008.8,False,False,0.03643190054619827,0.28598982,0.6210830544569517,0.923942804989352,0.7725129297231519,Medium,False
2024-04-30 02:00:00,20.2,66,1008.1,False,False,0.03311578138420229,0.29951397,0.6556130209917859,0.930635838150289,0.7931244295710375,Medium,False
2024-04-30 03:00:00,19.8,67,1007.2,False,True,0.027190845727886492,0.35375354,0.7144812899300275,0.9531487678734408,0.8338150289017341,Medium,True
2024-04-30 04:00:00,19.3,68,1007.2,False,False,0.04203511047398989,0.1922253,0.5599330696683906,0.83449954365683,0.6972163066626103,Low,False
2024-04-30 05:00:00,18.5,72,1007.5,False,False,0.02399953489423412,0.1404316,0.7423182233039245,0.7102220870094311,0.7262701551566778,Low,False
2024-04-30 06:00:00,18.7,77,1008.5,True,False,-0.009392359600357447,0.17008239,0.9221174323090965,0.790842713720718,0.8564800730149073,Medium,True
2024-04-30 07:00:00,21.0,68,1009.1,False,True,0.02535095626755718,0.34449998,0.7306054152722847,0.9501064800730149,0.8403559476726499,Medium,True
2024-04-30 08:00:00,23.8,57,1009.5,False,False,0.03433914477201744,0.24088262,0.6446607849102526,0.8951931852753271,0.7699269850927899,Medium,False
2024-04-30 09:00:00,26.8,46,1009.2,False,False,0.03797770795827432,0.23152474,0.6067843017949498,0.8859142074840279,0.7463492546394889,Low,False
2024-04-30 10:00:00,29.1,37,1008.6,False,False,0.03731992520763744,0.22972015,0.6119561910556739,0.8842409491937937,0.7480985701247338,Low,False
2024-04-30 11:00:00,30.7,30,1007.6,False,True,0.025611280363179334,0.33150387,0.7274110130818375,0.9469120778825677,0.8371615454822026,Medium,True
2024-04-30 12:00:00,32.3,21,1006.4,False,True,0.0012213034383785626,0.3194504,0.879221174323091,0.9412838454517798,0.9102525098874354,High,True
2024-04-30 13:00:00,33.4,16,1005.2,True,False,-0.014214775692528048,0.27900457,0.9374809857012474,0.9218132035290538,0.9296470946151506,High,True
2024-04-30 14:00:00,34.1,14,1003.7,True,True,-0.04994316707523283,0.3776324,0.9878308487982963,0.9606023729844844,0.9742166108913903,High,True
2024-04-30 15:00:00,34.9,11,1002.3,True,True,-0.06761564890869642,0.52989155,0.9955886826893824,0.9843322178278066,0.9899604502585945,High,True
2024-04-30 16:00:00,33.9,11,1001.6,True,True,-0.053905087442809974,0.45882392,0.9913294797687862,0.9756616975965926,0.9834955886826894,High,True
2024-04-30 17:00:00,33.5,11,1001.2,True,True,-0.054685055161880936,0.6231904,0.9914815941588074,0.99178582293885,0.9916337085488287,High,True
2024-04-30 18:00:00,29.4,23,1002.8,True,True,-0.08776334982706502,0.35542175,0.998935199269851,0.953757225433526,0.9763462123516885,High,True
2024-04-30 19:00:00,27.8,24,1003.9,True,True,-0.020666405395661003,0.45448926,0.9545177973836325,0.9750532400365075,0.96478551871007,High,True
2024-04-30 20:00:00,26.0,26,1005.0,True,True,-0.011910634930455744,0.34756187,0.9292668086400974,0.9514755095832066,0.9403711591116519,High,True
2024-04-30 21:00:00,24.1,35,1005.9,False,False,0.00032404063283897333,0.29674733,0.8837846060237299,0.9295710374201399,0.9066778217219349,High,False
2024-04-30 22:00:00,22.8,37,1006.1,False,True,0.029658909807319667,0.44291243,0.6880133860663219,0.9738363249163371,0.8309248554913296,Medium,True
2024-04-30 23:00:00,21.7,39,1005.3,False,True,0.006260918314687336,1.4045461,0.8568603589899605,0.9995436568299361,0.9282020079099482,High,True
2024-05-01 00:00:00,20.7,42,1005.0,False,True,0.01343542324404512,0.9543855,0.8128993002738059,0.9986309704898083,0.905765135381807,High,True
2024-05-01 01:00:00,19.8,45,1004.4,False,True,0.0020841291742564327,0.87289834,0.8748098570124734,0.9980225129297231,0.9364161849710982,High,True
2024-05-01 02:00:00,18.9,48,1003.7,True,True,-0.017830396801453485,0.8311268,0.9487374505628232,0.9968055978095528,0.9727715241861881,High,True
2024-05-01 03:00:00,18.0,51,1003.8,True,True,-0.0026978631807799136,0.6502242,0.8962579860054761,0.9925463948889565,0.9444021904472163,High,True
2024-05-01 04:00:00,17.3,54,1003.9,False,True,0.0018191701647513048,0.5907394,0.8757225433526011,0.9885914207484028,0.932156982050502,High,True
2024-05-01 05:00:00,16.7,57,1004.2,False,True,0.008202719665688862,0.4828012,0.843778521448129,0.9787039853970185,0.9112412534225738,High,True
2024-05-01 06:00:00,17.9,64,1005.2,True,True,-0.01903902938472346,0.387082,0.9511712808031639,0.9634925463948889,0.9573319135990264,High,True
2024-05-01 07:00:00,19.5,58,1005.9,False,True,0.03247316542627965,0.32872033,0.6610891390325524,0.9456951627623973,0.8033921508974748,Medium,True
2024-05-01 08:00:00,21.8,50,1006.1,False,True,0.05692366315386932,0.37759152,0.37313659872223914,0.9604502585944631,0.6667934286583511,Low,True
2024-05-01 09:00:00,24.4,40,1006.3,False,False,0.05615827241987181,0.13081597,0.3850015211439002,0.6816245816854274,0.5333130514146638,Low,False
2024-05-01 10:00:00,26.8,29,1006.1,False,False,0.05561142702394395,0.09198993,0.3901734104046243,0.5057803468208093,0.4479768786127168,Low,False
2024-05-01 11:00:00,28.4,22,1005.6,False,False,0.05879103262918872,0.09100721,0.34879829631883175,0.4998478856099787,0.42432309096440524,Low,False
2024-05-01 12:00:00,29.6,19,1005.1,False,False,0.06299421972060093,0.122698195,0.2954061454213569,0.6508974749011256,0.47315181016124125,Low,False
2024-05-01 13:00:00,30.2,19,1004.7,False,False,0.05984713629513255,0.083980136,0.3361728019470642,0.46364466078491023,0.39990873136598726,Low,False
2024-05-01 14:00:00,30.6,18,1004.0,False,False,0.05337320339453011,0.06196317,0.41968360206875566,0.32263462123516884,0.37115911165196225,Low,False
2024-05-01 15:00:00,30.7,19,1003.4,False,False,0.0650579381679321,0.054355804,0.2640705810769699,0.27198052935807726,0.2680255552175236,Low,False
2024-05-01 16:00:00,30.5,18,1003.1,False,False,0.06572110175241436,0.04451743,0.2557042896257986,0.1944021904472163,0.22505324003650745,Low,False
2024-05-01 17:00:00,29.6,19,1003.1,False,False,0.06815518242120205,0.047576632,0.22223912382111344,0.21934895041070884,0.22079403711591114,Low,False
2024-05-01 18:00:00,28.1,21,1004.0,False,False,0.051814436762658456,0.16359638,0.4425007605719501,0.7731974444782477,0.6078491025250989,Low,False
2024-05-01 19:00:00,25.4,27,1004.6,False,False,0.04337299057336408,0.16821374,0.5450258594463036,0.7853665956799514,0.6651962275631275,Low,False
2024-05-01 20:00:00,24.7,29,1005.1,False,False,0.07070254761348066,0.08418568,0.18786127167630062,0.4644052327350167,0.3261332522056587,Low,False
2024-05-01 21:00:00,24.0,30,1005.8,False,False,0.06135254446263627,0.11405454,0.31761484636446613,0.615606936416185,0.4666108913903256,Low,False
2024-05-01 22:00:00,22.2,35,1006.0,False,False,0.05909975971829495,0.17001522,0.3460602372984485,0.7903863705506541,0.5682233039245512,Low,False
2024-05-01 23:00:00,21.7,37,1006.0,False,False,0.06741023627003423,0.1377119,0.23151810161241249,0.7023121387283237,0.46691512017036807,Low,False
2024-05-02 00:00:00,21.4,37,1005.7,False,False,0.06959306867622583,0.1383034,0.2007909948281107,0.7045938545786431,0.4526924247033769,Low,False
2024-05-02 01:00:00,20.4,39,1004.9,False,False,0.06159159091018607,0.13365892,0.3145725585640402,0.6905993306966839,0.502585944630362,Low,False
2024-05-02 02:00:00,19.3,42,1004.8,False,False,0.0716518973165064,0.119342215,0.1744752053544265,0.6376635229692729,0.4060693641618497,Low,False
2024-05-02 03:00:00,18.0,47,1004.8,False,False,0.06380338073421371,0.14186189,0.2824764222695467,0.7150897474901126,0.49878308487982964,Low,False
2024-05-02 04:00:00,19.1,43,1005.0,False,False,0.06755503462954748,0.12572072,0.23030118649224218,0.6606327958624886,0.4454669911773654,Low,False
2024-05-02 05:00:00,19.4,42,1005.3,False,False,0.07506638344013983,0.13631053,0.13340432004867664,0.6974444782476422,0.41542439914815943,Low,False
2024-05-02 06:00:00,18.7,54,1006.0,False,False,0.035572691668075695,0.3165005,0.63264374809857,0.9403711591116519,0.786507453605111,Medium,False
2024-05-02 07:00:00,21.6,43,1006.8,False,False,0.03033275323270207,0.11226606,0.6811682385153636,0.6061758442348646,0.643672041375114,Low,False
2024-05-02 08:00:00,25.6,33,1007.1,False,False,0.0438147992856624,0.11913926,0.539549741405537,0.6362944934590812,0.587922117432309,Low,False
2024-05-02 09:00:00,28.6,26,1007.5,False,False,0.04668250301149279,0.15379545,0.5068451475509583,0.7459689686644356,0.626407058107697,Low,False
2024-05-02 10:00:00,30.5,22,1007.5,False,False,0.05799591798691972,0.13845833,0.36035898996045024,0.705050197748707,0.5327045938545787,Low,False
2024-05-02 11:00:00,31.9,20,1007.0,False,False,0.05346990037593513,0.10382525,0.4180103437785214,0.5669303316093702,0.4924703376939458,Low,False
2024-05-02 12:00:00,33.1,18,1006.3,False,False,0.04736103123768043,0.0753729,0.4993915424399148,0.411621539397627,0.4555065409187709,Low,False
2024-05-02 13:00:00,34.0,17,1005.4,False,False,0.045745754943232686,0.06761901,0.5176452692424703,0.36081533313051417,0.43923030118649226,Low,False
2024-05-02 14:00:00,34.5,16,1004.5,False,False,0.044510057737508046,0.064077295,0.531335564344387,0.337085488287192,0.4342105263157895,Low,False
2024-05-02 15:00:00,34.6,15,1003.5,False,False,0.03905685978079404,0.0800705,0.5927897779129906,0.44052327350167325,0.5166565257073319,Low,False
2024-05-02 16:00:00,34.3,15,1003.2,False,False,0.04797741026595376,0.071253434,0.49011256464861574,0.38393672041375115,0.43702464253118345,Low,False
2024-05-02 17:00:00,33.5,16,1003.5,False,False,0.0568827538699756,0.08963521,0.37374505628232435,0.49285062366899907,0.43329783997566174,Low,False
2024-05-02 18:00:00,31.8,20,1003.7,False,False,0.05488373501136151,0.065040365,0.40112564648615756,0.3454517797383633,0.3732887131122604,Low,False
2024-05-02 19:00:00,31.3,13,1004.2,False,False,0.042932113171840036,0.21359524,0.5498935199269851,0.8655308792211743,0.7077121995740797,Low,False
2024-05-02 20:00:00,27.8,18,1004.7,False,False,0.03361020108591234,0.14271973,0.6504411317310618,0.7166108913903255,0.6835260115606936,Low,False
2024-05-02 21:00:00,26.2,20,1005.4,False,False,0.052998593180943465,0.065020375,0.4233343474292668,0.34529966534834194,0.3843170063888044,Low,False
2024-05-02 22:00:00,24.2,25,1005.6,False,False,0.054078201145895455,0.07879003,0.4110130818375418,0.43352601156069365,0.42226954669911776,Low,False
2024-05-02 23:00:00,23.4,26,1005.5,False,False,0.060376406031970586,0.117705934,0.33084879829631886,0.630057803468208,0.48045330088226346,Low,False
2024-05-03 00:00:00,25.1,23,1005.3,False,False,0.05533259947910263,0.08702467,0.39412838454517796,0.4811378156373593,0.43763310009126866,Low,False
2024-05-03 01:00:00,23.6,27,1004.8,False,False,0.0669974333786384,0.08896984,0.2372984484332218,0.48980833586857314,0.36355339215089744,Low,False
2024-05-03 02:00:00,21.1,35,1004.5,False,False,0.038403557385395304,0.07862516,0.6005476118040767,0.43291755400060844,0.5167325829023426,Low,False
2024-05-03 03:00:00,21.0,34,1004.6,False,False,0.0647103433349826,0.098009475,0.269242470337694,0.5383328262853666,0.4037876483115303,Low,False
2024-05-03 04:00:00,20.4,34,1004.5,False,False,0.05078202958797673,0.11893673,0.4539093398235473,0.6355339215089747,0.544721630666261,Low,False
2024-05-03 05:00:00,19.5,36,1005.0,False,False,0.035918451907072546,0.15167601,0.6282324307879525,0.7421661089139032,0.6851992698509279,Low,False
2024-05-03 06:00:00,21.1,40,1005.6,False,False,0.058090236079232915,0.21588364,0.3585336172801947,0.8685731670216003,0.6135533921508975,Low,False
2024-05-03 07:00:00,24.0,35,1006.1,False,False,0.044479145456715,0.14587678,0.5317919075144508,0.7254335260115607,0.6286127167630058,Low,False
2024-05-03 08:00:00,28.1,28,1006.7,False,False,0.030135048613882,0.16539776,0.6832978399756617,0.7770003042287801,0.7301490721022209,Low,False
2024-05-03 09:00:00,31.7,20,1006.8,False,False,0.03063156588932031,0.14022146,0.6785822938850015,0.7094615150593246,0.694021904472163,Low,False
2024-05-03 10:00:00,34.3,16,1006.5,False,False,0.04061843058158121,0.14090791,0.5759050806206267,0.7115911165196227,0.6437480985701247,Low,False
2024-05-03 11:00:00,35.8,14,1005.9,False,False,0.025113044847906274,0.12821311,0.7324307879525402,0.6717371463340432,0.7020839671432917,Low,False
2024-05-03 12:00:00,36.8,13,1005.2,False,False,0.01958025243961703,0.121767536,0.7736537876483115,0.648007301490721,0.7108305445695162,Low,False
2024-05-03 13:00:00,37.1,12,1004.3,False,False,0.020852262662488852,0.103980124,0.7654396105871615,0.567843017949498,0.6666413142683297,Low,False
2024-05-03 14:00:00,36.4,12,1003.7,False,False,0.0407488367264594,0.109127186,0.5737754791603286,0.5935503498630971,0.5836629145117128,Low,False
2024-05-03 15:00:00,36.2,12,1003.7,False,False,0.041384926042124404,0.10810239,0.5669303316093702,0.5891390325524795,0.5780346820809248,Low,False
2024-05-03 16:00:00,36.0,12,1003.6,False,False,0.03700922639551629,0.08557843,0.6163675083662914,0.47474901125646485,0.5455582598113782,Low,False
2024-05-03 17:00:00,34.9,14,1003.7,False,False,0.044139775792608915,0.09511498,0.5355947672649832,0.5235777304533009,0.5295862488591421,Low,False
2024-05-03 18:00:00,33.0,16,1004.7,False,False,0.036405944062222306,0.23552288,0.6212351688469729,0.8903255247946456,0.7557803468208093,Medium,False
2024-05-03 19:00:00,30.4,19,1005.4,False,False,0.024012633711086417,0.21737626,0.7421661089139033,0.870550654091877,0.8063583815028902,Medium,False
2024-05-03 20:00:00,30.5,22,1005.5,False,False,0.047420601832995235,0.056098312,0.4981746273197445,0.2832369942196532,0.39070581076969885,Low,False
2024-05-03 21:00:00,30.1,23,1005.8,False,False,0.03958379186977651,0.049554855,0.5870094310921814,0.23471250380285974,0.41086096744752054,Low,False
2024-05-03 22:00:00,29.5,23,1005.7,False,False,0.03942922346526834,0.058922846,0.5891390325524795,0.3019470641922726,0.445543048372376,Low,False
2024-05-03 23:00:00,28.6,25,1005.4,False,False,0.04198837225470636,0.10000898,0.5605415272284758,0.5492850623668999,0.5549132947976878,Low,False
2024-05-04 00:00:00,28.3,25,1004.5,False,False,0.04671809262541615,0.080462866,0.5062366899908731,0.4426528749619714,0.4744447824764223,Low,False
2024-05-04 01:00:00,27.4,26,1004.6,False,False,0.05787311449189797,0.13826765,0.3618801338606632,0.7042896257986005,0.5330848798296319,Low,False
2024-05-04 02:00:00,26.0,28,1005.5,False,False,0.04684202515940222,0.3179639,0.5050197748707028,0.9406753878916946,0.7228475813811988,Low,False
2024-05-04 03:00:00,26.1,29,1005.9,False,False,0.059168401714845,0.17067827,0.34484332217827807,0.791907514450867,0.5683754183145726,Low,False
2024-05-04 04:00:00,26.9,26,1005.1,False,False,0.0555317056566515,0.15034595,0.39093398235473076,0.7386674779434135,0.5648007301490721,Low,False
2024-05-04 05:00:00,25.0,30,1005.7,False,True,0.04553686410263452,0.32370976,0.519470641922726,0.9431092181320353,0.7312899300273806,Low,True
2024-05-04 06:00:00,25.6,37,1006.9,False,True,0.023155309721925532,0.41732302,0.7470337693945848,0.9695771219957408,0.8583054456951628,Medium,True
2024-05-04 07:00:00,27.4,35,1007.5,False,False,0.04398812203179481,0.21805966,0.5369637967751749,0.8717675692120475,0.7043656829936111,Low,False
2024-05-04 08:00:00,30.2,31,1007.8,False,False,0.032265914740718715,0.2088852,0.6627623973227867,0.8573167021600243,0.7600395497414055,Medium,False
2024-05-04 09:00:00,32.9,26,1008.1,False,False,0.03097670929730978,0.20427965,0.6756921204745969,0.8513842409491938,0.7635381807118954,Medium,False
2024-05-04 10:00:00,35.1,20,1007.7,False,False,0.026057994071679746,0.17195317,0.7233039245512625,0.7943413446912078,0.7588226346212351,Medium,False
2024-05-04 11:00:00,37.0,16,1006.9,False,False,0.020379429564025164,0.1453698,0.7681776696075449,0.7239123821113478,0.7460450258594463,Low,False
2024-05-04 12:00:00,37.9,15,1006.2,False,False,0.024751221874587948,0.1372515,0.7356251901429876,0.7006388804380894,0.7181320352905385,Low,False
2024-05-04 13:00:00,38.5,14,1005.3,False,False,0.016805311600136874,0.120166235,0.7917554000608458,0.6416184971098265,0.7166869485853362,Low,False
2024-05-04 14:00:00,38.8,14,1004.0,False,False,0.015281566594833651,0.17853813,0.8017949498022513,0.8101612412534226,0.805978095527837,Medium,False
2024-05-04 15:00:00,38.9,14,1003.1,False,False,0.01960992122423849,0.17519124,0.772893215698205,0.8033160937024643,0.7881046547003346,Medium,False
2024-05-04 16:00:00,38.8,14,1002.4,False,False,0.01890159307263528,0.21388689,0.7782172193489504,0.8661393367812595,0.822178278065105,Medium,False
2024-05-04 17:00:00,38.2,14,1001.9,False,False,0.023548424494822584,0.26074427,0.7450562823243079,0.9107088530574993,0.8278825676909036,Medium,False
2024-05-04 18:00:00,36.4,16,1002.4,False,False,0.018580033406565444,0.24606685,0.7808031639793125,0.8994523881959233,0.8401277760876179,Medium,False
2024-05-04 19:00:00,33.7,20,1002.9,False,False,0.021541914887369285,0.2137655,0.7598113781563736,0.8656829936111956,0.8127471858837846,Medium,False
2024-05-04 20:00:00,32.4,23,1003.4,False,False,0.041625050307825096,0.20309937,0.5638880438089443,0.849406753878917,0.7066473988439306,Low,False
2024-05-04 21:00:00,31.5,24,1004.3,False,False,0.0451633815947694,0.18650189,0.5235777304533009,0.8255247946455735,0.6745512625494372,Low,False
2024-05-04 22:00:00,29.9,26,1004.6,False,False,0.04384501891145243,0.20508969,0.5390933982354731,0.8524490416793429,0.695771219957408,Low,False
2024-05-04 23:00:00,28.8,27,1004.6,False,False,0.0362103809135178,0.27495268,0.6241253422573776,0.9195314876787344,0.771828414968056,Medium,False
2024-05-05 00:00:00,28.0,28,1004.0,False,False,0.05079200615587515,0.26513577,0.45375722543352603,0.9137511408579252,0.6837541831457257,Low,False
2024-05-05 01:00:00,27.3,30,1003.5,False,False,0.049076370306742334,0.24818707,0.47535746881655006,0.9015819896562215,0.6884697292363857,Low,False
2024-05-05 02:00:00,26.5,33,1003.1,False,False,0.0449033637831916,0.24114405,0.5267721326437481,0.8954974140553696,0.7111347733495589,Low,False
2024-05-05 03:00:00,25.9,35,1002.9,False,False,0.04212419583348509,0.25075758,0.5593246121083054,0.9040158198965622,0.7316702160024338,Low,False
2024-05-05 04:00:00,25.4,37,1002.9,False,False,0.048495908222577044,0.24706018,0.4838758746577426,0.9005171889260724,0.6921965317919074,Low,False
2024-05-05 05:00:00,25.0,38,1003.1,False,False,0.052808759982170606,0.23892717,0.4259202920596289,0.8935199269850927,0.6597201095223608,Low,False
2024-05-05 06:00:00,25.4,43,1003.6,False,False,0.05192054138805763,0.17803197,0.44097961667173713,0.8095527836933374,0.6252662001825373,Low,False
2024-05-05 07:00:00,27.2,41,1004.1,False,False,0.06626510884965187,0.16432999,0.24764222695466986,0.7751749315485245,0.5114085792515972,Low,False
2024-05-05 08:00:00,29.8,35,1004.4,False,False,0.06556753561541528,0.14547203,0.25798600547611805,0.7245208396714329,0.49125342257377547,Low,False
2024-05-05 09:00:00,32.4,31,1004.6,False,False,0.0683249316567075,0.07246846,0.21889260724064497,0.39488895649528444,0.3068907818679647,Low,False
2024-05-05 10:00:00,35.2,24,1004.3,False,False,0.05033687368349171,0.03604425,0.4590812290842714,0.12808031639793124,0.29358077274110134,Low,False
2024-05-05 11:00:00,36.9,20,1003.6,False,False,0.046552452002278755,0.029947734,0.5077578338910861,0.08487982963188317,0.29631883176148466,Low,False
2024-05-05 12:00:00,38.0,18,1003.0,False,False,0.04994325710080294,0.041846357,0.46440523273501677,0.17523577730453302,0.3198205050197749,Low,False
2024-05-05 13:00:00,38.5,18,1002.4,False,False,0.04165971661406087,0.057802815,0.5632795862488591,0.2952540310313356,0.42926680864009736,Low,False
2024-05-05 14:00:00,38.5,18,1001.5,False,False,0.03901277198923153,0.055042416,0.5937024642531183,0.27623973227867354,0.434971098265896,Low,False
2024-05-05 15:00:00,38.4,17,1001.0,False,False,0.04970873096299705,0.04057466,0.46699117736537876,0.16550045634317007,0.31624581685427444,Low,False
2024-05-05 16:00:00,38.0,18,1000.5,False,False,0.0471727256465993,0.06196975,0.5012169151201704,0.3230909644052327,0.41215393976270154,Low,False
2024-05-05 17:00:00,37.4,18,1000.5,False,False,0.04490842425988123,0.07949368,0.5264679038637055,0.4371767569212047,0.4818223303924551,Low,False
2024-05-05 18:00:00,35.7,18,1000.8,False,False,0.04104116850038991,0.101383746,0.5711895345299665,0.5556738667477943,0.5634317006388804,Low,False
2024-05-05 19:00:00,32.8,23,1001.2,False,False,0.03739993007661796,0.085474476,0.6108913903255249,0.4741405536963797,0.5425159720109523,Low,False
2024-05-05 20:00:00,31.4,26,1001.7,False,False,0.060522332739777696,0.056815185,0.3287191968360207,0.28901734104046245,0.3088682689382416,Low,False
2024-05-05 21:00:00,30.1,29,1002.3,False,False,0.05093096227374794,0.04850828,0.4520839671432918,0.2252814116215394,0.3386826893824156,Low,False
2024-05-05 22:00:00,29.3,31,1002.5,False,False,0.06251041502347998,0.048476055,0.30285975053240033,0.2251292972315181,0.2639945238819592,Low,False
2024-05-05 23:00:00,28.9,32,1002.6,False,False,0.056034871759531646,0.06164999,0.3862184362640706,0.3212655917249772,0.3537420139945239,Low,False
2024-05-06 00:00:00,28.2,32,1002.2,False,False,0.06707317099250626,0.07793835,0.2359294189230301,0.42941892303011864,0.33267417097657437,Low,False
2024-05-06 01:00:00,26.9,35,1001.9,False,False,0.06431924041753745,0.07833897,0.274414359598418,0.4315485244904168,0.3529814420444174,Low,False
2024-05-06 02:00:00,26.0,38,1001.8,False,False,0.07798755987009248,0.07419677,0.10571950106480077,0.4046242774566474,0.2551718892607241,Low,False
2024-05-06 03:00:00,25.7,38,1001.9,False,False,0.07841266652779377,0.084655695,0.09857012473379978,0.46744752053544264,0.28300882263462124,Low,False
2024-05-06 04:00:00,25.7,38,1002.0,False,False,0.07756846494583103,0.08027645,0.10952236081533318,0.44158807423182234,0.27555521752357776,Low,False
2024-05-06 05:00:00,24.1,43,1002.5,False,False,0.03622676987307111,0.12912174,0.6238211134773349,0.6755400060845757,0.6496805597809553,Low,False
2024-05-06 06:00:00,25.5,47,1003.6,False,False,0.03826334841934492,0.17647953,0.6025250988743536,0.8062062671128689,0.7043656829936112,Low,False
2024-05-06 07:00:00,27.8,41,1004.0,False,False,0.06865484227630214,0.05370607,0.21569820505019777,0.2666565257073319,0.24117736537876483,Low,False
2024-05-06 08:00:00,31.5,32,1004.4,False,False,0.038640126752558124,0.0565086,0.5970489808335868,0.286735625190143,0.4418923030118649,Low,False
2024-05-06 09:00:00,34.6,26,1004.8,False,False,0.03931817111573688,0.10039284,0.5902038332826285,0.5514146638271981,0.5708092485549132,Low,False
2024-05-06 10:00:00,36.7,22,1004.9,False,False,0.041954654818561254,0.113014534,0.5609978703985397,0.6107392759355035,0.5858685731670216,Low,False
2024-05-06 11:00:00,38.2,20,1004.8,False,False,0.03882613121112383,0.12582456,0.5953757225433526,0.6615454822026163,0.6284606023729844,Low,False
2024-05-06 12:00:00,39.2,18,1004.0,False,False,0.03084609536592442,0.072328754,0.6766048068147247,0.3929114694250076,0.5347581381198662,Low,False
2024-05-06 13:00:00,40.0,17,1003.2,False,False,0.020255670054046826,0.059018977,0.7689382415576513,0.3028597505324004,0.5358989960450259,Low,False
2024-05-06 14:00:00,40.2,15,1002.8,False,False,0.03796372184604335,0.061616223,0.6072406449650136,0.3211134773349559,0.46417706114998475,Low,False
2024-05-06 15:00:00,39.6,15,1002.2,False,False,0.03597968077219954,0.05311863,0.6268634012777609,0.2613325220565866,0.44409796166717375,Low,False
2024-05-06 16:00:00,39.3,16,1001.6,False,False,0.047019393549409094,0.04225809,0.5033465165804685,0.1790386370550654,0.34119257681776693,Low,False
2024-05-06 17:00:00,38.8,16,1001.3,False,False,0.049783464770743635,0.032388017,0.4662306054152723,0.09993915424399148,0.2830848798296319,Low,False
2024-05-06 18:00:00,36.9,17,1001.7,False,False,0.04501858789207863,0.07792222,0.5249467599634925,0.42911469425007603,0.4770307271067843,Low,False
2024-05-06 19:00:00,34.2,18,1002.4,False,False,0.03618752432699446,0.14828672,0.6245816854274414,0.7334955886826894,0.6790386370550654,Low,False
2024-05-06 20:00:00,32.8,19,1003.0,False,False,0.05198804601937884,0.06507962,0.44021904472163065,0.3460602372984484,0.3931396410100395,Low,False
2024-05-06 21:00:00,31.7,21,1003.6,False,False,0.047072800984837404,0.054969184,0.5028901734104047,0.27578338910860967,0.38933678125950716,Low,False
2024-05-06 22:00:00,30.4,25,1003.7,False,False,0.05567035545270871,0.07502829,0.38971706723456034,0.41025250988743533,0.39998478856099784,Low,False
2024-05-06 23:00:00,28.6,30,1003.9,False,False,0.04334815083269733,0.07736966,0.5456343170063889,0.42485549132947975,0.4852449041679343,Low,False
2024-05-07 00:00:00,26.8,33,1003.7,False,False,0.049579538967329084,0.15489973,0.46896866443565566,0.7499239428049893,0.6094463036203225,Low,False
2024-05-07 01:00:00,26.3,33,1003.1,False,False,0.05723873400724977,0.11300669,0.3696379677517493,0.6105871615454822,0.49011256464861574,Low,False
2024-05-07 02:00:00,26.1,33,1002.7,False,False,0.062217583853690195,0.097782195,0.3075752966230605,0.5372680255552176,0.42242166108913903,Low,False
2024-05-07 03:00:00,25.4,34,1002.7,False,False,0.05645925382341882,0.13048448,0.3810465470033465,0.6802555521752358,0.5306510495892911,Low,False
2024-05-07 04:00:00,27.8,29,1003.2,False,False,0.05457192911692349,0.12843066,0.40432004867660476,0.672649832674171,0.5384849406753879,Low,False
2024-05-07 05:00:00,27.9,28,1003.6,False,False,0.06784379686180592,0.12664758,0.2269546699117736,0.6636750836629145,0.44531487678734405,Low,False
2024-05-07 06:00:00,26.1,40,1004.6,False,True,0.007043715654896643,0.35392892,0.8516884697292364,0.9533008822634621,0.9024946759963492,High,True
2024-05-07 07:00:00,28.9,34,1005.1,False,False,0.03701262216177109,0.11286878,0.6162153939762702,0.6095223608153332,0.6128688773958018,Low,False
2024-05-07 08:00:00,33.1,26,1005.6,False,False,0.013319970192829711,0.14167716,0.8138119866139337,0.7144812899300274,0.7641466382719806,Medium,False
2024-05-07 09:00:00,36.7,19,1005.9,False,False,0.020688744135047732,0.16887973,0.7669607544873744,0.7865835108001217,0.776772132643748,Medium,False
2024-05-07 10:00:00,39.3,15,1005.7,False,False,0.017724269594686037,0.15436463,0.7864313964101004,0.7479464557347125,0.7671889260724065,Medium,False
2024-05-07 11:00:00,40.5,13,1005.5,False,False,0.013680847241555272,0.1548743,0.8119866139336781,0.7496197140249468,0.7808031639793125,Medium,False
2024-05-07 12:00:00,41.3,12,1005.1,False,False,0.002521733701626394,0.1350481,0.8723760267721327,0.6940979616671737,0.7832369942196532,Medium,False
2024-05-07 13:00:00,42.1,12,1004.4,True,False,-0.003849623110113387,0.11645275,0.9009735320961363,0.6250380285975053,0.7630057803468209,Medium,True
2024-05-07 14:00:00,41.9,12,1003.7,False,False,0.016562845004200355,0.105781615,0.7941892303011865,0.5777304533008822,0.6859598418010344,Low,False
2024-05-07 15:00:00,41.4,12,1003.1,False,False,0.02384654351654708,0.09018151,0.743078795254031,0.4961971402494676,0.6196379677517493,Low,False
2024-05-07 16:00:00,40.9,11,1003.0,False,False,0.025878673420303144,0.08352146,0.7246729540614543,0.4612108305445695,0.5929418923030119,Low,False
2024-05-07 17:00:00,40.2,12,1003.0,False,False,0.032657989332271764,0.07364896,0.6598722239123821,0.4011256464861576,0.5304989351992698,Low,False
2024-05-07 18:00:00,38.2,14,1003.3,False,False,0.029980279392776643,0.10897144,0.6843626407058108,0.5926376635229693,0.63850015211439,Low,False
2024-05-07 19:00:00,35.2,14,1003.8,False,False,0.011772574620614928,0.21280761,0.8238515363553393,0.8646181928810466,0.844234864618193,Medium,False
2024-05-07 20:00:00,33.4,16,1004.3,False,False,0.032010714915947536,0.099710084,0.6650441131731062,0.5471554609066017,0.6060997870398539,Low,False
2024-05-07 21:00:00,32.0,17,1004.7,False,False,0.022716409497718693,0.086696275,0.7506845147550958,0.4803772436872528,0.6155308792211743,Low,False
2024-05-07 22:00:00,30.7,18,1005.0,False,False,0.022083705690975564,0.09979247,0.7564648615759051,0.5477639184666869,0.652114390021296,Low,False
2024-05-07 23:00:00,29.6,20,1005.2,False,False,0.012968972912088372,0.1085678,0.8163979312442957,0.5903559476726499,0.7033769394584728,Low,False
2024-05-08 00:00:00,27.7,24,1004.8,False,False,0.026492450191535344,0.2287045,0.7196531791907514,0.8827198052935807,0.8011864922421661,Medium,False
2024-05-08 01:00:00,28.1,25,1004.1,False,False,0.03297322766653571,0.14720058,0.6565257073319136,0.7295406145421357,0.6930331609370246,Low,False
2024-05-08 02:00:00,26.8,27,1003.5,False,False,0.01660864984198035,0.18099001,0.7931244295710375,0.8160937024642532,0.8046090660176453,Medium,False
2024-05-08 03:00:00,26.2,29,1003.6,False,False,0.019553423295380623,0.22825757,0.7739580164283542,0.8819592333434743,0.8279586248859142,Medium,False
2024-05-08 04:00:00,25.2,33,1004.0,False,False,0.00565712662009743,0.2908504,0.8589899604502587,0.926528749619714,0.8927593550349864,Medium,False
2024-05-08 05:00:00,25.1,34,1004.4,False,False,0.010267955121655903,0.27641794,0.8332826285366596,0.9207484027989048,0.8770155156677821,Medium,False
2024-05-08 06:00:00,26.8,37,1005.4,False,True,0.013400527650456184,0.33143324,0.8133556434438698,0.9467599634925464,0.880057803468208,Medium,True
2024-05-08 07:00:00,29.1,33,1005.9,False,False,0.018309771226847293,0.15282786,0.7827806510495893,0.7439914815941588,0.7633860663218741,Medium,False
2024-05-08 08:00:00,32.7,28,1005.8,False,False,0.0037975199746367316,0.15812667,0.8672041375114086,0.7582902342561606,0.8127471858837846,Medium,False
2024-05-08 09:00:00,37.0,21,1005.8,True,False,-0.00782554756317555,0.15932848,0.9163370854882872,0.7619409796166717,0.8391390325524795,Medium,True
2024-05-08 10:00:00,39.6,15,1005.4,True,False,-0.006111012527857063,0.09679146,0.9096440523273501,0.5325524794645573,0.7210982658959537,Low,True
2024-05-08 11:00:00,41.3,10,1004.8,True,False,-0.011396664453066085,0.08660609,0.9274414359598417,0.47946455734712506,0.7034529966534834,Low,True
2024-05-08 12:00:00,42.1,8,1004.2,True,False,-0.008024199490681228,0.11246395,0.9174018862184363,0.6070885305749923,0.7622452083967144,Medium,True
2024-05-08 13:00:00,42.4,9,1003.4,True,False,-0.01907175566037156,0.12101544,0.9513233951931853,0.6449650136902951,0.7981442044417402,Medium,True
2024-05-08 14:00:00,42.4,10,1002.5,True,False,-0.019514859424602293,0.11740182,0.9528445390933983,0.628993002738059,0.7909187709157286,Medium,True
2024-05-08 15:00:00,42.4,11,1001.9,True,False,-0.006340574182650882,0.11719079,0.9107088530574993,0.62792820200791,0.7693185275327046,Medium,True
2024-05-08 16:00:00,41.7,12,1001.6,False,False,0.0058943217297511286,0.119372986,0.8585336172801947,0.6379677517493155,0.7482506845147552,Low,False
2024-05-08 17:00:00,40.6,13,1001.5,False,False,0.01096674633017336,0.1194997,0.8291755400060845,0.6390325524794646,0.7341040462427746,Low,False
2024-05-08 18:00:00,38.2,12,1003.0,True,True,-0.0049562843343918805,0.35571268,0.9053848494067539,0.9539093398235473,0.9296470946151506,High,True
2024-05-08 19:00:00,34.3,15,1002.5,False,False,0.013995154132073029,0.18233386,0.8101612412534226,0.8179190751445087,0.8140401581989656,Medium,False
2024-05-08 20:00:00,33.0,18,1003.2,False,False,0.030484695770034986,0.06005877,0.6801034377852144,0.3089443261332522,0.4945238819592333,Low,False
2024-05-08 21:00:00,31.5,20,1003.5,False,False,0.03836049986076995,0.065347135,0.6008518405841192,0.347885609978704,0.4743687252814116,Low,False
2024-05-08 22:00:00,30.8,21,1003.6,False,False,0.035000162896459575,0.082806945,0.6385762093094007,0.45649528445390936,0.5475357468816551,Low,False
2024-05-08 23:00:00,34.6,15,1002.9,True,True,-0.01653241943171846,0.40410337,0.9449345908122908,0.9666869485853362,0.9558107696988135,High,True
2024-05-09 00:00:00,33.9,16,1002.7,False,False,0.02337752184675379,0.12087662,0.7456647398843931,0.6446607849102525,0.6951627623973228,Low,False
2024-05-09 01:00:00,29.4,21,1001.5,True,False,-0.009593075714539157,0.24677311,0.9225737754791603,0.9002129601460298,0.9113933678125951,High,True
2024-05-09 02:00:00,28.4,24,1001.5,False,False,0.033169330618293746,0.12329426,0.6548524490416794,0.6533313051414664,0.6540918770915729,Low,False
2024-05-09 03:00:00,27.1,30,1001.6,False,False,0.009917193544089542,0.10534746,0.8349558868268938,0.5748402798904776,0.7048980833586858,Low,False
2024-05-09 04:00:00,26.7,37,1001.8,False,False,0.00551159366403936,0.1131498,0.8594463036203225,0.6121083054456952,0.7357773045330088,Low,False
2024-05-09 05:00:00,26.3,42,1002.0,False,False,0.008256316768482486,0.09725412,0.8434742926680864,0.5340736233647703,0.6887739580164283,Low,False
2024-05-09 06:00:00,27.9,44,1004.3,True,False,-0.009849778764266959,0.30026436,0.9233343474292668,0.9310921813203529,0.9272132643748099,High,True
2024-05-09 07:00:00,29.8,47,1004.9,False,False,0.02485806182486139,0.12833513,0.7347125038028597,0.6721934895041071,0.7034529966534834,Low,False
2024-05-09 08:00:00,32.0,44,1005.3,False,False,0.03140010077366934,0.09812407,0.6720413751140858,0.5389412838454518,0.6054913294797688,Low,False
2024-05-09 09:00:00,34.4,38,1004.8,False,False,0.0312777693915437,0.24914461,0.672649832674171,0.9026467903863705,0.7876483115302708,Medium,False
2024-05-09 10:00:00,36.8,33,1004.1,False,False,0.03000379504327333,0.17411341,0.6840584119257682,0.8005780346820809,0.7423182233039245,Low,False
2024-05-09 11:00:00,38.8,27,1003.8,False,False,0.03891111759015797,0.07010663,0.5947672649832674,0.375114085792516,0.48494067538789165,Low,False
2024-05-09 12:00:00,40.3,23,1003.5,False,False,0.03582711370671049,0.07779509,0.630057803468208,0.42759355034986307,0.5288256769090356,Low,False
2024-05-09 13:00:00,41.1,20,1002.5,False,False,0.022544869494495523,0.08084999,0.7519014298752662,0.44569516276239735,0.5987982963188317,Low,False
2024-05-09 14:00:00,41.9,17,1001.7,False,False,0.01740740174730121,0.0650848,0.7882567690903559,0.34621235168846975,0.5672345603894129,Low,False
2024-05-09 15:00:00,42.2,15,1000.8,False,False,0.009382491706776741,0.07005061,0.8372376026772133,0.3746577426224521,0.6059476726498327,Low,False
2024-05-09 16:00:00,42.0,13,1000.1,False,False,0.014565235926794096,0.07798268,0.8060541527228475,0.4298752662001825,0.617964709461515,Low,False
2024-05-09 17:00:00,41.5,13,1000.1,False,False,0.022912693260208783,0.07822412,0.7491633708548828,0.43109218132035293,0.5901277760876179,Low,False
2024-05-09 18:00:00,39.8,6,1000.5,True,False,-0.011189385618483927,0.26315603,0.9269850927897779,0.9122299969577122,0.9196075448737451,High,True
2024-05-09 19:00:00,36.9,6,1000.6,True,False,-0.006784051589423301,0.13016671,0.9132947976878613,0.6782780651049589,0.79578643139641,Medium,True
2024-05-09 20:00:00,33.7,6,1001.6,True,False,-0.004496436718768648,0.22087705,0.9035594767264983,0.8758746577426224,0.8897170672345603,Medium,True
2024-05-09 21:00:00,32.7,6,1002.3,False,False,0.01445422280607439,0.14288984,0.8065104958929115,0.7170672345603895,0.7617888652266505,Medium,False
2024-05-09 22:00:00,31.9,7,1002.4,False,False,0.020624832636562118,0.14198078,0.7672649832674171,0.7153939762701551,0.7413294797687862,Low,False
2024-05-09 23:00:00,31.0,8,1002.3,False,False,0.009633295287937549,0.19267714,0.8360206875570428,0.8352601156069365,0.8356404015819896,Medium,False
2024-05-10 00:00:00,29.9,10,1002.3,False,False,0.027753353882638443,0.31117496,0.7088530574992394,0.9371767569212047,0.8230149072102221,Medium,False
2024-05-10 01:00:00,29.6,16,1002.0,False,False,0.03236102028256099,0.20863356,0.6616975965926377,0.857164587770003,0.7594310921813203,Medium,False
2024-05-10 02:00:00,28.5,25,1001.9,False,False,0.040204862757464765,0.11949881,0.5792515972010952,0.6388804380894433,0.6090660176452692,Low,False
2024-05-10 03:00:00,27.9,29,1001.9,False,False,0.05775731031107989,0.062120646,0.3638576209309401,0.3243078795254031,0.3440827502281716,Low,False
2024-05-10 04:00:00,27.6,30,1002.3,False,False,0.04758063089464182,0.05952863,0.49574079707940366,0.30651049589291146,0.40112564648615756,Low,False
2024-05-10 05:00:00,27.0,31,1002.9,False,False,0.04161286247045454,0.059013423,0.564192272588987,0.30270763614237906,0.433449954365683,Low,False
2024-05-10 06:00:00,29.0,43,1004.8,True,True,-0.01989058207225869,0.44239858,0.9533008822634621,0.9736842105263158,0.9634925463948889,High,True
2024-05-10 07:00:00,30.5,39,1005.3,False,False,0.03451624089166666,0.075456075,0.6432917554000608,0.4125342257377548,0.5279129905689077,Low,False
2024-05-10 08:00:00,32.4,35,1006.0,False,False,0.023751530969185863,0.0510756,0.7441435959841801,0.24764222695466992,0.49589291146942505,Low,False
2024-05-10 09:00:00,35.1,30,1006.2,False,False,0.008423035919575828,0.08213528,0.8431700638880438,0.45345299665348343,0.6483115302707636,Low,False
2024-05-10 10:00:00,37.0,26,1005.6,False,False,0.013238002571368535,0.12418409,0.8142683297839975,0.6559172497718284,0.7350927897779129,Low,False
2024-05-10 11:00:00,39.2,22,1004.8,False,False,0.012447833088281846,0.111479215,0.8200486766048068,0.6029814420444174,0.7115150593246121,Low,False
2024-05-10 12:00:00,40.5,20,1004.4,False,False,0.01751217945106065,0.08015291,0.7874961971402494,0.44097961667173713,0.6142379069059933,Low,False
2024-05-10 13:00:00,41.7,18,1003.2,False,False,0.006999053464156579,0.14556716,0.8522969272893216,0.7246729540614543,0.788484940675388,Medium,False
2024-05-10 14:00:00,40.9,16,1002.7,False,False,0.027022112693338263,0.10186084,0.7161545482202616,0.5579555825981137,0.6370550654091877,Low,False
2024-05-10 15:00:00,40.5,17,1002.1,False,False,0.028378087780324412,0.10480631,0.7012473379981746,0.571950106480073,0.6365987222391238,Low,False
2024-05-10 16:00:00,37.4,25,1002.0,False,False,0.012487838268854079,0.17411463,0.8197444478247642,0.8007301490721023,0.8102372984484332,Medium,False
2024-05-10 17:00:00,38.9,21,1002.4,False,False,0.041406572474465664,0.23979086,0.5666261028293276,0.894128384545178,0.7303772436872528,Low,False
2024-05-10 18:00:00,37.7,20,1002.7,False,False,0.054110365443742814,0.072298184,0.41010039549741406,0.3927593550349863,0.4014298752662002,Low,False
2024-05-10 19:00:00,33.6,26,1003.6,False,False,0.03544969587633956,0.17341413,0.6344691207788257,0.7982963188317614,0.7163827198052936,Low,False
2024-05-10 20:00:00,35.0,25,1004.3,False,False,0.046084276060767815,0.09337665,0.5127776087617888,0.5138424094919379,0.5133100091268634,Low,False
2024-05-10 21:00:00,32.8,28,1005.1,False,False,0.03006470773111547,0.091837354,0.6837541831457256,0.5047155460906602,0.5942348646181929,Low,False
2024-05-10 22:00:00,31.2,33,1005.2,False,False,0.02979993739755643,0.118709266,0.6866443565561302,0.6346212351688469,0.6606327958624886,Low,False
2024-05-10 23:00:00,29.8,37,1005.2,False,False,0.023834373520917607,0.13558836,0.7432309096440524,0.695771219957408,0.7195010648007302,Low,False
2024-05-11 00:00:00,29.5,38,1005.2,False,False,0.05098314659106451,0.14611803,0.4514755095832066,0.7257377547916033,0.5886066321874049,Low,False
2024-05-11 01:00:00,28.9,42,1004.9,False,False,0.050959604130840774,0.14153643,0.45177973836324914,0.7137207179799209,0.5827502281715851,Low,False
2024-05-11 02:00:00,28.1,47,1005.2,False,False,0.061446046312143954,0.0975261,0.31670216002433826,0.535442652874962,0.4260724064496501,Low,False
2024-05-11 03:00:00,27.4,51,1005.2,False,False,0.0586075908288794,0.092527814,0.35016732582902343,0.5086705202312138,0.42941892303011864,Low,False
2024-05-11 04:00:00,26.6,54,1005.3,False,False,0.0521725985706919,0.08936355,0.4368725281411622,0.49178582293885004,0.4643291755400061,Low,False
2024-05-11 05:00:00,26.3,55,1005.5,False,False,0.05055133475496154,0.08336307,0.456343170063888,0.45968968664435655,0.45801642835412226,Low,False
2024-05-11 06:00:00,26.6,57,1008.7,True,True,-0.0013871484145526747,0.40737492,0.8904776391846668,0.967599634925464,0.9290386370550654,High,True
2024-05-11 07:00:00,27.7,56,1009.6,False,False,0.015909923807425952,0.2186617,0.7981442044417402,0.8728323699421965,0.8354882871919683,Medium,False
2024-05-11 08:00:00,29.5,50,1010.5,False,False,0.00938245901003526,0.07518591,0.8373897170672345,0.41116519622756315,0.6242774566473989,Low,False
2024-05-11 09:00:00,31.8,43,1010.2,True,False,-0.002853801109327647,0.16681553,0.8973227867356252,0.7801947064192273,0.8387587465774262,Medium,True
2024-05-11 10:00:00,34.3,34,1009.6,True,False,-0.014644563934480992,0.105630875,0.9390021296014603,0.5765135381807119,0.7577578338910862,Medium,True
2024-05-11 11:00:00,36.5,27,1008.9,True,False,-0.004391538481575141,0.05967241,0.9027989047763918,0.30711895345299667,0.6049589291146942,Low,True
2024-05-11 12:00:00,38.0,23,1008.4,False,False,0.00035267458587995293,0.056349643,0.8834803772436872,0.2859750532400365,0.5847277152418618,Low,False
2024-05-11 13:00:00,38.8,22,1007.5,True,False,-0.002799873114071816,0.08060001,0.8970185579555826,0.4434134469120779,0.6702160024338303,Low,True
2024-05-11 14:00:00,39.1,22,1006.1,True,False,-0.005528014200342879,0.21148081,0.9073623364770307,0.8620322482506845,0.8846972923638576,Medium,True
2024-05-11 15:00:00,36.2,26,1006.5,False,False,0.023700831906010356,0.1296109,0.7442957103742014,0.6772132643748099,0.7107544873745056,Low,False
2024-05-11 16:00:00,36.2,27,1005.5,False,False,0.043668114008065584,0.21564592,0.5413751140857925,0.867964709461515,0.7046699117736538,Low,False
2024-05-11 17:00:00,36.3,28,1005.7,False,False,0.06867535310807388,0.12996678,0.2153939762701551,0.6778217219348951,0.4466078491025251,Low,False
2024-05-11 18:00:00,36.0,26,1007.0,False,True,0.05686770643717498,0.3358532,0.3738971706723456,0.9482811073927594,0.6610891390325525,Low,True
2024-05-11 19:00:00,34.0,32,1006.6,False,False,0.056755493875170815,0.20725654,0.3764831153027076,0.8553392150897475,0.6159111651962276,Low,False
2024-05-11 20:00:00,33.0,33,1006.6,False,False,0.07235901433714043,0.08737251,0.1642835412229997,0.48265895953757226,0.323471250380286,Low,False
2024-05-11 21:00:00,32.0,32,1007.3,False,False,0.06262014932498411,0.11003125,0.3011864922421661,0.5962884088834803,0.4487374505628232,Low,False
2024-05-11 22:00:00,30.7,31,1007.0,False,False,0.05673270652363149,0.18637557,0.3767873440827503,0.8252205658655308,0.6010039549741406,Low,False
2024-05-11 23:00:00,29.7,33,1006.8,False,False,0.05506358077433199,0.18276994,0.398235473075753,0.8189838758746577,0.6086096744752054,Low,False
2024-05-12 00:00:00,29.0,35,1006.3,False,False,0.06421319477466769,0.21768795,0.27654396105871615,0.8708548828719197,0.573699421965318,Low,False
2024-05-12 01:00:00,28.3,36,1005.8,False,False,0.07105867585207826,0.1830463,0.1828414968055978,0.8195923334347429,0.5012169151201704,Low,False
2024-05-12 02:00:00,27.6,38,1004.9,False,False,0.05214424570185533,0.20353998,0.4374809857012474,0.8503194402190447,0.6439002129601461,Low,False
2024-05-12 03:00:00,26.7,40,1005.3,False,False,0.06909168428547297,0.21074632,0.20763614237906902,0.8608153331305142,0.5342257377547917,Low,False
2024-05-12 04:00:00,25.5,45,1005.9,False,False,0.06366509730940384,0.15444013,0.28414968055978096,0.7485549132947977,0.5163522969272893,Low,False
2024-05-12 05:00:00,27.0,40,1006.6,False,False,0.07456787514262647,0.1969763,0.1399452388195923,0.8427137207179799,0.4913294797687861,Low,False
2024-05-12 06:00:00,27.1,47,1009.3,False,True,0.03011286054406681,0.5695493,0.6836020687557043,0.9867660480681473,0.8351840584119258,Medium,True
2024-05-12 07:00:00,29.1,43,1009.3,False,False,0.05340561940277616,0.24913721,0.41922725889869183,0.9024946759963492,0.6608609674475205,Low,False
2024-05-12 08:00:00,31.0,38,1009.3,False,False,0.0539787475064778,0.16246085,0.41222999695771223,0.7687861271676301,0.5905080620626711,Low,False
2024-05-12 09:00:00,32.8,34,1009.4,False,False,0.05140972239335084,0.15279411,0.44645573471250377,0.7438393672041375,0.5951475509583206,Low,False
2024-05-12 10:00:00,35.5,27,1008.6,False,False,0.030454199113227276,0.15441759,0.6802555521752358,0.7484027989047763,0.7143291755400061,Low,False
2024-05-12 11:00:00,37.4,22,1007.8,False,False,0.028239587714446512,0.0986077,0.7026163675083663,0.5413751140857925,0.6219957407970794,Low,False
2024-05-12 12:00:00,38.5,19,1007.3,False,False,0.03558549264534244,0.102161966,0.6323395193185275,0.5597809552783694,0.5960602372984485,Low,False
2024-05-12 13:00:00,39.0,19,1006.4,False,False,0.03186594585641883,0.10231573,0.6670216002433831,0.5606936416184971,0.6138576209309401,Low,False
2024-05-12 14:00:00,39.6,19,1005.4,False,False,0.016947599797583757,0.11610498,0.7906905993306967,0.6241253422573776,0.7074079707940372,Low,False
2024-05-12 15:00:00,39.3,18,1004.4,False,False,0.021878149288643733,0.14249253,0.7575296623060541,0.716306662610283,0.7369181624581685,Low,False
2024-05-12 16:00:00,39.4,15,1003.8,False,False,0.024479582740832062,0.16357757,0.7382111347733495,0.7727411013081837,0.7554761180407666,Medium,False
2024-05-12 17:00:00,39.3,12,1003.6,False,False,0.02081357351916896,0.19506937,0.7658959537572254,0.8401277760876179,0.8030118649224216,Medium,False
2024-05-12 18:00:00,36.9,12,1005.6,False,True,0.010684082597799682,0.5442884,0.8319135990264679,0.9847885609978704,0.9083510800121691,High,True
2024-05-12 19:00:00,34.2,14,1006.0,False,False,0.03856052023057338,0.14226139,0.5981137815637358,0.715850319440219,0.6569820505019774,Low,False
2024-05-12 20:00:00,32.5,25,1006.8,False,False,0.02290208142704736,0.11294425,0.7493154852449042,0.6102829327654397,0.6797992090051719,Low,False
2024-05-12 21:00:00,31.3,33,1007.3,False,False,0.0491593083283372,0.101972334,0.4745968968664436,0.5584119257681777,0.5165044113173106,Low,False
2024-05-12 22:00:00,30.5,34,1007.4,False,False,0.05777109984597162,0.081722364,0.36355339215089744,0.45162762397322787,0.40759050806206265,Low,False
2024-05-12 23:00:00,29.8,35,1007.7,False,False,0.04446905770666726,0.07209761,0.5320961362944935,0.3907818679647095,0.4614390021296015,Low,False
2024-05-13 00:00:00,28.9,37,1007.7,False,False,0.05784437178716023,0.17783207,0.36233647703072713,0.8090964405232735,0.5857164587770003,Low,False
2024-05-13 01:00:00,27.8,39,1007.2,False,False,0.05951608020336002,0.17862113,0.34058411925768173,0.8106175844234864,0.5756008518405841,Low,False
2024-05-13 02:00:00,26.8,41,1006.9,False,False,0.06795347951165587,0.111569025,0.22543352601156075,0.6035898996045026,0.4145117128080317,Low,False
2024-05-13 03:00:00,25.7,44,1007.5,False,False,0.062000330095467904,0.070028126,0.31046547003346514,0.3740492850623669,0.342257377547916,Low,False
2024-05-13 04:00:00,24.7,47,1007.8,False,False,0.04593528928366508,0.065411,0.5147550958320657,0.3481898387587466,0.4314724672954061,Low,False
2024-05-13 05:00:00,24.1,49,1008.4,False,False,0.03938665572860228,0.052854545,0.5897474901125647,0.2593550349863097,0.4245512625494372,Low,False
2024-05-13 06:00:00,26.0,52,1009.6,False,False,0.02514695466065231,0.110052235,0.7318223303924551,0.5964405232735017,0.6641314268329784,Low,False
2024-05-13 07:00:00,28.2,47,1010.0,False,False,0.0490770256349643,0.16592228,0.4752053544265288,0.7783693337389717,0.6267873440827503,Low,False
2024-05-13 08:00:00,31.0,41,1010.1,False,False,0.03777960898082555,0.09343389,0.6083054456951628,0.5142987526620019,0.5613020991785823,Low,False
2024-05-13 09:00:00,34.2,33,1009.9,False,False,0.016859843549664466,0.07069671,0.7912990568907818,0.37967751749315487,0.5854882871919683,Low,False
2024-05-13 10:00:00,36.7,22,1009.3,False,False,0.019514529495626598,0.043871813,0.7742622452083967,0.19059933069668392,0.4824307879525403,Low,False
2024-05-13 11:00:00,38.2,17,1008.7,False,False,0.03628570534266573,0.03865854,0.6230605415272285,0.14755095832065712,0.3853057499239428,Low,False
2024-05-13 12:00:00,39.5,14,1008.5,False,False,0.02904554378962476,0.10562215,0.6945543048372376,0.5763614237906906,0.6354578643139641,Low,False
2024-05-13 13:00:00,40.2,12,1007.8,False,False,0.024681206985754323,0.040734086,0.7362336477030726,0.1673258290234256,0.45177973836324914,Low,False
2024-05-13 14:00:00,40.3,12,1007.3,False,False,0.032431932139819486,0.042936258,0.6613933678125951,0.18360206875570428,0.42249771828414967,Low,False
2024-05-13 15:00:00,39.4,12,1006.5,False,False,0.03218300892021281,0.069559895,0.6635229692728932,0.37207179799209006,0.5177973836324916,Low,False
2024-05-13 16:00:00,39.0,12,1006.4,False,False,0.04853599346200571,0.039896283,0.4834195314876787,0.1604806814724673,0.321950106480073,Low,False
2024-05-13 17:00:00,38.3,12,1006.6,False,False,0.04998754268136818,0.056999385,0.46334043200486763,0.2900821417706115,0.3767112868877396,Low,False
2024-05-13 18:00:00,36.2,12,1007.4,False,False,0.027126966549197995,0.16590253,0.7152418618801338,0.7780651049589291,0.7466534834195315,Low,False
2024-05-13 19:00:00,33.2,15,1007.3,False,False,0.032018919577198546,0.15763842,0.6648919987830848,0.7576817766960755,0.7112868877395802,Low,False
2024-05-13 20:00:00,32.0,15,1007.6,False,False,0.05909345213224698,0.089674726,0.34621235168846975,0.4937633100091269,0.4199878308487983,Low,False
2024-05-13 21:00:00,32.2,15,1007.6,False,False,0.05400330636820727,0.08107357,0.411621539397627,0.44752053544265286,0.4295710374201399,Low,False
2024-05-13 22:00:00,31.2,17,1007.7,False,False,0.05516353685434405,0.09412673,0.39671432917554006,0.5181016124125343,0.45740797079403717,Low,False
2024-05-13 23:00:00,29.6,24,1007.9,False,False,0.033639436467731265,0.106920995,0.649984788560998,0.5829023425616063,0.6164435655613021,Low,False
2024-05-14 00:00:00,28.7,26,1007.9,False,False,0.06493545494672232,0.12595369,0.26620018253726807,0.6620018253726803,0.46410100395497417,Low,False
2024-05-14 01:00:00,27.3,28,1007.8,False,False,0.06311946971632182,0.120872065,0.29327654396105873,0.6445086705202312,0.46889260724064497,Low,False
2024-05-14 02:00:00,25.5,32,1007.6,False,False,0.04526349105620725,0.12108555,0.5222087009431092,0.645421356860359,0.5838150289017341,Low,False
2024-05-14 03:00:00,26.1,32,1007.6,False,False,0.06826565681183383,0.08464172,0.2205658655308792,0.46714329175540004,0.3438545786431396,Low,False
2024-05-14 04:00:00,27.1,29,1007.7,False,False,0.07073197283552107,0.08162214,0.18725281411621542,0.4504107088530575,0.31883176148463643,Low,False
2024-05-14 05:00:00,25.2,34,1008.1,False,False,0.03620260926667662,0.17398797,0.6244295710374201,0.7999695771219958,0.712199574079708,Low,False
2024-05-14 06:00:00,25.6,41,1009.4,False,False,0.02223659292948532,0.3026486,0.7541831457255856,0.9329175540006085,0.8435503498630971,Medium,False
2024-05-14 07:00:00,28.1,37,1010.0,False,False,0.04131152942657984,0.1345286,0.5682993611195619,0.6925768177669608,0.6304380894432613,Low,False
2024-05-14 08:00:00,31.5,31,1010.8,False,False,0.013120945482119895,0.14125009,0.8148767873440828,0.7123516884697292,0.763614237906906,Medium,False
2024-05-14 09:00:00,34.3,26,1010.8,False,False,0.03168139549846938,0.16323578,0.6691512017036811,0.770763614237907,0.719957407970794,Low,False
2024-05-14 10:00:00,36.5,21,1009.8,False,False,0.02560964004486954,0.17320728,0.7278673562519014,0.7972315181016124,0.7625494371767569,Medium,False
2024-05-14 11:00:00,38.1,19,1009.5,False,False,0.027441602995488756,0.13034636,0.7112868877395802,0.6794949802251293,0.6953909339823547,Low,False
2024-05-14 12:00:00,39.3,17,1008.9,False,False,0.030511330569345463,0.119895615,0.6796470946151506,0.6408579251597201,0.6602525098874353,Low,False
2024-05-14 13:00:00,40.1,15,1008.3,False,False,0.029508178997563417,0.1138208,0.6893824155765136,0.6148463644660785,0.652114390021296,Low,False
2024-05-14 14:00:00,40.3,14,1007.4,False,False,0.028613540134605153,0.12158286,0.6985092789777914,0.6473988439306358,0.6729540614542135,Low,False
2024-05-14 15:00:00,39.1,14,1007.0,False,False,0.045935961506484324,0.13985942,0.5146029814420444,0.7085488287191969,0.6115759050806207,Low,False
2024-05-14 16:00:00,39.0,14,1006.1,False,False,0.03496463843144393,0.13915572,0.6396410100395498,0.7064192272588987,0.6730301186492242,Low,False
2024-05-14 17:00:00,38.6,15,1005.8,False,False,0.03825864834499998,0.13137011,0.6026772132643747,0.6831457255856404,0.6429114694250075,Low,False
2024-05-14 18:00:00,36.9,18,1006.8,False,False,0.03857037509933625,0.21051969,0.5979616671737147,0.8603589899604502,0.7291603285670825,Low,False
2024-05-14 19:00:00,33.7,21,1006.2,False,False,0.024517391364248742,0.1799876,0.737906905993307,0.8135077578338911,0.775707331913599,Medium,False
2024-05-14 20:00:00,31.8,24,1006.7,False,False,0.041489606597239326,0.11911398,0.5658655308792212,0.6361423790690599,0.6010039549741406,Low,False
2024-05-14 21:00:00,30.9,25,1007.0,False,False,0.05016572753500026,0.12021243,0.4615150593246121,0.6417706114998479,0.55164283541223,Low,False
2024-05-14 22:00:00,28.7,30,1006.7,False,False,0.037253656464684204,0.13414562,0.6131731061758443,0.6913599026467904,0.6522665044113174,Low,False
2024-05-14 23:00:00,28.9,29,1006.5,False,False,0.04369991322667649,0.25330484,0.5409187709157286,0.9064496501369029,0.7236842105263157,Low,False
2024-05-15 00:00:00,27.0,33,1006.5,False,False,0.04285008757210429,0.16179161,0.5509583206571342,0.7663522969272893,0.6586553087922118,Low,False
2024-05-15 01:00:00,25.8,36,1006.0,False,False,0.0396096775302468,0.14850228,0.5865530879221175,0.7341040462427746,0.660328567082446,Low,False
2024-05-15 02:00:00,26.8,32,1005.6,False,False,0.048656269812841935,0.2663102,0.4815941588074232,0.9145117128080317,0.6980529358077274,Low,False
2024-05-15 03:00:00,28.3,28,1005.4,False,False,0.04861171728430491,0.31177953,0.4822026163675084,0.9377852144812899,0.7099939154243992,Low,False
2024-05-15 04:00:00,27.0,31,1005.6,False,False,0.04907128778694636,0.22406867,0.475813811986614,0.8787648311530271,0.6772893215698206,Low,False
2024-05-15 05:00:00,24.7,37,1006.2,False,False,0.018038405608138797,0.1968082,0.7839975661697597,0.8424094919379373,0.8132035290538485,Medium,False
2024-05-15 06:00:00,26.0,44,1008.7,False,True,0.016003143638238848,0.48731366,0.7973836324916337,0.9796166717371463,0.88850015211439,Medium,True
2024-05-15 07:00:00,28.6,38,1009.1,False,False,0.058144540729058,0.17143269,0.35777304533008825,0.7931244295710375,0.5754487374505628,Low,False
2024-05-15 08:00:00,32.3,31,1009.7,False,False,0.014499354703531697,0.13302247,0.8063583815028902,0.6883176148463644,0.7473379981746273,Low,False
2024-05-15 09:00:00,35.5,24,1010.1,False,False,0.016684763403177594,0.1455998,0.7926680864009735,0.7248250684514755,0.7587465774262245,Medium,False
2024-05-15 10:00:00,38.5,18,1009.3,False,False,0.022161415273749374,0.13405265,0.7554000608457561,0.6912077882567691,0.7233039245512626,Low,False
2024-05-15 11:00:00,40.2,16,1008.6,False,False,0.01656794082464974,0.12893312,0.7940371159111652,0.6744752053544265,0.7342561606327959,Low,False
2024-05-15 12:00:00,41.2,14,1008.0,False,False,0.012884301517014918,0.12219387,0.8173106175844235,0.6484636446607849,0.7328871311226042,Low,False
2024-05-15 13:00:00,41.7,13,1007.0,False,False,0.013920705307328918,0.11635132,0.8106175844234864,0.6247337998174627,0.7176756921204746,Low,False
2024-05-15 14:00:00,42.1,13,1006.1,False,False,0.014074322507462989,0.1305226,0.8092485549132948,0.6804076665652571,0.744828110739276,Low,False
2024-05-15 15:00:00,42.3,12,1004.9,False,False,0.006455386736973989,0.17786977,0.8553392150897475,0.8094006693033161,0.8323699421965318,Medium,False
2024-05-15 16:00:00,42.4,11,1004.6,False,False,0.012800014560597761,0.17632681,0.8179190751445087,0.8060541527228475,0.8119866139336781,Medium,False
2024-05-15 17:00:00,41.4,12,1004.5,False,False,0.025155600714361404,0.16331132,0.7316702160024338,0.771372071797992,0.751521143900213,Medium,False
2024-05-15 18:00:00,38.0,15,1005.9,True,False,-0.0006023249262446795,0.2951614,0.8881959233343474,0.9286583510800122,0.9084271372071797,High,True
2024-05-15 19:00:00,35.5,17,1006.2,False,False,0.03984472863504601,0.13919227,0.5850319440219045,0.7067234560389413,0.6458777000304229,Low,False
2024-05-15 20:00:00,34.0,19,1006.6,False,False,0.05173253705133729,0.08165581,0.44341344691207785,0.45101916641314266,0.44721630666261025,Low,False
2024-05-15 21:00:00,32.7,20,1007.3,False,False,0.041797761524566324,0.08207428,0.5619105567386675,0.4531487678734408,0.5075296623060541,Low,False
2024-05-15 22:00:00,31.0,22,1007.5,False,False,0.03732905736385822,0.1679415,0.6118040766656525,0.7839975661697597,0.697900821417706,Low,False
2024-05-15 23:00:00,29.3,26,1007.5,False,False,0.03251741985499412,0.18090445,0.6609370246425312,0.8156373592941892,0.7382871919683602,Low,False
2024-05-16 00:00:00,28.9,27,1007.1,False,False,0.04257376000202806,0.17009503,0.5536963796775175,0.7909948281107393,0.6723456038941285,Low,False
2024-05-16 01:00:00,27.8,29,1006.7,False,False,0.03266103944511123,0.15551277,0.6597201095223608,0.7517493154852449,0.7057347125038029,Low,False
2024-05-16 02:00:00,27.0,30,1006.4,False,False,0.02837248923088148,0.14688432,0.7013994523881959,0.7280194706419227,0.7147094615150593,Low,False
2024-05-16 03:00:00,27.2,30,1006.5,False,False,0.045293367729334455,0.12940606,0.5217523577730454,0.6764526924247034,0.5991025250988744,Low,False
2024-05-16 04:00:00,26.9,30,1007.1,False,False,0.03586743505939616,0.13567246,0.628993002738059,0.6962275631274718,0.6626102829327654,Low,False
2024-05-16 05:00:00,27.0,30,1007.6,False,False,0.0379645254264917,0.12561612,0.6070885305749925,0.6604806814724673,0.6337846060237299,Low,False
2024-05-16 06:00:00,28.8,33,1008.4,False,False,0.022210219014677124,0.19288754,0.7543352601156069,0.835564344386979,0.794949802251293,Medium,False
2024-05-16 07:00:00,30.7,31,1009.1,False,False,0.017778274026887142,0.1516678,0.7859750532400365,0.742013994523882,0.7639945238819592,Medium,False
2024-05-16 08:00:00,33.3,27,1009.4,False,False,0.013946824142259506,0.15857863,0.8103133556434439,0.7588986918162458,0.7846060237298449,Medium,False
2024-05-16 09:00:00,36.3,22,1009.7,False,False,0.00489272270062302,0.17477392,0.8615759050806207,0.8020991785822938,0.8318375418314572,Medium,False
2024-05-16 10:00:00,38.6,19,1009.3,False,False,0.006642456314260969,0.17981832,0.8550349863097049,0.8132035290538485,0.8341192576817766,Medium,False
2024-05-16 11:00:00,40.9,16,1008.4,True,False,-0.004679469650449519,0.1825801,0.9046242774566474,0.8185275327045939,0.8615759050806207,Medium,True
2024-05-16 12:00:00,42.3,13,1007.2,True,False,-0.00882334908593918,0.16101809,0.9201399452388196,0.7646790386370551,0.8424094919379373,Medium,True
2024-05-16 13:00:00,43.0,12,1005.9,True,False,-0.019343396090886755,0.20569532,0.9526924247033769,0.8530574992394281,0.9028749619714025,High,True
2024-05-16 14:00:00,43.5,11,1004.8,True,False,-0.01915526264474665,0.2332032,0.9517797383632491,0.8872832369942196,0.9195314876787344,High,True
2024-05-16 15:00:00,43.5,11,1003.7,True,False,-0.022203387441094735,0.31604838,0.9575600851840584,0.9400669303316094,0.9488135077578339,High,True
2024-05-16 16:00:00,43.4,11,1003.4,True,True,-0.014819138425059886,0.3281705,0.9396105871615454,0.9450867052023122,0.9423486461819288,High,True
2024-05-16 17:00:00,42.2,11,1003.2,True,True,-0.005537254299452399,0.33492354,0.9075144508670521,0.9476726498326742,0.9275935503498631,High,True
2024-05-16 18:00:00,39.3,13,1002.9,True,True,-0.02941661374449389,0.4460461,0.9688165500456343,0.9739884393063584,0.9714024946759963,High,True
2024-05-16 19:00:00,36.1,17,1003.4,True,True,-0.021570035149700795,0.37070853,0.9561910556738668,0.9583206571341649,0.9572558564040159,High,True
2024-05-16 20:00:00,34.2,22,1004.2,False,True,0.004534508493442391,0.33585218,0.8638576209309401,0.948128993002738,0.9059933069668391,High,True
2024-05-16 21:00:00,32.3,25,1004.7,False,True,0.006281603928626922,0.3836527,0.8567082445999392,0.9628840888348038,0.9097961667173715,High,True
2024-05-16 22:00:00,32.2,25,1005.0,False,True,0.02537802603662337,0.3788569,0.7301490721022208,0.9615150593246121,0.8458320657134164,Medium,True
2024-05-16 23:00:00,30.6,28,1005.0,False,True,0.0027852138376779356,0.4719756,0.8713112260419835,0.9767264983267417,0.9240188621843626,High,True
2024-05-17 00:00:00,29.9,25,1004.8,False,True,0.018908736448658203,0.5003124,0.7780651049589291,0.9820505019774871,0.880057803468208,Medium,True
2024-05-17 01:00:00,28.4,28,1004.2,False,True,0.0021457867100437844,0.46113753,0.8745056282324308,0.9762701551566778,0.9253878916945544,High,True
2024-05-17 02:00:00,27.5,30,1003.9,True,True,-0.007170989452625953,0.47503495,0.914663827198053,0.9776391846668695,0.9461515059324612,High,True
2024-05-17 03:00:00,27.5,31,1004.0,False,True,0.002267670616202422,0.48963013,0.8738971706723456,0.9802251292972315,0.9270611499847885,High,True
2024-05-17 04:00:00,26.7,33,1004.3,True,True,-0.004402453257106087,0.41626334,0.9031031335564345,0.9692728932156982,0.9361880133860663,High,True
2024-05-17 05:00:00,26.2,34,1004.6,False,True,0.001582715045360339,0.39045516,0.8770915728627928,0.9647094615150593,0.9209005171889261,High,True
2024-05-17 06:00:00,28.5,44,1005.5,True,True,-0.011461360703728163,0.5175627,0.9277456647398844,0.9838758746577426,0.9558107696988135,High,True
2024-05-17 07:00:00,30.9,38,1005.6,False,True,0.03304404315980014,0.37136713,0.656221478551871,0.9584727715241862,0.8073471250380286,Medium,True
2024-05-17 08:00:00,34.9,30,1005.9,False,False,0.005177727619903871,0.21376684,0.8603589899604502,0.8658351080012169,0.8630970489808336,Medium,False
2024-05-17 09:00:00,37.5,25,1005.9,False,False,0.031988768964444914,0.101784185,0.6655004563431701,0.5573471250380286,0.6114237906905994,Low,False
2024-05-17 10:00:00,40.1,21,1005.6,False,False,0.00978275268491019,0.11147474,0.835564344386979,0.6028293276543961,0.7191968360206875,Low,False
2024-05-17 11:00:00,41.6,19,1005.0,False,False,0.014606259273595934,0.12459308,0.8055978095527837,0.6574383936720414,0.7315181016124126,Low,False
2024-05-17 12:00:00,42.0,17,1004.4,False,False,0.016580597066433833,0.12425407,0.7938850015211439,0.6560693641618497,0.7249771828414968,Low,False
2024-05-17 13:00:00,42.4,12,1003.9,False,False,0.004815967005442678,0.10447083,0.8621843626407057,0.5702768481898388,0.7162306054152723,Low,False
2024-05-17 14:00:00,42.5,12,1002.8,True,False,-0.004093611524766283,0.10219682,0.901886218436264,0.5599330696683906,0.7309096440523273,Low,True
2024-05-17 15:00:00,41.4,13,1002.4,False,False,0.010184075438808504,0.077613674,0.8337389717067234,0.42622452083967144,0.6299817462731974,Low,False
2024-05-17 16:00:00,41.3,13,1002.3,False,False,0.021473623850129187,0.07123688,0.761028293276544,0.3837846060237298,0.5724064496501369,Low,False
2024-05-17 17:00:00,40.9,13,1002.1,False,False,0.021078601173051048,0.060550816,0.7640705810769699,0.3125950714937633,0.5383328262853666,Low,False
2024-05-17 18:00:00,40.4,14,1001.4,False,False,0.007364152566759152,0.11093761,0.8492546394888957,0.600699726194098,0.7249771828414968,Low,False
2024-05-17 19:00:00,35.1,20,1002.0,True,False,-0.001857671952565032,0.2777059,0.8930635838150289,0.92135686035899,0.9072102220870095,High,True
2024-05-17 20:00:00,33.2,25,1002.6,False,False,0.03590134426021674,0.068180785,0.6285366595679951,0.36416184971098264,0.49634925463948887,Low,False
2024-05-17 21:00:00,32.2,30,1003.2,False,False,0.03844567354310019,0.05695334,0.6002433830240341,0.2899300273805902,0.4450867052023122,Low,False
2024-05-17 22:00:00,31.6,28,1003.1,False,False,0.047614528745209994,0.13652241,0.49528445390933984,0.6982050501977487,0.5967447520535443,Low,False
2024-05-17 23:00:00,32.5,22,1002.8,False,False,0.022489851064530497,0.2182693,0.7525098874353514,0.8722239123821114,0.8123668999087315,Medium,False
2024-05-18 00:00:00,32.5,21,1002.3,False,False,0.03346620613957624,0.08901297,0.6524186188013386,0.49011256464861574,0.5712655917249772,Low,False
2024-05-18 01:00:00,31.4,22,1001.5,False,False,0.031267403872449695,0.11325133,0.6728019470641923,0.6124125342257377,0.642607240644965,Low,False
2024-05-18 02:00:00,29.5,27,1001.4,False,False,0.031860060965751,0.12103357,0.6673258290234256,0.6451171280803164,0.656221478551871,Low,False
2024-05-18 03:00:00,29.1,29,1001.5,False,False,0.04614579521975515,0.13674897,0.5117128080316398,0.6988135077578339,0.6052631578947368,Low,False
2024-05-18 04:00:00,28.3,32,1002.4,False,False,0.043883677137409705,0.16871116,0.5386370550654092,0.7864313964101004,0.6625342257377548,Low,False
2024-05-18 05:00:00,28.0,33,1002.5,False,False,0.04854843842526113,0.099172726,0.48311530270763614,0.5453300882263462,0.5142226954669912,Low,False
2024-05-18 06:00:00,29.8,36,1003.4,False,False,0.04007857994449121,0.16644476,0.5812290842713721,0.7789777912990569,0.6801034377852144,Low,False
2024-05-18 07:00:00,31.3,35,1004.2,False,False,0.03693316169114014,0.07432308,0.6169759659263767,0.4053848494067539,0.5111804076665654,Low,False
2024-05-18 08:00:00,33.6,31,1004.0,False,False,0.03489869829807879,0.10897182,0.6400973532096137,0.5927897779129906,0.6164435655613021,Low,False
2024-05-18 09:00:00,36.9,26,1003.7,False,False,0.024935397348650745,0.1079216,0.7336477030727107,0.587922117432309,0.6607849102525098,Low,False
2024-05-18 10:00:00,40.4,19,1003.1,True,False,-0.0013820520316468743,0.09882398,0.8903255247946456,0.5424399148159416,0.7163827198052936,Low,True
2024-05-18 11:00:00,42.4,14,1002.6,True,False,-0.0016662006178341793,0.071114495,0.8923030118649224,0.3831761484636447,0.6377395801642836,Low,True
2024-05-18 12:00:00,43.4,12,1001.9,True,False,-0.012257967036905182,0.08166939,0.930635838150289,0.451171280803164,0.6909035594767265,Low,True
2024-05-18 13:00:00,43.2,12,1001.0,True,False,-0.013200054099933856,0.08276291,0.9339823547307575,0.4560389412838455,0.6950106480073015,Low,True
2024-05-18 14:00:00,43.7,11,1000.0,True,False,-0.022679360442826924,0.069791935,0.9592333434742927,0.3734408275022817,0.6663370854882872,Low,True
2024-05-18 15:00:00,43.6,12,999.1,True,False,-0.015051551423676646,0.115962185,0.9402190447216306,0.6233647703072711,0.7817919075144508,Medium,True
2024-05-18 16:00:00,43.4,12,998.5,True,False,-0.007192378768065999,0.15641852,0.9148159415880742,0.7543352601156069,0.8345756008518406,Medium,True
2024-05-18 17:00:00,42.5,12,998.4,False,False,0.0022838999196767573,0.17474923,0.873592941892303,0.8019470641922726,0.8377700030422878,Medium,False
2024-05-18 18:00:00,39.6,12,999.3,True,False,-0.01086521364657067,0.22835706,0.9260724064496502,0.8821113477334956,0.9040918770915729,High,True
2024-05-18 19:00:00,36.3,15,999.6,False,False,0.01147764847563737,0.15699829,0.8261332522056587,0.7564648615759051,0.7912990568907818,Medium,False
2024-05-18 20:00:00,33.7,20,1000.1,False,False,0.013831657314038404,0.10676926,0.8113781563735929,0.5822938850015211,0.696836020687557,Low,False
2024-05-18 21:00:00,33.9,18,1000.6,False,False,0.028398773218725748,0.18417221,0.700943109218132,0.8215698205050198,0.7612564648615758,Medium,False
2024-05-18 22:00:00,33.9,18,1000.9,False,False,0.03439198971183738,0.11692492,0.6439002129601461,0.6273197444478248,0.6356099787039855,Low,False
2024-05-18 23:00:00,33.2,20,1000.9,False,False,0.022667162881940872,0.1315203,0.7508366291451172,0.6837541831457256,0.7172954061454213,Low,False
2024-05-19 00:00:00,32.5,22,1000.6,False,False,0.03651147150019368,0.13666074,0.6204745968968665,0.6985092789777912,0.6594919379373289,Low,False
2024-05-19 01:00:00,31.5,24,1000.0,False,False,0.03821098600438022,0.14081457,0.6037420139945239,0.7112868877395802,0.6575144508670521,Low,False
2024-05-19 02:00:00,30.7,25,999.6,False,False,0.035451206235878996,0.15025277,0.634164891998783,0.7383632491633708,0.686264070581077,Low,False
2024-05-19 03:00:00,30.1,26,999.3,False,False,0.02871939080914654,0.17211406,0.6971402494675996,0.7947976878612717,0.7459689686644356,Low,False
2024-05-19 04:00:00,28.4,30,999.5,True,False,-0.002323375849489162,0.13811797,0.8948889564952844,0.7033769394584728,0.7991329479768786,Medium,True
2024-05-19 05:00:00,29.1,30,999.6,False,False,0.016718453985175963,0.18203028,0.7925159720109523,0.8174627319744447,0.8049893519926985,Medium,False
2024-05-19 06:00:00,30.4,41,1000.9,True,False,-0.01669230910229058,0.3017811,0.9456951627623973,0.9320048676604806,0.938850015211439,High,True
2024-05-19 07:00:00,32.4,33,1001.7,False,False,0.011720341771172371,0.051337887,0.8246121083054457,0.24901125646486158,0.5368116823851536,Low,False
2024-05-19 08:00:00,35.5,27,1001.9,False,False,0.010787566035284857,0.0605881,0.8310009126863401,0.3130514146638272,0.5720261636750836,Low,False
2024-05-19 09:00:00,38.7,22,1001.8,True,False,-0.004497576183847274,0.078569904,0.9037115911165197,0.4326133252205659,0.6681624581685428,Low,True
2024-05-19 10:00:00,41.4,16,1001.5,True,False,-0.010469498528180687,0.06469581,0.9247033769394585,0.3428658351080012,0.6337846060237299,Low,True
2024-05-19 11:00:00,42.6,14,1000.8,True,False,-0.016753462922724283,0.07265529,0.94599939154244,0.3968664435655613,0.6714329175540006,Low,True
2024-05-19 12:00:00,43.7,12,1000.0,True,False,-0.02352661991474303,0.062084787,0.9602981442044417,0.3238515363553392,0.6420748402798905,Low,True
2024-05-19 13:00:00,44.3,11,999.0,True,False,-0.02997101483169551,0.06516462,0.9700334651658047,0.34697292363857624,0.6585031944021904,Low,True
2024-05-19 14:00:00,44.8,10,998.1,True,False,-0.02945215375780952,0.06795489,0.9691207788256769,0.3632491633708549,0.6661849710982659,Low,True
2024-05-19 15:00:00,44.2,11,997.4,True,False,-0.01333312191874203,0.083247185,0.9348950410708853,0.4595375722543353,0.6972163066626103,Low,True
2024-05-19 16:00:00,43.1,12,997.1,True,False,-0.013219600057218894,0.08214406,0.9342865835108001,0.4536051110435047,0.6939458472771524,Low,True
2024-05-19 17:00:00,42.1,12,996.7,True,False,-0.0024272243423900663,0.11233654,0.8954974140553696,0.6066321874049285,0.751064800730149,Medium,True
2024-05-19 18:00:00,40.2,13,997.7,True,False,-0.007526748038297226,0.15785329,0.9154243991481594,0.7578338910860968,0.8366291451171282,Medium,True
2024-05-19 19:00:00,36.5,18,998.0,True,False,-0.008155367907213384,0.096675746,0.9178582293885001,0.5317919075144508,0.7248250684514754,Low,True
2024-05-19 20:00:00,33.2,26,998.3,True,False,-0.000385171012084351,0.050855245,0.8875874657742623,0.24566473988439305,0.5666261028293277,Low,True
2024-05-19 21:00:00,31.9,28,998.8,False,False,0.012906229082308318,0.10511952,0.8171585031944022,0.5736233647703073,0.6953909339823547,Low,False
2024-05-19 22:00:00,31.4,29,999.1,False,False,0.02813800406104655,0.11613309,0.7036811682385153,0.6242774566473989,0.6639793124429572,Low,False
2024-05-19 23:00:00,30.3,30,999.2,False,False,0.01888387366393718,0.1487031,0.7783693337389717,0.7347125038028598,0.7565409187709158,Medium,False
2024-05-20 00:00:00,29.9,29,998.9,False,False,0.03182766865349629,0.08135891,0.6679342865835107,0.4490416793428658,0.5584879829631882,Low,False
2024-05-20 01:00:00,29.3,29,998.3,False,False,0.024022220730104293,0.11310219,0.7418618801338607,0.6116519622756312,0.676756921204746,Low,False
2024-05-20 02:00:00,28.9,30,998.4,False,False,0.019668610425218946,0.0869946,0.7724368725281412,0.48098570124733797,0.6267112868877396,Low,False
2024-05-20 03:00:00,28.3,30,998.7,False,False,0.020406987929552423,0.107682526,0.7678734408275023,0.58685731670216,0.6773653787648312,Low,False
2024-05-20 04:00:00,27.8,31,999.3,False,False,0.007432040927885741,0.10612473,0.8484940675387892,0.5792515972010952,0.7138728323699421,Low,False
2024-05-20 05:00:00,26.8,33,999.9,False,False,0.0047984139241109,0.11688137,0.8624885914207484,0.6271676300578035,0.744828110739276,Low,False
2024-05-20 06:00:00,30.2,31,1000.8,True,False,-0.0076453290071808455,0.17007567,0.915728627928202,0.7905384849406754,0.8531335564344387,Medium,True
2024-05-20 07:00:00,32.8,28,1001.2,False,False,0.011128851736689371,0.12674795,0.8278065104958929,0.6639793124429572,0.745892911469425,Low,False
2024-05-20 08:00:00,36.2,24,1001.8,True,False,-0.004626706539102798,0.12736642,0.9041679342865835,0.667021600243383,0.7855947672649832,Medium,True
2024-05-20 09:00:00,39.2,19,1002.2,True,False,-0.007933371678290335,0.1432758,0.9169455430483724,0.718892607240645,0.8179190751445087,Medium,True
2024-05-20 10:00:00,41.1,16,1002.1,True,False,-0.0032698489980668155,0.13822919,0.899300273805902,0.703985397018558,0.80164283541223,Medium,True
2024-05-20 11:00:00,42.5,14,1001.8,True,False,-0.01630531953016756,0.1389726,0.9441740188621843,0.7062671128688774,0.8252205658655309,Medium,True
2024-05-20 12:00:00,43.6,11,1001.1,True,False,-0.02278053079043374,0.10152205,0.959385457864314,0.5564344386979008,0.7579099482811074,Medium,True
2024-05-20 13:00:00,43.7,10,1000.5,True,False,-0.009913329528697057,0.10056635,0.9236385762093094,0.5520231213872833,0.7378308487982963,Low,True
2024-05-20 14:00:00,44.0,10,999.6,True,False,-0.010818587600550322,0.09758127,0.9257681776696075,0.5357468816550046,0.7307575296623061,Low,True
2024-05-20 15:00:00,44.0,10,998.7,True,False,-0.013679361695655423,0.10297367,0.9364161849710982,0.5628232430787953,0.7496197140249468,Low,True
2024-05-20 16:00:00,43.4,11,998.3,False,False,0.0039819782483007105,0.090563156,0.8659872223912382,0.49817462731974443,0.6820809248554913,Low,False
2024-05-20 17:00:00,42.7,10,998.0,False,False,0.0035698414650644494,0.0841591,0.867964709461515,0.46425311834499544,0.6661089139032552,Low,False
2024-05-20 18:00:00,40.7,9,997.9,False,False,0.001335949804569192,0.110059015,0.8786127167630058,0.5967447520535443,0.737678734408275,Low,False
2024-05-20 19:00:00,37.5,10,999.0,True,False,-0.012568044964219038,0.20624329,0.9315485244904168,0.8538180711895346,0.8926832978399757,Medium,True
2024-05-20 20:00:00,34.4,12,999.5,True,False,-0.004026675399300461,0.15426956,0.9011256464861576,0.7474901125646486,0.8243078795254031,Medium,True
2024-05-20 21:00:00,33.3,14,1000.1,False,False,0.011466873586996829,0.06898271,0.82628536659568,0.36872528141162153,0.5975053240036508,Low,False
2024-05-20 22:00:00,33.7,13,1000.5,False,False,0.006260362571210432,0.08242563,0.8570124733799818,0.4546699117736538,0.6558411925768177,Low,False
2024-05-20 23:00:00,32.2,15,1000.5,False,False,0.007001839940250776,0.14322956,0.8521448128993003,0.718436264070581,0.7852905384849407,Medium,False
2024-05-21 00:00:00,32.9,16,1000.5,False,False,0.018129626129434306,0.10766309,0.7835412229996958,0.5862488591420748,0.6848950410708853,Low,False
2024-05-21 01:00:00,29.3,19,1000.2,True,False,-0.0062741392894332115,0.3074293,0.9102525098874353,0.9353513842409492,0.9228019470641923,High,True
2024-05-21 02:00:00,28.5,21,999.8,False,False,0.009675302668709973,0.15045293,0.8358685731670216,0.7388195923334347,0.7873440827502282,Medium,False
2024-05-21 03:00:00,29.0,21,999.5,False,False,0.014022976388420538,0.14343275,0.8098570124733799,0.7193489504107089,0.7646029814420444,Medium,False
2024-05-21 04:00:00,27.8,23,1000.1,True,False,-0.012657594452058385,0.22169344,0.9323090964405233,0.8767873440827503,0.9045482202616368,High,True
2024-05-21 05:00:00,30.3,19,1000.4,False,False,0.011747761135426027,0.17981954,0.8241557651353818,0.8133556434438698,0.8187557042896259,Medium,False
2024-05-21 06:00:00,28.8,32,1001.6,True,True,-0.043016943789748296,0.33782852,0.9831153027076361,0.9488895649528445,0.9660024338302403,High,True
2024-05-21 07:00:00,31.8,27,1001.9,False,False,0.0006029214574467812,0.14795461,0.881807118953453,0.7316702160024339,0.8067386674779434,Medium,False
2024-05-21 08:00:00,35.5,23,1002.3,True,False,-0.019913778968209228,0.16234668,0.9534529966534834,0.7683297839975661,0.8608913903255248,Medium,True
2024-05-21 09:00:00,38.3,19,1002.4,False,False,0.0006445842936291246,0.12908459,0.8815028901734104,0.6750836629145117,0.7782932765439611,Medium,False
2024-05-21 10:00:00,40.9,15,1002.1,True,False,-0.018370793913824457,0.13732283,0.9498022512929724,0.7009431092181321,0.8253726802555522,Medium,True
2024-05-21 11:00:00,42.5,13,1001.6,True,False,-0.03223380890450067,0.13022196,0.9721630666261029,0.6785822938850016,0.8253726802555522,Medium,True
2024-05-21 12:00:00,43.5,12,1000.8,True,False,-0.023204531562247777,0.13198033,0.9599939154243992,0.684971098265896,0.8224825068451476,Medium,True
2024-05-21 13:00:00,44.3,11,1000.0,True,False,-0.026717267050283877,0.12294953,0.966078491025251,0.6515059324612108,0.8087922117432309,Medium,True
2024-05-21 14:00:00,44.5,12,999.4,True,False,-0.015818894752922197,0.14817995,0.9431092181320353,0.7330392455126254,0.8380742318223304,Medium,True
2024-05-21 15:00:00,44.0,12,999.0,True,False,-0.008926394680120575,0.13750957,0.9205962884088835,0.7018557955582598,0.8112260419835717,Medium,True
2024-05-21 16:00:00,43.4,12,998.7,True,False,-0.005497383254049137,0.12576535,0.9072102220870094,0.6610891390325525,0.784149680559781,Medium,True
2024-05-21 17:00:00,42.5,13,998.7,False,False,0.00039117773332153494,0.119078465,0.8830240340736234,0.6356860358989961,0.7593550349863097,Medium,False
2024-05-21 18:00:00,41.1,12,999.2,True,False,-0.004064376079821352,0.16329515,0.9015819896562215,0.7712199574079708,0.8364009735320961,Medium,True
2024-05-21 19:00:00,38.0,17,999.9,True,False,-0.013021358852680964,0.21966626,0.9333738971706723,0.8743535138424094,0.9038637055065408,High,True
2024-05-21 20:00:00,36.2,21,1000.2,False,False,0.021009195355907673,0.085933715,0.764679038637055,0.47642226954669914,0.620550654091877,Low,False
2024-05-21 21:00:00,36.3,20,1000.8,False,False,0.021166095239047944,0.07969137,0.7630057803468209,0.4382415576513538,0.6006236689990874,Low,False
2024-05-21 22:00:00,34.8,20,1000.9,False,False,0.00811277491842044,0.106000364,0.8446912077882568,0.5787952540310314,0.7117432309096441,Low,False
2024-05-21 23:00:00,32.7,24,1000.9,True,False,-0.0066522518258879115,0.14562802,0.9119257681776696,0.7251292972315181,0.8185275327045938,Medium,True
2024-05-22 00:00:00,30.9,26,1000.6,False,False,0.00881026430195514,0.21777682,0.8402798904776392,0.871006997261941,0.8556434438697901,Medium,False
2024-05-22 01:00:00,29.7,29,1000.0,False,False,0.006397917542948051,0.18340848,0.8556434438697901,0.8205050197748707,0.8380742318223304,Medium,False
2024-05-22 02:00:00,30.9,27,999.7,False,False,0.013850684124920687,0.14113835,0.8110739275935503,0.7120474596896866,0.7615606936416185,Medium,False
2024-05-22 03:00:00,29.6,29,999.9,False,False,0.012416469914766526,0.17898002,0.8203529053848494,0.8110739275935503,0.8157134164891999,Medium,False
2024-05-22 04:00:00,28.5,32,1000.3,False,False,0.003902852249438815,0.19934534,0.8662914511712808,0.8457560085184058,0.8560237298448433,Medium,False
2024-05-22 05:00:00,27.7,34,1001.0,False,False,0.0015159592508838804,0.22183496,0.8775479160328568,0.8769394584727715,0.8772436872528142,Medium,False
2024-05-22 06:00:00,30.0,37,1001.9,False,False,0.004929490540369341,0.24362828,0.8614237906905993,0.8979312442957104,0.8796775174931548,Medium,False
2024-05-22 07:00:00,32.6,34,1002.5,False,False,0.011635351421610984,0.096758045,0.8253726802555522,0.5320961362944935,0.6787344082750228,Low,False
2024-05-22 08:00:00,35.5,31,1002.8,False,False,0.01626524735768159,0.11273121,0.7957103742013995,0.608457560085184,0.7020839671432917,Low,False
2024-05-22 09:00:00,38.2,28,1002.7,False,False,0.014888895760862997,0.12744628,0.8040766656525707,0.6676300578034682,0.7358533617280194,Low,False
2024-05-22 10:00:00,40.4,24,1002.4,False,False,0.01662935552010414,0.09910126,0.7929723151810162,0.5448737450562823,0.6689230301186493,Low,False
2024-05-22 11:00:00,42.4,17,1001.7,True,False,-0.00578058990232555,0.064686246,0.9082750228171586,0.34240949193793735,0.625342257377548,Low,True
2024-05-22 12:00:00,43.8,11,1000.7,True,False,-0.018811572163234813,0.041840207,0.9505628232430788,0.17508366291451172,0.5628232430787953,Low,True
2024-05-22 13:00:00,44.5,10,999.8,True,False,-0.014141515321768106,0.062150415,0.9371767569212047,0.3246121083054457,0.6308944326133252,Low,True
2024-05-22 14:00:00,44.8,9,998.9,True,False,-0.012053220300069278,0.06099175,0.9298752662001826,0.315028901734104,0.6224520839671432,Low,True
2024-05-22 15:00:00,44.4,9,998.4,False,False,0.0048588914897342295,0.05944179,0.8618801338606632,0.3060541527228476,0.5839671432917554,Low,False
2024-05-22 16:00:00,44.0,9,997.9,False,False,0.003250553945137069,0.06810272,0.869485853361728,0.36370550654091877,0.6165956799513234,Low,False
2024-05-22 17:00:00,43.0,10,997.8,False,False,0.006391782547180036,0.06697515,0.8557955582598114,0.35777304533008825,0.6067843017949498,Low,False
2024-05-22 18:00:00,41.2,12,998.1,False,False,0.013525535556555168,0.06410482,0.8127471858837846,0.3373897170672346,0.5750684514755096,Low,False
2024-05-22 19:00:00,38.7,12,998.2,False,False,0.006901711335009386,0.12473474,0.8533617280194706,0.6585031944021904,0.7559324612108305,Medium,False
2024-05-22 20:00:00,37.4,14,998.5,False,False,0.02147079690124537,0.061036263,0.7611804076665653,0.31594158807423184,0.5385609978703986,Low,False
2024-05-22 21:00:00,36.0,15,999.5,False,False,0.013078045315806142,0.084847175,0.815485244904168,0.46881655004563433,0.6421508974749012,Low,False
2024-05-22 22:00:00,34.6,16,999.8,False,False,0.023351775089643423,0.07734353,0.7459689686644357,0.4245512625494372,0.5852601156069365,Low,False
2024-05-22 23:00:00,33.5,18,1000.0,False,False,0.00820705464580701,0.094003454,0.8436264070581077,0.5170368116823851,0.6803316093702464,Low,False
2024-05-23 00:00:00,32.8,20,999.5,False,False,0.028139565719902282,0.10835719,0.7035290538484941,0.5897474901125647,0.6466382719805294,Low,False
2024-05-23 01:00:00,32.2,21,998.9,False,False,0.029852829872741737,0.107339256,0.686035898996045,0.5848798296318832,0.6354578643139641,Low,False
2024-05-23 02:00:00,31.8,23,999.0,False,False,0.03560344311094865,0.08529603,0.6318831761484636,0.472771524186188,0.5523273501673258,Low,False
2024-05-23 03:00:00,30.9,30,999.3,False,False,0.027358192705791484,0.053502247,0.7123516884697292,0.26498326741709766,0.4886674779434134,Low,False
2024-05-23 04:00:00,30.2,38,999.5,False,False,0.017624670658338504,0.032954168,0.7870398539701856,0.10328567082446,0.4451627623973228,Low,False
2024-05-23 05:00:00,29.9,44,1000.0,False,False,0.01477383143248534,0.026525818,0.8043808944326133,0.06358381502890173,0.4339823547307575,Low,False
2024-05-23 06:00:00,31.1,50,1000.8,False,False,0.009209794164032836,0.11397213,0.8386066321874049,0.6154548220261636,0.7270307271067843,Low,False
2024-05-23 07:00:00,33.0,49,1001.4,False,False,0.02005931705060776,0.0930886,0.7704593854578643,0.5115606936416185,0.6410100395497413,Low,False
2024-05-23 08:00:00,35.1,46,1001.6,False,False,0.024344768973447894,0.15270329,0.7388195923334347,0.7435351384240949,0.7411773653787648,Low,False
2024-05-23 09:00:00,37.2,40,1001.7,False,False,0.018631177151666956,0.13801675,0.7801947064192273,0.7032248250684515,0.7417097657438394,Low,False
2024-05-23 10:00:00,39.0,34,1001.7,False,False,0.026318961573352506,0.121423975,0.7211743230909644,0.6470946151505933,0.6841344691207789,Low,False
2024-05-23 11:00:00,40.5,29,1001.3,False,False,0.02334245442656907,0.13273787,0.7461210830544569,0.6878612716763006,0.7169911773653788,Low,False
2024-05-23 12:00:00,41.9,25,1000.5,False,False,0.017850686475459843,0.13551599,0.7856708244599939,0.6956191055673867,0.7406449650136904,Low,False
2024-05-23 13:00:00,43.0,19,999.5,False,False,0.009150882512625247,0.111997336,0.8387587465774262,0.6045025859446304,0.7216306662610283,Low,False
2024-05-23 14:00:00,43.6,16,998.5,False,False,0.00019970223542820076,0.09123971,0.8845451779738364,0.501521143900213,0.6930331609370246,Low,False
2024-05-23 15:00:00,43.6,15,997.7,False,False,0.014629740082934217,0.07295872,0.8054456951627624,0.39793124429571036,0.6016884697292364,Low,False
2024-05-23 16:00:00,43.6,14,997.2,False,False,0.014011286807090961,0.07103499,0.8100091268634013,0.3827198052935808,0.596364466078491,Low,False
2024-05-23 17:00:00,42.6,16,997.1,False,False,0.020504003796681047,0.043857753,0.7677213264374809,0.19044721630666261,0.47908427137207177,Low,False
2024-05-23 18:00:00,41.5,15,997.7,False,False,0.02246998562992575,0.112651706,0.7526620018253727,0.6081533313051415,0.6804076665652571,Low,False
2024-05-23 19:00:00,39.3,14,998.4,False,False,0.010928629289386094,0.12104899,0.8297839975661698,0.6452692424703377,0.7375266200182538,Low,False
2024-05-23 20:00:00,37.7,18,998.9,False,False,0.027793159179081706,0.021313863,0.7087009431092182,0.03589899604502586,0.372299969577122,Low,False
2024-05-23 21:00:00,36.5,21,999.2,False,False,0.03718272805544781,0.028133253,0.6142379069059933,0.07499239428049893,0.34461515059324616,Low,False
2024-05-23 22:00:00,35.2,22,999.2,False,False,0.034978831535429133,0.0822135,0.6393367812595072,0.4540614542135686,0.5466991177365379,Low,False
2024-05-23 23:00:00,34.4,24,999.0,False,False,0.03216429707028867,0.12260437,0.6636750836629145,0.650593246121083,0.6571341648919988,Low,False
2024-05-24 00:00:00,33.5,27,999.0,False,False,0.05337986561333785,0.088082455,0.4195314876787344,0.4853970185579556,0.452464253118345,Low,False
2024-05-24 01:00:00,32.8,30,998.9,False,False,0.056692637718228744,0.052495632,0.37770003042287803,0.25707331913599024,0.31738667477943416,Low,False
2024-05-24 02:00:00,32.3,34,998.9,False,False,0.055380261226942396,0.036212303,0.392607240644965,0.12899300273805903,0.260800121691512,Low,False
2024-05-24 03:00:00,31.8,39,999.1,False,False,0.06003064861648788,0.031487137,0.33419531487678733,0.09431092181320352,0.21425311834499544,Low,False
2024-05-24 04:00:00,31.3,42,999.6,False,False,0.06191436230421343,0.030938864,0.3115302707636143,0.09050806206267113,0.2010191664131427,Low,False
2024-05-24 05:00:00,30.6,43,1000.1,False,False,0.055272720033710254,0.036977295,0.39549741405536964,0.13477334955886827,0.26513538180711893,Low,False
2024-05-24 06:00:00,32.2,41,1000.9,False,False,0.04730806728102588,0.026312018,0.5,0.06221478551871007,0.28110739275935503,Low,False
2024-05-24 07:00:00,33.8,38,1001.6,False,False,0.04297890597777221,0.029804237,0.5497414055369638,0.08335868573167021,0.316550045634317,Low,False
2024-05-24 08:00:00,35.8,35,1001.8,False,False,0.04763234792391613,0.059342068,0.4949802251292972,0.3054456951627624,0.4002129601460298,Low,False
2024-05-24 09:00:00,38.2,32,1002.0,False,False,0.031623385879406996,0.06922351,0.6699117736537876,0.3702464253118345,0.5200790994828111,Low,False
2024-05-24 10:00:00,40.7,27,1002.1,False,False,0.01501293066920778,0.07953888,0.8036203224825068,0.43732887131122605,0.6204745968968665,Low,False
2024-05-24 11:00:00,41.5,24,1001.9,False,False,0.018026704354909107,0.06764834,0.784149680559781,0.3611195619105567,0.5726346212351688,Low,False
2024-05-24 12:00:00,42.4,21,1000.8,True,False,-0.003243789633778027,0.06755327,0.8991481594158808,0.36020687557042896,0.6296775174931548,Low,True
2024-05-24 13:00:00,43.1,18,999.7,True,False,-0.001037462407560863,0.039903376,0.8892607240644965,0.1606327958624886,0.5249467599634926,Low,True
2024-05-24 14:00:00,43.7,16,998.8,False,False,0.0012029028920392815,0.03632737,0.8793732887131123,0.13005780346820808,0.5047155460906602,Low,False
2024-05-24 15:00:00,43.8,16,998.2,False,False,0.016321416722869575,0.037047535,0.7954061454213568,0.13522969272893215,0.46531791907514447,Low,False
2024-05-24 16:00:00,44.0,15,997.5,False,False,0.007421376687091641,0.058731683,0.8486461819288105,0.30057803468208094,0.5746121083054457,Low,False
2024-05-24 17:00:00,43.5,15,997.2,False,False,0.010086617058849001,0.052689224,0.8343474292668086,0.2578338910860967,0.5460906601764527,Low,False
2024-05-24 18:00:00,41.5,26,997.6,True,False,-0.022784721892853854,0.07077927,0.9595375722543352,0.38028597505324,0.6699117736537876,Low,True
2024-05-24 19:00:00,37.5,20,998.2,False,True,0.006034670622894034,0.43610847,0.8576209309400669,0.9724672954061454,0.9150441131731062,High,True
2024-05-24 20:00:00,37.3,17,999.2,False,False,0.0264683832030409,0.20999631,0.7198052935807727,0.8594463036203225,0.7896257986005476,Medium,False
2024-05-24 21:00:00,36.6,19,999.4,False,False,0.032096904856967035,0.03460702,0.6639793124429572,0.11423790690599331,0.38910860967447525,Low,False
2024-05-24 22:00:00,35.3,20,999.5,False,False,0.02495657821857533,0.07610244,0.7333434742926681,0.4160328567082446,0.5746881655004563,Low,False
2024-05-24 23:00:00,33.5,22,999.4,False,False,0.011082308733787405,0.15498139,0.8282628536659569,0.750228171585032,0.7892455126254945,Medium,False
2024-05-25 00:00:00,33.0,21,999.2,False,False,0.030216425582386297,0.13202773,0.6825372680255553,0.6855795558259812,0.6840584119257682,Low,False
2024-05-25 01:00:00,31.6,24,998.8,False,False,0.028057729837643375,0.11683447,0.7047459689686644,0.6268634012777609,0.6658046851232127,Low,False
2024-05-25 02:00:00,30.9,28,998.4,False,False,0.03776717830752191,0.08161361,0.6086096744752054,0.4502585944630362,0.5294341344691208,Low,False
2024-05-25 03:00:00,30.2,33,998.5,False,False,0.037331806272479784,0.06715812,0.6116519622756313,0.3583815028901734,0.48501673258290234,Low,False
2024-05-25 04:00:00,29.9,35,998.6,False,False,0.03854342046127712,0.06947995,0.5984180103437785,0.3713112260419836,0.48486461819288107,Low,False
2024-05-25 05:00:00,29.4,37,999.1,False,False,0.028601371421469457,0.07447216,0.6986613933678125,0.40675387891694553,0.552707636142379,Low,False
2024-05-25 06:00:00,30.8,43,1001.3,True,False,-0.006593826876100439,0.31446204,0.911621539397627,0.9394584727715242,0.9255400060845755,High,True
2024-05-25 07:00:00,32.7,40,1001.8,False,False,0.031848549247436686,0.06308258,0.6677821721934896,0.32993611195619105,0.4988591420748403,Low,False
2024-05-25 08:00:00,35.4,35,1002.0,False,False,0.02638043553130881,0.07324916,0.7207179799209005,0.3991481594158807,0.5599330696683906,Low,False
2024-05-25 09:00:00,38.5,26,1001.7,False,False,0.00904805651397278,0.06601742,0.8390629753574688,0.35229692728932155,0.5956799513233951,Low,False
2024-05-25 10:00:00,40.7,22,1001.2,False,False,0.006625814402894503,0.056515988,0.8551871006997263,0.2868877395801643,0.5710374201399453,Low,False
2024-05-25 11:00:00,42.1,19,1000.6,False,False,0.006747776438534414,0.042239744,0.8542744143595984,0.17858229388500152,0.5164283541222999,Low,False
2024-05-25 12:00:00,43.3,17,999.9,False,False,0.00451262007210973,0.045794073,0.8640097353209614,0.2029205962884089,0.5334651658046852,Low,False
2024-05-25 13:00:00,44.0,16,999.1,False,False,0.0012665276698837769,0.05341067,0.8790690599330697,0.2642226954669912,0.5716458777000304,Low,False
2024-05-25 14:00:00,43.9,15,998.2,False,False,0.0007137169889616102,0.055339847,0.8813507757833892,0.2782172193489504,0.5797839975661698,Low,False
2024-05-25 15:00:00,44.0,16,997.4,False,False,0.0035424560846933906,0.080681026,0.8681168238515363,0.4441740188621844,0.6561454213568604,Low,False
2024-05-25 16:00:00,43.8,16,996.7,False,False,0.003414002182994258,0.10163952,0.8688773958016428,0.5567386674779434,0.7128080316397931,Low,False
2024-05-25 17:00:00,43.4,15,996.3,False,False,0.004149311378008114,0.11918179,0.8652266504411317,0.6367508366291451,0.7509887435351383,Medium,False
2024-05-25 18:00:00,42.2,14,997.1,False,False,0.010920751893780445,0.17699505,0.829936111956191,0.8074231822330392,0.8186796470946152,Medium,False
2024-05-25 19:00:00,39.4,17,996.9,True,False,-0.000153065691354759,0.11811841,0.8860663218740493,0.631578947368421,0.7588226346212352,Medium,True
2024-05-25 20:00:00,37.6,19,997.4,False,False,0.015515502043024543,0.07031082,0.8011864922421661,0.3767873440827502,0.5889869181624582,Low,False
2024-05-25 21:00:00,35.8,21,998.2,False,False,0.015299209655234736,0.06418462,0.80164283541223,0.33815028901734107,0.5698965622147856,Low,False
2024-05-25 22:00:00,33.8,26,998.3,False,False,0.026060157597702416,0.09048907,0.7231518101612413,0.4975661697596593,0.6103589899604502,Low,False
2024-05-25 23:00:00,33.1,27,998.2,False,False,0.024638265146634697,0.20193407,0.7371463340432005,0.8486461819288105,0.7928962579860055,Medium,False
2024-05-26 00:00:00,34.3,25,998.0,False,False,0.030286311215448558,0.13779987,0.68192881046547,0.7026163675083663,0.6922725889869181,Low,False
2024-05-26 01:00:00,31.5,28,997.7,False,False,0.022735032411811906,0.16377935,0.750228171585032,0.7741101308183754,0.7621691512017037,Medium,False
2024-05-26 02:00:00,30.5,29,997.6,False,False,0.03768286345049082,0.12794943,0.6095223608153331,0.6706723456038941,0.6400973532096136,Low,False
2024-05-26 03:00:00,29.4,32,997.8,False,False,0.02274029037689118,0.10888,0.7500760571950107,0.5924855491329479,0.6712808031639793,Low,False
2024-05-26 04:00:00,29.2,31,998.0,False,False,0.029438422638692896,0.14754198,0.6907514450867052,0.7306054152722847,0.710678430179495,Low,False
2024-05-26 05:00:00,28.8,32,998.3,False,False,0.01897274897186041,0.1263913,0.7779129905689078,0.6632187404928507,0.7205658655308793,Low,False
2024-05-26 06:00:00,31.0,36,998.7,False,False,0.027977926897489236,0.20002909,0.7055065409187709,0.8466686948585336,0.7760876178886522,Medium,False
2024-05-26 07:00:00,33.9,31,999.0,False,False,0.011719847535274441,0.113464825,0.824764222695467,0.6134773349558869,0.7191207788256769,Low,False
2024-05-26 08:00:00,36.9,27,999.0,False,False,0.017993459456050853,0.09867046,0.7846060237298449,0.5416793428658351,0.66314268329784,Low,False
2024-05-26 09:00:00,39.9,22,999.0,True,False,-0.002353439332754559,0.07386432,0.895193185275327,0.40279890477639185,0.6489960450258594,Low,True
2024-05-26 10:00:00,42.1,18,998.6,True,False,-0.0033196035947501423,0.06730272,0.8996045025859446,0.3592941892303012,0.629449345908123,Low,True
2024-05-26 11:00:00,43.7,16,998.3,True,False,-0.017571252622122224,0.109096095,0.948128993002738,0.5933982354730758,0.7707636142379068,Medium,True
2024-05-26 12:00:00,45.0,14,997.4,True,False,-0.033029058231369146,0.094951026,0.9732278673562519,0.5225129297231518,0.7478703985397018,Low,True
2024-05-26 13:00:00,45.6,13,996.3,True,False,-0.03840922089536447,0.095363595,0.9767264983267417,0.5252509887435352,0.7509887435351384,Medium,True
2024-05-26 14:00:00,46.0,12,995.1,True,False,-0.03965472674657444,0.11277904,0.9791603285670825,0.6086096744752053,0.7938850015211438,Medium,True
2024-05-26 15:00:00,45.9,12,994.1,True,False,-0.04127505708063539,0.15630761,0.9815941588074232,0.7538789169455431,0.8677365378764832,Medium,True
2024-05-26 16:00:00,45.3,13,993.6,True,False,-0.033448878971562124,0.1862897,0.9738363249163371,0.8250684514755096,0.8994523881959233,Medium,True
2024-05-26 17:00:00,44.6,13,993.2,True,False,-0.03458545069406904,0.2591749,0.9744447824764223,0.9097961667173715,0.942120474596897,High,True
2024-05-26 18:00:00,43.0,13,993.9,True,False,-0.04043041117925117,0.26340988,0.9803772436872528,0.9125342257377548,0.9464557347125038,High,True
2024-05-26 19:00:00,39.3,15,994.5,True,False,-0.044962291230775664,0.24214573,0.9847885609978704,0.8964101003954974,0.9405993306966839,High,True
2024-05-26 20:00:00,36.3,19,994.9,True,False,-0.039268509817805386,0.2038208,0.9785518710069973,0.8509278977791299,0.9147398843930636,High,True
2024-05-26 21:00:00,35.0,23,995.3,True,False,-0.010276174253803338,0.222358,0.9243991481594159,0.8773958016428354,0.9008974749011256,High,True
2024-05-26 22:00:00,34.0,27,995.9,True,False,-0.005780943136803107,0.19631688,0.9084271372071798,0.8419531487678734,0.8751901429875266,Medium,True
2024-05-26 23:00:00,33.1,26,995.9,True,True,-0.00045800097526504935,0.37367287,0.8878916945543048,0.9596896866443566,0.9237906905993307,High,True
2024-05-27 00:00:00,35.2,22,995.3,True,True,-0.015061896953441734,0.37332478,0.9403711591116519,0.9595375722543352,0.9499543656829936,High,True
2024-05-27 01:00:00,31.5,28,994.8,True,False,-0.045876718184769905,0.24841048,0.9852449041679343,0.901886218436264,0.9435655613020992,High,True
2024-05-27 02:00:00,31.0,28,994.5,True,False,-0.019914937383262,0.26699215,0.9536051110435048,0.9149680559780955,0.9342865835108001,High,True
2024-05-27 03:00:00,29.9,31,994.3,True,False,-0.045466488448085984,0.23416297,0.985092789777913,0.8881959233343474,0.9366443565561302,High,True
2024-05-27 04:00:00,30.8,30,994.7,True,False,-0.011937209267084414,0.26531547,0.9294189230301186,0.9139032552479465,0.9216610891390326,High,True
2024-05-27 05:00:00,29.6,31,995.2,True,False,-0.03204550980701948,0.18069741,0.9718588378460602,0.8151810161241253,0.8935199269850927,Medium,True
2024-05-27 06:00:00,30.7,40,996.3,True,False,-0.03915751256889677,0.209308,0.978399756616976,0.8579251597201095,0.9181624581685428,High,True
2024-05-27 07:00:00,33.6,33,996.4,True,False,-0.0171513351617808,0.18751465,0.9466078491025252,0.82628536659568,0.8864466078491026,Medium,True
2024-05-27 08:00:00,37.0,28,996.3,True,False,-0.013712968921542945,0.15879512,0.9368725281411622,0.7602677213264375,0.8485701247337998,Medium,True
2024-05-27 09:00:00,40.0,23,996.3,True,False,-0.0174870231713129,0.08851929,0.9476726498326742,0.4878308487982963,0.7177517493154852,Low,True
2024-05-27 10:00:00,42.2,19,996.0,True,False,-0.013200536912450933,0.080552824,0.9341344691207788,0.4432613325220566,0.6886979008214177,Low,True
2024-05-27 11:00:00,43.8,15,995.4,True,False,-0.028489647493570636,0.08151675,0.9682080924855492,0.44995436568299363,0.7090812290842714,Low,True
2024-05-27 12:00:00,45.3,11,994.6,True,False,-0.05164330689819652,0.09085835,0.9896562214785519,0.4989351992698509,0.7442957103742014,Low,True
2024-05-27 13:00:00,46.3,9,993.8,True,False,-0.050165902844296895,0.11282177,0.9882871919683602,0.6090660176452692,0.7986766048068148,Medium,True
2024-05-27 14:00:00,46.6,8,992.8,True,False,-0.04307824594893506,0.09796259,0.9834195314876787,0.5378764831153027,0.7606480073014907,Medium,True
2024-05-27 15:00:00,46.3,8,992.3,True,False,-0.027483855622315256,0.09265412,0.9668390629753575,0.509278977791299,0.7380590203833283,Low,True
2024-05-27 16:00:00,46.0,8,991.7,True,False,-0.029546457654596847,0.11192872,0.9692728932156982,0.6038941283845451,0.7865835108001217,Medium,True
2024-05-27 17:00:00,45.1,8,991.2,True,False,-0.03437371916596832,0.13675259,0.974292668086401,0.6989656221478552,0.8366291451171282,Medium,True
2024-05-27 18:00:00,42.8,7,991.7,True,False,-0.05035295803274131,0.17518255,0.9887435351384241,0.803163979312443,0.8959537572254335,Medium,True
2024-05-27 19:00:00,38.5,10,992.4,True,False,-0.049363208812502446,0.2093766,0.9873745056282325,0.8580772741101308,0.9227258898691817,High,True
2024-05-27 20:00:00,35.7,14,992.8,True,False,-0.03302751188998998,0.14135766,0.9730757529662306,0.7125038028597506,0.8427897779129906,Medium,True
2024-05-27 21:00:00,34.1,15,993.3,True,False,-0.020400298636385705,0.19312862,0.9540614542135686,0.8363249163370855,0.895193185275327,Medium,True
2024-05-27 22:00:00,34.3,14,993.1,True,False,-0.016468339441452318,0.29132092,0.9447824764222695,0.9268329783997566,0.935807727411013,High,True
2024-05-27 23:00:00,33.3,14,992.7,True,True,-0.026557806294834507,0.36858425,0.9653179190751445,0.9569516276239732,0.9611347733495589,High,True
2024-05-28 00:00:00,32.8,16,992.7,True,False,-0.014643449198219027,0.18147123,0.938850015211439,0.8171585031944022,0.8780042592029206,Medium,True
2024-05-28 01:00:00,32.7,16,992.4,True,False,-0.014637605922639851,0.18785028,0.9386979008214177,0.8276543961058717,0.8831761484636447,Medium,True
2024-05-28 02:00:00,31.7,17,992.1,True,False,-0.007421519761856454,0.20313513,0.9152722847581382,0.8498630970489809,0.8825676909035596,Medium,True
2024-05-28 03:00:00,29.2,20,992.1,True,False,-0.04026451554574506,0.2502321,0.9799209005171889,0.9035594767264983,0.9417401886218436,High,True
2024-05-28 04:00:00,28.7,19,992.3,True,False,-0.02586727268740563,0.28653094,0.9644052327350168,0.9242470337693945,0.9443261332522057,High,True
2024-05-28 05:00:00,28.3,20,992.5,True,False,-0.03309913680799126,0.26023015,0.9733799817462732,0.9104046242774566,0.9418923030118649,High,True
2024-05-28 06:00:00,28.9,37,993.4,True,True,-0.07237898472626436,0.43861014,0.9968055978095528,0.9727715241861881,0.9847885609978704,High,True
2024-05-28 07:00:00,31.8,23,993.7,True,False,-0.049696308511303355,0.2751266,0.987678734408275,0.919835716458777,0.953757225433526,High,True
2024-05-28 08:00:00,35.8,20,993.7,True,False,-0.03938541426931019,0.27562624,0.9787039853970185,0.9201399452388196,0.949421965317919,High,True
2024-05-28 09:00:00,39.5,15,993.8,True,False,-0.052240045142412095,0.17710994,0.9899604502585945,0.8077274110130819,0.8988439306358382,Medium,True
2024-05-28 10:00:00,42.4,12,993.5,True,False,-0.0680806156329633,0.18896888,0.995892911469425,0.828871311226042,0.9123821113477335,High,True
2024-05-28 11:00:00,44.6,9,992.9,True,False,-0.06762116900327109,0.193209,0.9957407970794037,0.8367812595071493,0.9162610282932765,High,True
2024-05-28 12:00:00,45.9,7,992.3,True,False,-0.0701553662594172,0.20368977,0.9965013690295101,0.850471554609066,0.9234864618192881,High,True
2024-05-28 13:00:00,46.7,6,991.4,True,False,-0.07618238850935355,0.20942292,0.9978703985397018,0.8582293885001521,0.928049893519927,High,True
2024-05-28 14:00:00,47.3,6,990.7,True,False,-0.07427824071548506,0.21977293,0.997414055369638,0.8748098570124734,0.9361119561910557,High,True
2024-05-28 15:00:00,47.3,6,990.0,True,False,-0.07325647462362384,0.21311626,0.9971098265895953,0.8649224216610891,0.9310161241253423,High,True
2024-05-28 16:00:00,46.4,7,989.5,True,False,-0.06012836683491285,0.20830393,0.9939154243991482,0.8567082445999391,0.9253118344995437,High,True
2024-05-28 17:00:00,45.4,7,989.4,True,False,-0.058538708386289384,0.21050678,0.9930027380590204,0.860206875570429,0.9266048068147247,High,True
2024-05-28 18:00:00,43.3,7,990.2,True,False,-0.06673222740082607,0.2729194,0.9952844539093398,0.9183145725585641,0.956799513233952,High,True
2024-05-28 19:00:00,38.3,10,990.7,True,True,-0.05325498727832145,0.37309217,0.990721022208701,0.959385457864314,0.9750532400365075,High,True
2024-05-28 20:00:00,37.9,10,991.1,True,False,-0.02282159444840748,0.1636608,0.9596896866443565,0.773349558868269,0.8665196227563128,Medium,True
2024-05-28 21:00:00,39.2,8,991.4,True,False,-0.04054537814567272,0.23410876,0.9805293580772741,0.8880438089443261,0.9342865835108001,High,True
2024-05-28 22:00:00,36.6,10,991.6,True,False,-0.059964020289160924,0.20189203,0.9937633100091269,0.8484940675387892,0.921128688773958,High,True
2024-05-28 23:00:00,34.1,12,991.5,True,False,-0.049605346094634295,0.24878639,0.9875266200182538,0.9020383328262853,0.9447824764222695,High,True
2024-05-29 00:00:00,33.7,12,991.1,True,False,-0.03163966820459008,0.155683,0.9715546090660176,0.7526620018253727,0.8621083054456952,Medium,True
2024-05-29 01:00:00,31.0,14,991.0,True,False,-0.05310454466110248,0.29432538,0.9905689078186797,0.9283541222999696,0.9594615150593246,High,True
2024-05-29 02:00:00,32.2,13,991.1,True,False,-0.02700902636030389,0.20472264,0.9663827198052936,0.8518405841192577,0.9091116519622756,High,True
2024-05-29 03:00:00,29.7,16,991.4,True,False,-0.0487293621061714,0.31015542,0.9870702768481898,0.9364161849710982,0.9617432309096441,High,True
2024-05-29 04:00:00,28.8,17,991.6,True,False,-0.03622791191066532,0.2851874,0.9752053544265288,0.9236385762093094,0.9494219653179191,High,True
2024-05-29 05:00:00,29.2,17,992.4,True,False,-0.04137468166153868,0.2769003,0.9818983875874657,0.9210526315789473,0.9514755095832066,High,True
2024-05-29 06:00:00,31.1,23,992.8,True,True,-0.04372938284887096,0.35628426,0.9840279890477639,0.9545177973836325,0.9692728932156982,High,True
2024-05-29 07:00:00,34.0,21,993.3,True,False,-0.05665849986765348,0.22095945,0.9919379373288713,0.8760267721326438,0.9339823547307575,High,True
2024-05-29 08:00:00,37.2,19,993.5,True,False,-0.051826419314526806,0.22940753,0.9898083358685732,0.8836324916337085,0.9367204137511409,High,True
2024-05-29 09:00:00,40.0,17,993.7,True,False,-0.0421022911880482,0.20912199,0.9825068451475509,0.8574688165500456,0.9199878308487983,High,True
2024-05-29 10:00:00,41.6,12,993.8,True,False,-0.05009379896365407,0.1592174,0.988135077578339,0.7614846364466078,0.8748098570124734,Medium,True
2024-05-29 11:00:00,43.7,10,993.1,True,False,-0.06963258995073773,0.2069208,0.9963492546394889,0.854578643139641,0.925463948889565,High,True
2024-05-29 12:00:00,45.1,9,992.6,True,False,-0.06681372251320694,0.18243296,0.9954365682993611,0.8183754183145726,0.9069059933069669,High,True
2024-05-29 13:00:00,45.1,11,992.0,True,False,-0.05160468520206862,0.19625662,0.9893519926985093,0.8414968055978096,0.9154243991481594,High,True
2024-05-29 14:00:00,45.4,12,991.5,True,False,-0.04675140940157141,0.17554589,0.9861575905080621,0.8045330088226347,0.8953452996653484,Medium,True
2024-05-29 15:00:00,47.1,7,990.3,True,False,-0.0738716015395543,0.20634067,0.9972619409796166,0.8539701855795558,0.9256160632795862,High,True
2024-05-29 16:00:00,46.2,6,990.0,True,False,-0.05161635285285193,0.16776168,0.9895041070885305,0.7835412229996958,0.8865226650441131,Medium,True
2024-05-29 17:00:00,45.8,5,990.2,True,False,-0.046265705263093704,0.19413662,0.9858533617280195,0.8386066321874049,0.9122299969577122,High,True
2024-05-29 18:00:00,42.6,11,990.9,True,False,-0.0665894597515001,0.2895645,0.9951323395193186,0.9256160632795862,0.9603742013994524,High,True
2024-05-29 19:00:00,39.7,12,991.3,True,False,-0.046236991823321305,0.23333414,0.9857012473379981,0.8874353513842409,0.9365682993611195,High,True
2024-05-29 20:00:00,39.9,9,992.0,True,False,-0.038751486933784385,0.18082823,0.9776391846668695,0.815485244904168,0.8965622147855188,Medium,True
2024-05-29 21:00:00,37.8,11,992.9,True,False,-0.05770783792516998,0.21639264,0.9923942804989352,0.8688773958016428,0.930635838150289,High,True
2024-05-29 22:00:00,36.3,13,993.6,True,False,-0.05256801023286406,0.16952485,0.9901125646486157,0.7885609978703986,0.8893367812595072,Medium,True
2024-05-29 23:00:00,35.3,15,994.0,True,False,-0.04638274247490992,0.17092495,0.9860054761180408,0.792363857620931,0.8891846668694858,Medium,True
2024-05-30 00:00:00,34.0,18,994.1,True,False,-0.037911190350240376,0.30050176,0.9761180407666565,0.9313964101003955,0.953757225433526,High,True
2024-05-30 01:00:00,31.6,21,994.1,True,True,-0.04089183530770846,0.35769024,0.980985701247338,0.9549741405536963,0.9679799209005171,High,True
2024-05-30 02:00:00,30.9,23,994.0,True,False,-0.03247258938501707,0.2573911,0.9727715241861881,0.9082750228171586,0.9405232735016733,High,True
2024-05-30 03:00:00,31.2,22,994.2,True,False,-0.0264853813323791,0.19728039,0.9650136902951019,0.8430179494980226,0.9040158198965622,High,True
2024-05-30 04:00:00,30.3,22,994.8,True,False,-0.03873233999023051,0.24211203,0.9774870702768482,0.8962579860054761,0.9368725281411622,High,True
2024-05-30 05:00:00,29.5,21,995.9,True,False,-0.04198961588660011,0.28756478,0.9823547307575297,0.9247033769394585,0.9535290538484941,High,True
2024-05-30 06:00:00,29.4,20,997.0,True,False,-0.04619571590489846,0.31174648,0.9855491329479769,0.9376331000912687,0.9615911165196227,High,True
2024-05-30 07:00:00,31.8,18,997.9,True,False,-0.052671002986337645,0.258081,0.9904167934286584,0.909035594767265,0.9497261940979618,High,True
2024-05-30 08:00:00,35.8,16,998.4,True,False,-0.06961469283786792,0.31015924,0.9961971402494676,0.9365682993611195,0.9663827198052936,High,True
2024-05-30 09:00:00,39.1,16,998.6,True,False,-0.07585023872940166,0.27288088,0.9975661697596593,0.9181624581685427,0.957864313964101,High,True
2024-05-30 10:00:00,41.9,14,998.2,True,False,-0.08421425696901086,0.2261344,0.9987830848798296,0.8795254031031335,0.9391542439914815,High,True
2024-05-30 11:00:00,43.7,10,997.9,True,False,-0.09192642989115374,0.14807451,0.9992394280498935,0.7321265591724977,0.8656829936111956,Medium,True
2024-05-30 12:00:00,44.7,8,997.2,True,False,-0.07965796345502907,0.15001184,0.9980225129297231,0.7376026772132643,0.8678125950714937,Medium,True
2024-05-30 13:00:00,45.7,7,996.3,True,False,-0.09362534850960946,0.19368231,0.9993915424399148,0.8376939458472772,0.918542744143596,High,True
2024-05-30 14:00:00,46.1,6,995.6,True,False,-0.07271758002995132,0.20731665,0.9969577121995741,0.8556434438697901,0.926300578034682,High,True
2024-05-30 15:00:00,46.1,6,995.0,True,False,-0.05803619179015951,0.2109536,0.9926985092789777,0.8611195619105567,0.9269090355947672,High,True
2024-05-30 16:00:00,45.9,6,994.6,True,False,-0.058111902605880505,0.19922478,0.9928506236689991,0.845299665348342,0.9190751445086706,High,True
2024-05-30 17:00:00,46.1,6,993.9,True,False,-0.05713186164916073,0.23560695,0.9922421661089139,0.8904776391846668,0.9413599026467904,High,True
2024-05-30 18:00:00,42.6,5,995.6,True,True,-0.06637075589195973,0.49027163,0.9949802251292972,0.9805293580772741,0.9877547916032856,High,True
2024-05-30 19:00:00,38.3,8,996.3,True,False,-0.03891442145171631,0.3023782,0.977943413446912,0.9324612108305446,0.9552023121387283,High,True
2024-05-30 20:00:00,36.6,8,996.9,True,False,-0.03597714513073691,0.11307618,0.9749011256464861,0.6111956191055674,0.7930483723760268,Medium,True
2024-05-30 21:00:00,36.1,8,997.5,True,False,-0.029211137330487746,0.08520783,0.9685123212655917,0.4720109522360815,0.7202616367508367,Low,True
2024-05-30 22:00:00,34.4,11,997.8,True,False,-0.02660667705494535,0.12972851,0.9654700334651658,0.6773653787648312,0.8214177061149985,Medium,True
2024-05-30 23:00:00,33.4,14,997.9,True,False,-0.02187392326998938,0.14569362,0.9569516276239732,0.7252814116215394,0.8411165196227564,Medium,True
2024-05-31 00:00:00,31.2,15,997.4,True,True,-0.017344175387066785,0.32317564,0.9473684210526316,0.9428049893519928,0.9450867052023122,High,True
2024-05-31 01:00:00,30.5,15,997.0,True,False,-0.010096491803907925,0.21930465,0.9240949193793733,0.873592941892303,0.8988439306358381,Medium,True
2024-05-31 02:00:00,29.4,16,997.0,True,False,-0.0256607420024052,0.22547834,0.9637967751749316,0.8793732887131123,0.921585031944022,High,True
2024-05-31 03:00:00,29.3,15,997.1,True,False,-0.019088783264460174,0.23889242,0.9516276239732279,0.8933678125950715,0.9224977182841496,High,True
2024-05-31 04:00:00,28.3,17,997.5,True,False,-0.02231072780891641,0.30453658,0.9580164283541223,0.9339823547307575,0.9459993915424398,High,True
2024-05-31 05:00:00,29.3,14,998.6,True,False,-0.0376437341691771,0.30640444,0.975813811986614,0.9348950410708853,0.9553544265287497,High,True
2024-05-31 06:00:00,29.2,23,999.7,True,True,-0.04731182335825668,0.3571279,0.9864618192881046,0.9546699117736538,0.9705658655308792,High,True
2024-05-31 07:00:00,31.8,19,1000.2,True,False,-0.024730958255022806,0.23882325,0.9625798600547611,0.8932156982050502,0.9278977791299057,High,True
2024-05-31 08:00:00,35.6,16,1000.7,True,False,-0.04427679108261062,0.26221505,0.9846364466078491,0.9110130818375418,0.9478247642226955,High,True
2024-05-31 09:00:00,38.1,18,1001.0,True,False,-0.028434998205704276,0.2909625,0.9680559780955278,0.9266808640097354,0.9473684210526316,High,True
2024-05-31 10:00:00,40.6,24,1000.7,True,True,-0.049995041090060255,0.48641995,0.9879829631883176,0.979464557347125,0.9837237602677213,High,True
2024-05-31 11:00:00,42.6,21,1000.2,True,False,-0.049199804040105155,0.2566341,0.9872223912382111,0.9076665652570733,0.9474444782476422,High,True
2024-05-31 12:00:00,44.0,15,999.4,True,False,-0.04771801854498259,0.21259668,0.986613933678126,0.8641618497109826,0.9253878916945544,High,True
2024-05-31 13:00:00,44.9,13,998.5,True,False,-0.05333534722485167,0.21704349,0.9908731365987222,0.8702464253118345,0.9305597809552784,High,True
2024-05-31 14:00:00,45.5,10,997.2,True,False,-0.05125082134441428,0.27388927,0.989199878308488,0.9190751445086706,0.9541375114085793,High,True
2024-05-31 15:00:00,45.2,8,996.6,True,False,-0.024318788491013876,0.2271644,0.9619714024946759,0.880742318223304,0.9213568603589899,High,True
2024-05-31 16:00:00,44.7,8,996.4,True,False,-0.016590635866385428,0.20344825,0.9452388195923335,0.8501673258290234,0.8977030727106785,Medium,True
2024-05-31 17:00:00,44.8,8,995.9,True,False,-0.025864246248568756,0.21068099,0.9642531183449954,0.8606632187404929,0.9124581685427442,High,True
2024-05-31 18:00:00,41.4,20,996.8,True,False,-0.06072623103944408,0.25148392,0.9942196531791907,0.9047763918466687,0.9494980225129297,High,True
2024-05-31 19:00:00,41.3,10,997.3,True,True,-0.014326338233736413,0.38591662,0.9377852144812899,0.9631883176148464,0.9504867660480681,High,True
2024-05-31 20:00:00,36.9,13,997.8,True,False,-0.01581749270833921,0.3002236,0.942957103742014,0.9309400669303316,0.9369485853361728,High,True
2024-05-31 21:00:00,36.4,14,998.2,False,False,0.009389557623430023,0.10058774,0.837085488287192,0.5523273501673258,0.694706419227259,Low,False
2024-05-31 22:00:00,35.8,14,998.5,True,False,-0.0016299458318522753,0.106676884,0.8916945543048372,0.5818375418314573,0.7367660480681473,Low,True
2024-05-31 23:00:00,34.0,16,998.4,True,False,-0.013225441490099188,0.19285923,0.9345908122908427,0.8354122299969577,0.8850015211439002,Medium,True
2024-06-01 00:00:00,32.7,17,998.0,True,False,-0.00010170167459089274,0.20974149,0.8857620930940067,0.8591420748402799,0.8724520839671432,Medium,True
2024-06-01 01:00:00,32.7,17,997.8,False,False,0.011479805887297079,0.16937943,0.8259811378156374,0.7879525403103134,0.8069668390629754,Medium,False
2024-06-01 02:00:00,33.5,15,997.7,False,False,0.0023976901875639167,0.16727126,0.8729844843322179,0.7817158503194402,0.827350167325829,Medium,False
2024-06-01 03:00:00,33.1,17,997.7,False,False,0.014429634923256496,0.14561342,0.8066626102829327,0.7249771828414968,0.7658198965622147,Medium,False
2024-06-01 04:00:00,32.2,22,998.1,False,False,0.010735197814339181,0.1438398,0.831457255856404,0.7201095223608154,0.7757833891086097,Medium,False
2024-06-01 05:00:00,31.7,22,998.4,False,False,0.018145268232897194,0.13967322,0.7833891086096745,0.7079403711591117,0.7456647398843931,Low,False
2024-06-01 06:00:00,32.0,26,999.5,True,False,-0.006773218406349812,0.17213012,0.91314268329784,0.794949802251293,0.8540462427745665,Medium,True
2024-06-01 07:00:00,33.9,24,1000.2,True,False,-0.005670251565393802,0.110427506,0.9079707940371159,0.5988743535138424,0.7534225737754792,Medium,True
2024-06-01 08:00:00,36.4,23,1000.8,True,False,-0.008930722209337327,0.14155573,0.9207484027989048,0.7138728323699421,0.8173106175844235,Medium,True
2024-06-01 09:00:00,39.2,21,1000.9,True,False,-0.008603991782211384,0.15807879,0.9186188013386066,0.7581381198661393,0.838378460602373,Medium,True
2024-06-01 10:00:00,41.6,18,1000.7,True,False,-0.016970097240444848,0.14496249,0.9461515059324612,0.7223912382111348,0.834271372071798,Medium,True
2024-06-01 11:00:00,43.8,11,1000.4,True,False,-0.03883737907145923,0.11685599,0.9777912990568908,0.6270155156677821,0.8024034073623365,Medium,True
2024-06-01 12:00:00,44.8,9,999.6,True,False,-0.04110249546210443,0.09439694,0.9811378156373592,0.5199269850927898,0.7505324003650745,Medium,True
2024-06-01 13:00:00,44.8,8,998.8,True,False,-0.02601549330441899,0.074210346,0.9647094615150593,0.4047763918466687,0.684742926680864,Low,True
2024-06-01 14:00:00,43.4,11,998.6,True,False,-0.023651410349210478,0.12096767,0.9609066017645269,0.6448128993002739,0.8028597505324004,Medium,True
2024-06-01 15:00:00,42.7,12,998.6,True,False,-0.011761402608221894,0.07819608,0.9289625798600547,0.4309400669303316,0.6799513233951932,Low,True
2024-06-01 16:00:00,43.0,11,998.3,True,False,-0.012507216320860604,0.0510979,0.9310921813203529,0.2479464557347125,0.5895193185275327,Low,True
2024-06-01 17:00:00,42.1,11,998.4,False,False,0.0014258582081203564,0.080695376,0.8780042592029206,0.44478247642226953,0.6613933678125951,Low,False
2024-06-01 18:00:00,39.9,17,999.7,True,False,-0.0278441649293798,0.29070494,0.9674475205354427,0.9262245208396714,0.946836020687557,High,True
2024-06-01 19:00:00,37.6,23,1000.0,True,False,-0.008569790704627045,0.14173685,0.9184666869485854,0.71478551871007,0.8166261028293277,Medium,True
2024-06-01 20:00:00,37.5,21,1000.1,False,False,0.0037007494088568404,0.07729204,0.8675083662914511,0.42409491937937327,0.6458016428354122,Low,False
2024-06-01 21:00:00,36.9,22,1000.3,False,False,0.0054106364309642885,0.07916309,0.8599026467903863,0.43565561302099176,0.647779129905689,Low,False
2024-06-01 22:00:00,35.4,23,1000.5,True,False,-0.00628145807425351,0.12300132,0.9104046242774566,0.6519622756312747,0.7811834499543657,Medium,True
2024-06-01 23:00:00,34.7,24,1000.6,False,False,0.0014384417420711948,0.11368794,0.8778521448128993,0.6143900212960146,0.7461210830544569,Low,False
2024-06-02 00:00:00,34.2,26,1000.2,False,False,0.010472146631466117,0.18592677,0.8323699421965318,0.824764222695467,0.8285670824459994,Medium,False
2024-06-02 01:00:00,33.8,27,999.9,False,False,0.02238450333731362,0.15328811,0.752814116215394,0.7452083967143291,0.7490112564648616,Low,False
2024-06-02 02:00:00,33.2,29,999.9,False,False,0.02121382819695894,0.16904554,0.7627015515667782,0.7873440827502282,0.7750228171585032,Medium,False
2024-06-02 03:00:00,32.7,31,1000.2,False,False,0.027213288407401615,0.21211034,0.7138728323699421,0.8629449345908123,0.7884088834803773,Medium,False
2024-06-02 04:00:00,32.1,33,1000.8,False,False,0.020811016191536746,0.26922488,0.7660480681472468,0.9155765135381807,0.8408122908427138,Medium,False
2024-06-02 05:00:00,31.4,35,1001.2,False,False,0.030792292371761176,0.2678652,0.6772132643748099,0.9151201703681168,0.7961667173714633,Medium,False
2024-06-02 06:00:00,31.3,41,1001.7,False,False,0.025653946766431568,0.26964688,0.7268025555217523,0.9158807423182233,0.8213416489199878,Medium,False
2024-06-02 07:00:00,33.4,36,1002.5,False,False,0.0214928535465857,0.095687084,0.7602677213264375,0.5267721326437481,0.6435199269850929,Low,False
2024-06-02 08:00:00,36.1,32,1002.7,False,False,0.024221602586787183,0.106394894,0.7401886218436264,0.5804685123212656,0.660328567082446,Low,False
2024-06-02 09:00:00,38.4,28,1003.1,False,False,0.02341464766214174,0.0835237,0.7453605111043504,0.4613629449345908,0.6033617280194706,Low,False
2024-06-02 10:00:00,40.4,24,1002.6,False,False,0.013615275785417658,0.09149976,0.8122908427137208,0.5031944021904472,0.6577426224520839,Low,False
2024-06-02 11:00:00,42.4,18,1002.0,False,False,0.0013758063557155475,0.049392484,0.8783084879829632,0.23319135990264678,0.555749923942805,Low,False
2024-06-02 12:00:00,43.6,13,1001.3,True,False,-0.010739887460371689,0.03293824,0.9256160632795862,0.1029814420444174,0.5142987526620019,Low,True
2024-06-02 13:00:00,43.8,12,1000.5,False,False,0.0018243822723637004,0.042010237,0.8755704289625799,0.17645269242470338,0.5260115606936416,Low,False
2024-06-02 14:00:00,44.0,11,999.8,False,False,0.009001755718734294,0.03471811,0.8393672041375114,0.11499847885609979,0.4771828414968056,Low,False
2024-06-02 15:00:00,44.2,11,999.1,False,False,0.008485871876274531,0.040208064,0.8425616063279586,0.16337085488287192,0.5029662306054152,Low,False
2024-06-02 16:00:00,44.2,11,998.5,False,False,0.008133922019395723,0.0476526,0.8443869790082141,0.21980529358077275,0.5320961362944935,Low,False
2024-06-02 17:00:00,43.6,12,998.4,False,False,0.013120683818560797,0.050666437,0.815028901734104,0.24338302403407364,0.5292059628840888,Low,False
2024-06-02 18:00:00,42.0,8,999.5,True,True,-0.012548545511297582,0.32704,0.9313964101003955,0.9441740188621843,0.9377852144812899,High,True
2024-06-02 19:00:00,39.4,8,999.8,True,False,-0.0081197905952336,0.13469785,0.9175540006084576,0.6930331609370246,0.805293580772741,Medium,True
2024-06-02 20:00:00,36.4,10,1000.2,True,False,-0.005909444361004046,0.16977857,0.9087313659872224,0.7890173410404624,0.8488743535138423,Medium,True
2024-06-02 21:00:00,35.0,12,1000.6,False,False,0.017194352849062844,0.09552446,0.7890173410404624,0.5260115606936416,0.6575144508670521,Low,False
2024-06-02 22:00:00,34.1,12,1000.8,False,False,0.015086004567187894,0.12579615,0.803163979312443,0.6613933678125951,0.7322786735625191,Low,False
2024-06-02 23:00:00,34.9,12,1000.6,True,False,-0.0006266066234595913,0.14802848,0.8883480377243688,0.7319744447824764,0.8101612412534226,Medium,True
2024-06-03 00:00:00,31.8,15,1000.1,True,False,-0.0046354390610260365,0.26950112,0.9044721630666261,0.915728627928202,0.9101003954974141,High,True
2024-06-03 01:00:00,30.4,17,999.8,False,False,0.010960450779390174,0.15734418,0.8294797687861272,0.7573775479160328,0.79342865835108,Medium,False
2024-06-03 02:00:00,30.7,17,1000.0,False,False,0.019221334842889015,0.13705654,0.7760876178886522,0.7003346516580469,0.7382111347733495,Low,False
2024-06-03 03:00:00,31.2,28,1000.1,False,False,0.0059449183927950955,0.1855007,0.8582293885001522,0.8236994219653179,0.840964405232735,Medium,False
2024-06-03 04:00:00,30.9,32,1000.4,False,False,0.04292623573093274,0.04096308,0.5501977487070278,0.16960754487374505,0.3599026467903864,Low,False
2024-06-03 05:00:00,30.8,33,1000.7,False,False,0.04458511173338747,0.03541937,0.5301186492242166,0.12260419835716459,0.3263614237906906,Low,False
2024-06-03 06:00:00,31.1,46,1001.7,True,False,-0.03358828994426577,0.26387239,0.9741405536963796,0.9134469120778825,0.9437937328871311,High,True
2024-06-03 07:00:00,33.2,42,1002.2,False,False,0.019245579515630717,0.06495142,0.7756312747185884,0.3446912077882568,0.5601612412534226,Low,False
2024-06-03 08:00:00,35.8,37,1002.3,False,False,0.026660066757003442,0.10204938,0.718436264070581,0.5591724977182841,0.6388043808944326,Low,False
2024-06-03 09:00:00,38.4,32,1002.2,False,False,0.02163136800150256,0.104269266,0.7588986918162458,0.569364161849711,0.6641314268329783,Low,False
2024-06-03 10:00:00,40.9,25,1001.9,False,False,0.018008409149456617,0.078491375,0.7843017949498022,0.4320048676604807,0.6081533313051415,Low,False
2024-06-03 11:00:00,42.7,19,1001.4,True,False,-0.00022693583498700765,0.066785164,0.8866747794341345,0.35640401581989656,0.6215393976270156,Low,True
2024-06-03 12:00:00,43.8,15,1000.5,True,False,-0.004076423503026505,0.06887075,0.9017341040462428,0.3678125950714938,0.6347733495588683,Low,True
2024-06-03 13:00:00,44.5,14,999.7,True,False,-0.0031219117918053207,0.08307357,0.8982354730757529,0.4581685427441436,0.6782020079099482,Low,True
2024-06-03 14:00:00,44.7,14,998.7,True,False,-0.012106728405570366,0.0998659,0.9300273805902038,0.5485244904167934,0.7392759355034986,Low,True
2024-06-03 15:00:00,44.8,13,998.0,True,False,-0.010380196924009266,0.08827504,0.9245512625494372,0.4870702768481898,0.7058107696988135,Low,True
2024-06-03 16:00:00,44.4,13,997.2,True,False,-0.017158393702956576,0.12579547,0.9467599634925464,0.6612412534225738,0.8040006084575602,Medium,True
2024-06-03 17:00:00,43.9,13,997.2,True,False,-0.007157632915414935,0.11415273,0.9145117128080317,0.6162153939762701,0.7653635533921509,Medium,True
2024-06-03 18:00:00,41.2,11,997.8,True,False,-0.025952961124262264,0.17593916,0.964557347125038,0.805293580772741,0.8849254639488895,Medium,True
2024-06-03 19:00:00,36.8,15,998.4,True,False,-0.00032016080209473774,0.15935129,0.8872832369942196,0.762093094006693,0.8246881655004563,Medium,True
2024-06-03 20:00:00,39.0,12,999.0,True,True,-0.008638205935727505,0.34161302,0.9189230301186493,0.9499543656829936,0.9344386979008215,High,True
2024-06-03 21:00:00,34.5,17,999.2,True,False,-0.008294500809866934,0.1821163,0.9183145725585641,0.8176148463644661,0.867964709461515,Medium,True
2024-06-03 22:00:00,34.1,18,999.2,False,False,0.02020400220074403,0.12514715,0.7698509278977791,0.6592637663522969,0.7145573471250379,Low,False
2024-06-03 23:00:00,32.5,21,998.7,False,False,0.0119037632184541,0.23211247,0.8233951931852753,0.8865226650441131,0.8549589291146942,Medium,False
2024-06-04 00:00:00,31.7,21,998.1,False,False,0.028579674574441494,0.14950766,0.6989656221478552,0.7366899908731366,0.7178278065104959,Low,False
2024-06-04 01:00:00,30.9,22,997.8,False,False,0.026466170604382167,0.16502094,0.719957407970794,0.7763918466686949,0.7481746273197445,Low,False
2024-06-04 02:00:00,30.9,21,997.8,False,False,0.02096990488161543,0.21406637,0.7651353818071189,0.8664435655613021,0.8157894736842105,Medium,False
2024-06-04 03:00:00,32.1,20,997.8,False,False,0.01872032084527142,0.2452527,0.7795862488591421,0.8988439306358381,0.8392150897474902,Medium,False
2024-06-04 04:00:00,32.0,22,998.5,False,False,0.028157083188581344,0.19494034,0.7033769394584728,0.839671432917554,0.7715241861880133,Medium,False
2024-06-04 05:00:00,32.0,24,999.0,False,False,0.03474914743402707,0.120141394,0.6414663827198053,0.6414663827198053,0.6414663827198053,Low,False
2024-06-04 06:00:00,29.8,32,1000.9,True,False,-0.03139072800061482,0.2736852,0.9709461515059324,0.9189230301186492,0.9449345908122908,High,True
2024-06-04 07:00:00,32.7,29,1001.4,True,False,-0.008145038470551147,0.15380964,0.9177061149984789,0.7461210830544569,0.8319135990264679,Medium,True
2024-06-04 08:00:00,35.6,27,1002.0,True,False,-0.012725940544794478,0.13739721,0.9326133252205658,0.7012473379981746,0.8169303316093702,Medium,True
2024-06-04 09:00:00,37.4,25,1002.2,True,False,-0.0034833227382345955,0.1287904,0.9000608457560085,0.6738667477943413,0.7869637967751749,Medium,True
2024-06-04 10:00:00,39.4,22,1001.9,True,False,-0.005107670515624441,0.14035308,0.9058411925768177,0.7099178582293885,0.807879525403103,Medium,True
2024-06-04 11:00:00,41.5,19,1001.3,True,False,-0.01620754478943265,0.13744876,0.9438697900821418,0.7015515667782172,0.8227106784301794,Medium,True
2024-06-04 12:00:00,43.0,17,1000.1,True,False,-0.0384122208622929,0.15700343,0.976878612716763,0.7566169759659264,0.8667477943413446,Medium,True
2024-06-04 13:00:00,43.9,14,999.1,True,False,-0.03298240104693173,0.10143255,0.9729236385762093,0.555978095527837,0.7644508670520231,Medium,True
2024-06-04 14:00:00,44.2,14,998.1,True,False,-0.026033120242245578,0.14358974,0.9648615759050806,0.7195010648007302,0.8421813203529054,Medium,True
2024-06-04 15:00:00,44.0,14,997.2,True,False,-0.02362775233453185,0.17702734,0.9606023729844844,0.8075752966230605,0.8840888348037724,Medium,True
2024-06-04 16:00:00,43.7,13,996.8,True,False,-0.012927443925213278,0.17484894,0.9330696683906298,0.8022512929723152,0.8676604806814725,Medium,True
2024-06-04 17:00:00,43.3,12,996.8,True,False,-0.009499129060010492,0.18574215,0.922421661089139,0.8240036507453605,0.8732126559172497,Medium,True
2024-06-04 18:00:00,41.8,13,997.9,True,False,-0.011712214294060441,0.25023842,0.9286583510800122,0.9037115911165197,0.9161849710982659,High,True
2024-06-04 19:00:00,37.5,18,998.1,True,False,-0.005748812954032734,0.21918656,0.9081229084271372,0.8734408275022817,0.8907818679647095,Medium,True
2024-06-04 20:00:00,36.2,19,998.8,False,False,0.016098378082493592,0.1128169,0.7970794037115911,0.608913903255248,0.7029966534834196,Low,False
2024-06-04 21:00:00,35.3,21,999.0,False,False,0.01938358365281756,0.09770868,0.7751749315485245,0.5369637967751749,0.6560693641618497,Low,False
2024-06-04 22:00:00,37.3,18,999.1,True,False,-0.0028841709339971766,0.21787642,0.8974749011256464,0.8711591116519622,0.8843170063888044,Medium,True
2024-06-04 23:00:00,33.0,24,999.4,True,False,-0.01808017004767648,0.22946215,0.9494980225129297,0.8837846060237299,0.9166413142683298,High,True
2024-06-05 00:00:00,32.0,25,999.0,False,False,0.022193570831181786,0.18514319,0.7544873745056282,0.8224825068451476,0.7884849406753879,Medium,False
2024-06-05 01:00:00,31.3,25,998.7,False,False,0.027815272572792926,0.17234518,0.7082445999391542,0.7954061454213569,0.7518253726802555,Medium,False
2024-06-05 02:00:00,32.3,23,998.9,False,False,0.023153319515900717,0.16131271,0.747185883784606,0.7654396105871616,0.7563127471858838,Medium,False
2024-06-05 03:00:00,32.8,21,998.9,False,False,0.020728227874872107,0.15660702,0.7668086400973533,0.7550958320657134,0.7609522360815333,Medium,False
2024-06-05 04:00:00,32.5,23,999.6,False,False,0.025772443749012275,0.16696304,0.7252814116215394,0.7806510495892911,0.7529662306054152,Medium,False
2024-06-05 05:00:00,32.2,27,1000.4,False,False,0.017086513946218684,0.14831515,0.7894736842105263,0.7336477030727107,0.7615606936416185,Medium,False
2024-06-05 06:00:00,32.4,42,1001.2,True,True,-0.021540326162635903,0.3203175,0.9558868268938242,0.9415880742318223,0.9487374505628232,High,True
2024-06-05 07:00:00,34.0,34,1002.2,True,False,-0.0043347428721084436,0.067240536,0.9024946759963492,0.3591420748402799,0.6308183754183145,Low,True
2024-06-05 08:00:00,35.7,37,1002.4,False,False,0.0172079463900337,0.29598883,0.7888652266504411,0.9289625798600548,0.858913903255248,Medium,False
2024-06-05 09:00:00,37.0,37,1003.0,False,False,0.011734017801210417,0.11608974,0.8244599939154245,0.6239732278673562,0.7242166108913903,Low,False
2024-06-05 10:00:00,38.2,36,1002.5,False,False,0.006834640322064933,0.2170214,0.8538180711895346,0.8700943109218132,0.8619561910556739,Medium,False
2024-06-05 11:00:00,38.8,34,1003.0,False,False,0.019604979442686132,0.08042796,0.7730453300882263,0.4425007605719501,0.6077730453300882,Low,False
2024-06-05 12:00:00,38.5,32,1002.6,False,False,0.01847014794631263,0.12908593,0.7817158503194402,0.675235777304533,0.7284758138119867,Low,False
2024-06-05 13:00:00,39.9,28,1001.1,True,False,-0.00452562982047422,0.25594103,0.9040158198965622,0.9073623364770307,0.9056890781867964,High,True
2024-06-05 14:00:00,40.2,23,999.8,True,False,-0.00451792403245499,0.18449584,0.9038637055065409,0.8220261636750836,0.8629449345908122,Medium,True
2024-06-05 15:00:00,41.3,20,999.0,False,False,0.0077684026942382856,0.14842784,0.8469729236385762,0.7339519318527533,0.7904624277456648,Medium,False
2024-06-05 16:00:00,40.7,20,999.3,False,False,0.03185397060256484,0.12221362,0.6676300578034682,0.6486157590508062,0.6581229084271372,Low,False
2024-06-05 17:00:00,40.9,21,999.5,False,False,0.027659755929206498,0.12806833,0.7096136294493459,0.6712808031639793,0.6904472163066626,Low,False
2024-06-05 18:00:00,39.3,18,999.2,False,False,0.010963190213435281,0.17503402,0.8293276543961059,0.802707636142379,0.8160176452692425,Medium,False
2024-06-05 19:00:00,36.2,21,1000.7,True,True,-0.0026548992142489958,0.33096847,0.8958016428354122,0.9464557347125038,0.921128688773958,High,True
2024-06-05 20:00:00,35.3,25,1001.5,False,False,0.03346117751399047,0.12221931,0.6525707331913599,0.6487678734408275,0.6506693033160937,Low,False
2024-06-05 21:00:00,34.1,27,1001.6,False,False,0.0280838451880982,0.11841698,0.7045938545786432,0.6332522056586553,0.6689230301186493,Low,False
2024-06-05 22:00:00,33.6,27,1001.6,False,False,0.02913681336229529,0.12830155,0.6936416184971098,0.6720413751140858,0.6828414968055978,Low,False
2024-06-05 23:00:00,33.0,28,1001.8,False,False,0.014089276120760497,0.13472874,0.8090964405232735,0.693185275327046,0.7511408579251597,Medium,False
2024-06-06 00:00:00,32.0,32,1001.8,False,False,0.042811888648606355,0.2353586,0.5514146638271981,0.8897170672345603,0.7205658655308792,Low,False
2024-06-06 01:00:00,31.2,34,1001.6,False,False,0.04953503474492066,0.19124436,0.4694250076057195,0.8332826285366596,0.6513538180711895,Low,False
2024-06-06 02:00:00,30.6,35,1001.3,False,False,0.05511958296650954,0.16373327,0.39732278673562516,0.7739580164283542,0.5856404015819896,Low,False
2024-06-06 03:00:00,29.1,40,1001.8,False,False,0.040081270688467396,0.20311537,0.5810769698813507,0.8495588682689382,0.7153179190751444,Low,False
2024-06-06 04:00:00,28.6,41,1002.5,False,False,0.05244122240057458,0.1805593,0.4329175540006085,0.8148767873440828,0.6238971706723456,Low,False
2024-06-06 05:00:00,28.3,42,1002.9,False,False,0.05258103693543509,0.14815114,0.43002738059020384,0.7328871311226042,0.581457255856404,Low,False
2024-06-06 06:00:00,27.6,53,1005.5,True,True,-0.021795141429676312,0.4844394,0.956343170063888,0.9790082141770612,0.9676756921204746,High,True
2024-06-06 07:00:00,29.1,48,1006.5,False,False,0.016663299019929412,0.14828648,0.7928202007909948,0.7333434742926681,0.7630818375418315,Medium,False
2024-06-06 08:00:00,31.0,43,1006.6,False,False,0.016586110669117693,0.17455526,0.7937328871311227,0.8013386066321874,0.7975357468816551,Medium,False
2024-06-06 09:00:00,33.0,38,1007.1,False,False,0.004750597213272423,0.07882541,0.862792820200791,0.43383024034073625,0.6483115302707636,Low,False
2024-06-06 10:00:00,35.4,32,1006.7,True,False,-0.02181969727810007,0.11576034,0.9564952844539093,0.6224520839671432,0.7894736842105263,Medium,True
2024-06-06 11:00:00,37.4,29,1006.3,True,False,-0.022476127133169488,0.08489747,0.95892911469425,0.4695771219957408,0.7142531183449954,Low,True
2024-06-06 12:00:00,39.0,27,1005.4,True,False,-0.019081555730656286,0.117698304,0.9514755095832066,0.6299056890781868,0.7906905993306967,Medium,True
2024-06-06 13:00:00,40.3,25,1004.1,True,False,-0.017034057136694147,0.18643561,0.9463036203224825,0.8253726802555522,0.8858381502890174,Medium,True
2024-06-06 14:00:00,39.5,25,1004.3,False,False,0.009460690308281505,0.12736632,0.8369333738971707,0.6668694858533617,0.7519014298752662,Medium,False
2024-06-06 15:00:00,34.1,42,1003.8,True,True,-0.040378655985993106,0.8521247,0.9802251292972315,0.9977182841496806,0.988971706723456,High,True
2024-06-06 16:00:00,36.5,33,1003.1,False,True,0.014675230710091025,0.3693615,0.8051414663827198,0.9572558564040158,0.8811986613933678,Medium,True
2024-06-06 17:00:00,36.1,34,1002.9,False,False,0.06267810943135477,0.17649457,0.29966534834195313,0.8063583815028902,0.5530118649224216,Low,False
2024-06-06 18:00:00,34.3,37,1003.5,False,False,0.050418068152231654,0.13354652,0.45801642835412226,0.6898387587465774,0.5739275935503498,Low,False
2024-06-06 19:00:00,33.5,43,1003.1,False,True,0.044313746886305294,0.38323632,0.5336172801947064,0.9625798600547611,0.7480985701247338,Low,True
2024-06-06 20:00:00,32.4,44,1003.1,False,False,0.06068465935449607,0.22058955,0.32704593854578645,0.8754183145725586,0.6012321265591725,Low,False
2024-06-06 21:00:00,31.9,43,1003.2,False,False,0.06238443090342899,0.18339312,0.3048372376026772,0.8203529053848494,0.5625950714937633,Low,False
2024-06-06 22:00:00,31.3,44,1003.5,False,False,0.06350269222572058,0.14466909,0.2870398539701856,0.7217827806510496,0.5044113173106176,Low,False
2024-06-06 23:00:00,31.3,43,1003.5,False,False,0.05434961422741613,0.18379566,0.40751445086705207,0.8212655917249772,0.6143900212960146,Low,False
2024-06-07 00:00:00,30.9,40,1003.2,False,False,0.06408598967702789,0.23394294,0.27776087617888656,0.8877395801642836,0.5827502281715851,Low,False
2024-06-07 01:00:00,30.1,39,1002.6,False,False,0.05261259452237432,0.21798885,0.42941892303011864,0.8714633404320049,0.6504411317310618,Low,False
2024-06-07 02:00:00,29.3,41,1002.5,False,False,0.06184995642684116,0.16705006,0.31229084271372076,0.7809552783693338,0.5466230605415272,Low,False
2024-06-07 03:00:00,28.6,42,1002.4,False,False,0.06482380694603151,0.16265643,0.2680255552175236,0.7690903559476726,0.5185579555825981,Low,False
2024-06-07 04:00:00,28.2,44,1002.4,False,False,0.06767474911220156,0.1554178,0.22923638576209304,0.7514450867052023,0.49034073623364766,Low,False
2024-06-07 05:00:00,27.7,45,1002.8,False,False,0.07624785227977426,0.16853368,0.12290842713720718,0.7859750532400365,0.4544417401886218,Low,False
2024-06-07 06:00:00,28.1,59,1004.3,False,True,0.0034648614154087487,0.42239326,0.868421052631579,0.9706419227258899,0.9195314876787344,High,True
2024-06-07 07:00:00,29.9,53,1004.9,False,False,0.07108359322046326,0.07604014,0.18253726802555525,0.4155765135381807,0.299056890781868,Low,False
2024-06-07 08:00:00,32.0,46,1004.8,False,False,0.07004153972659416,0.09439367,0.19485853361728023,0.5196227563127472,0.35724064496501373,Low,False
2024-06-07 09:00:00,34.5,37,1004.6,False,False,0.05186768959805338,0.04875097,0.44204441740188627,0.22756312747185883,0.33480377243687254,Low,False
2024-06-07 10:00:00,36.4,32,1004.4,False,False,0.05495871657070622,0.052823454,0.39990873136598726,0.2588986918162458,0.32940371159111653,Low,False
2024-06-07 11:00:00,37.9,28,1003.7,False,False,0.03829342288805243,0.042853743,0.6019166413142683,0.1831457255856404,0.3925311834499543,Low,False
2024-06-07 12:00:00,39.1,26,1003.0,False,False,0.03685086114497704,0.053227615,0.6175844234864618,0.26254943717675694,0.4400669303316094,Low,False
2024-06-07 13:00:00,39.9,24,1001.9,False,False,0.011047761526041144,0.03008111,0.8287191968360207,0.08624885914207484,0.45748402798904775,Low,False
2024-06-07 14:00:00,40.3,24,1000.5,False,False,0.0021739543334221567,0.08220067,0.8742013994523882,0.4539093398235473,0.6640553696379677,Low,False
2024-06-07 15:00:00,36.1,30,1001.5,False,True,0.03479859846744071,0.36795026,0.6407058107696988,0.956799513233952,0.7987526620018254,Medium,True
2024-06-07 16:00:00,37.6,25,1000.6,False,False,0.04049239502218538,0.1045339,0.5772741101308183,0.5707331913599026,0.5740036507453605,Low,False
2024-06-07 17:00:00,36.7,25,1001.3,False,False,0.057422144755135685,0.13134986,0.3676604806814725,0.6829936111956191,0.5253270459385457,Low,False
2024-06-07 18:00:00,37.6,19,1000.0,False,False,0.011075220430582011,0.18025756,0.828414968055978,0.8144204441740188,0.8214177061149984,Medium,False
2024-06-07 19:00:00,34.9,23,1000.3,False,False,0.04246799870691592,0.08060187,0.5553696379677517,0.4435655613020992,0.4994675996349255,Low,False
2024-06-07 20:00:00,33.5,27,1001.0,False,False,0.050641277525391326,0.0584642,0.4551262549437177,0.2993611195619106,0.37724368725281415,Low,False
2024-06-07 21:00:00,32.5,31,1001.8,False,False,0.054724677813139444,0.050560497,0.402342561606328,0.24186188013386067,0.3221022208700943,Low,False
2024-06-07 22:00:00,31.0,36,1001.9,False,False,0.06699032752115797,0.06362917,0.23745056282324306,0.33510800121691514,0.28627928202007913,Low,False
2024-06-07 23:00:00,32.2,33,1001.7,False,False,0.0449947393294467,0.17627722,0.5252509887435352,0.805749923942805,0.6655004563431701,Low,False
2024-06-08 00:00:00,31.5,34,1001.2,False,False,0.06403207079560841,0.10090407,0.27836933373897166,0.5538484940675388,0.4161089139032552,Low,False
2024-06-08 01:00:00,30.8,36,1000.8,False,False,0.06913132091683372,0.08898201,0.20672345603894127,0.48996045025859447,0.34834195314876787,Low,False
2024-06-08 02:00:00,29.2,40,1000.6,False,False,0.06151433436340459,0.07971499,0.31563735929418923,0.4385457864313964,0.3770915728627928,Low,False
2024-06-08 03:00:00,29.3,40,1000.8,False,False,0.07956328063249007,0.10887012,0.08898691816245818,0.5923334347429267,0.3406601764526924,Low,False
2024-06-08 04:00:00,27.3,46,1001.1,False,False,0.05638205515752043,0.06658944,0.3822634621235169,0.3553392150897475,0.3688013386066322,Low,False
2024-06-08 05:00:00,26.8,47,1001.1,False,False,0.07342643108485247,0.07772017,0.1534834195314877,0.4272893215698205,0.2903863705506541,Low,False
2024-06-08 06:00:00,29.1,39,1003.2,False,False,0.03354779526529894,0.29467565,0.6508974749011256,0.9285062366899909,0.7897018557955582,Medium,False
2024-06-08 07:00:00,30.0,38,1003.7,False,False,0.06486830778451452,0.09439328,0.2674170976574384,0.5194706419227259,0.3934438697900821,Low,False
2024-06-08 08:00:00,31.5,35,1004.1,False,False,0.05970609008771538,0.09726236,0.338150289017341,0.5342257377547917,0.43618801338606633,Low,False
2024-06-08 09:00:00,33.5,32,1003.9,False,False,0.046985728903450874,0.10863942,0.5039549741405537,0.590964405232735,0.5474596896866444,Low,False
2024-06-08 10:00:00,35.0,29,1003.4,False,False,0.04335896680461698,0.08965395,0.5451779738363249,0.4934590812290843,0.5193185275327046,Low,False
2024-06-08 11:00:00,36.3,26,1003.0,False,False,0.04396497816242917,0.059621,0.5372680255552176,0.30696683906297534,0.4221174323090965,Low,False
2024-06-08 12:00:00,37.1,25,1002.5,False,False,0.042777892209931945,0.05825256,0.5521752357773045,0.2979920900517189,0.4250836629145117,Low,False
2024-06-08 13:00:00,38.0,24,1001.5,False,False,0.02824196089556924,0.06650433,0.7024642531183449,0.3550349863097049,0.5287496197140249,Low,False
2024-06-08 14:00:00,38.8,22,1000.4,False,False,0.01918423839828931,0.06639973,0.7762397322786736,0.3541222999695771,0.5651810161241253,Low,False
2024-06-08 15:00:00,39.3,21,999.5,False,False,0.018091292445793217,0.08476527,0.783693337389717,0.46805597809552785,0.6258746577426224,Low,False
2024-06-08 16:00:00,38.7,21,999.4,False,False,0.0375966539232272,0.08451099,0.6101308183754184,0.4665348341953149,0.5383328262853666,Low,False
2024-06-08 17:00:00,37.0,24,999.5,False,False,0.03811973925235951,0.082811534,0.6054152722847581,0.45664739884393063,0.5310313355643443,Low,False
2024-06-08 18:00:00,36.5,25,1000.3,False,False,0.050859706571298346,0.15014067,0.4526924247033769,0.7380590203833283,0.5953757225433526,Low,False
2024-06-08 19:00:00,34.8,28,1000.3,False,False,0.045810458166606116,0.0849479,0.5162762397322787,0.4700334651658047,0.49315485244904167,Low,False
2024-06-08 20:00:00,33.3,31,1000.2,False,False,0.05043165198028071,0.085636504,0.457864313964101,0.47505324003650745,0.46645877700030425,Low,False
2024-06-08 21:00:00,31.8,34,1001.0,False,False,0.04631834690035902,0.07762807,0.5095832065713417,0.42652874961971404,0.4680559780955279,Low,False
2024-06-08 22:00:00,31.1,36,1001.4,False,False,0.061886940673552326,0.059742656,0.31168238515363555,0.3077274110130818,0.30970489808335866,Low,False
2024-06-08 23:00:00,29.7,39,1001.5,False,False,0.03998469692646661,0.08927739,0.5824459993915425,0.4913294797687861,0.5368877395801643,Low,False
2024-06-09 00:00:00,28.7,42,1001.4,False,False,0.06351657447610237,0.085866444,0.28688773958016434,0.4759659263766352,0.38142683297839974,Low,False
2024-06-09 01:00:00,28.3,44,1000.8,False,False,0.061035745552376786,0.07890411,0.3215698205050198,0.43428658351080013,0.37792820200791,Low,False
2024-06-09 02:00:00,28.0,45,1000.8,False,False,0.0772594507745698,0.051390726,0.11347733495588685,0.24946759963492546,0.18147246729540617,Low,False
2024-06-09 03:00:00,27.7,46,1000.7,False,False,0.0801816169169779,0.047658198,0.08396714329175536,0.21995740797079405,0.1519622756312747,Low,False
2024-06-09 04:00:00,27.1,48,1001.0,False,False,0.08169750255074504,0.04676406,0.07058107696988136,0.21280803163979312,0.14169455430483724,Low,False
2024-06-09 05:00:00,27.0,48,1001.3,False,False,0.0815193529163239,0.04890296,0.07255856404015815,0.228171585031944,0.15036507453605108,Low,False
2024-06-09 06:00:00,27.8,51,1002.5,False,False,0.041148315683483205,0.09049282,0.5698205050197749,0.49771828414968056,0.5337693945847277,Low,False
2024-06-09 07:00:00,30.2,46,1002.9,False,False,0.06743538723268816,0.037575506,0.23106175844234866,0.1402494675996349,0.1856556130209918,Low,False
2024-06-09 08:00:00,33.1,37,1002.9,False,False,0.05018218402530139,0.025886701,0.4610587161545482,0.05978095527836933,0.26041983571645877,Low,False
2024-06-09 09:00:00,35.6,30,1003.0,False,False,0.0456944145381567,0.033135362,0.5181016124125342,0.10450258594463036,0.31130209917858226,Low,False
2024-06-09 10:00:00,37.2,26,1002.9,False,False,0.048899004401511126,0.05158574,0.4780955278369333,0.2511408579251597,0.3646181928810465,Low,False
2024-06-09 11:00:00,38.5,23,1002.6,False,False,0.03644840991488796,0.05607722,0.6209309400669303,0.2829327654396106,0.4519318527532704,Low,False
2024-06-09 12:00:00,39.7,20,1001.9,False,False,0.027884060979557312,0.031123057,0.7067234560389413,0.09218132035290538,0.3994523881959233,Low,False
2024-06-09 13:00:00,40.6,17,1000.9,False,False,0.010860909663134521,0.013837464,0.8302403407362337,0.012473379981746273,0.42135686035898995,Low,False
2024-06-09 14:00:00,40.7,16,1000.2,False,False,0.03063898159705336,0.012128142,0.6782780651049589,0.008062062671128689,0.34317006388804383,Low,False
2024-06-09 15:00:00,40.7,16,999.5,False,False,0.029544594030358307,0.010331234,0.6887739580164284,0.003954974140553696,0.34636446607849103,Low,False
2024-06-09 16:00:00,40.3,16,999.1,False,False,0.03687840848783447,0.010569465,0.6174323090964405,0.004867660480681472,0.311149984788561,Low,False
2024-06-09 17:00:00,40.1,17,998.7,False,False,0.03727278495553171,0.022449108,0.6128688773958016,0.0418314572558564,0.327350167325829,Low,False
2024-06-09 18:00:00,38.3,14,999.2,False,False,0.015578397272907718,0.13688153,0.8001216915120171,0.7000304228780042,0.7500760571950107,Medium,False
2024-06-09 19:00:00,35.7,16,999.6,False,False,0.02621159937508477,0.0675314,0.7222391238211134,0.3600547611804077,0.5411469425007606,Low,False
2024-06-09 20:00:00,34.6,17,999.9,False,False,0.04497756906799144,0.042654213,0.525707331913599,0.18192881046547002,0.3538180711895345,Low,False
2024-06-09 21:00:00,33.5,19,1000.2,False,False,0.0441429987403848,0.047742218,0.535442652874962,0.22056586553087923,0.3780042592029206,Low,False
2024-06-09 22:00:00,31.3,24,1000.4,False,False,0.029473664116287657,0.0789811,0.6899908731365987,0.4344386979008214,0.5622147855187101,Low,False
2024-06-09 23:00:00,30.4,25,1000.7,False,False,0.03928369986035163,0.10507544,0.590964405232735,0.573471250380286,0.5822178278065104,Low,False
2024-06-10 00:00:00,29.5,29,1000.5,False,False,0.06569293930949588,0.07869636,0.2558564040158199,0.4333738971706724,0.3446151505932461,Low,False
2024-06-10 01:00:00,29.2,30,1000.0,False,False,0.06299548064477212,0.056139324,0.2952540310313355,0.28354122299969575,0.28939762701551563,Low,False
2024-06-10 02:00:00,27.8,34,1000.2,False,False,0.05709380245966822,0.06513826,0.3716154548220262,0.3465165804685123,0.35906601764526924,Low,False
2024-06-10 03:00:00,26.9,36,1000.7,False,False,0.057391109169765864,0.071893945,0.3681168238515363,0.3901734104046243,0.3791451171280803,Low,False
2024-06-10 04:00:00,26.7,37,1000.7,False,False,0.0656615872321783,0.053912673,0.25661697596592636,0.2675692120474597,0.262093094006693,Low,False
2024-06-10 05:00:00,26.6,38,1000.9,False,False,0.05976491484611657,0.054391474,0.3375418314572558,0.27243687252814114,0.3049893519926985,Low,False
2024-06-10 06:00:00,28.6,39,1001.9,False,False,0.04674371420967188,0.10649563,0.5059324612108305,0.5812290842713721,0.5435807727411013,Low,False
2024-06-10 07:00:00,30.1,38,1002.4,False,False,0.061048548431941074,0.047875136,0.32126559172497715,0.2211743230909644,0.2712199574079708,Low,False
2024-06-10 08:00:00,32.4,34,1002.8,False,False,0.046315211163034165,0.0540909,0.5097353209613629,0.26893824155765134,0.3893367812595071,Low,False
2024-06-10 09:00:00,35.0,29,1002.6,False,False,0.04456467984489648,0.069300234,0.5307271067843018,0.37070276848189837,0.4507149376331001,Low,False
2024-06-10 10:00:00,37.4,25,1002.3,False,False,0.03591733709388267,0.06474122,0.6283845451779738,0.34317006388804383,0.4857773045330088,Low,False
2024-06-10 11:00:00,39.2,21,1001.9,False,False,0.025119296422824067,0.050455514,0.7321265591724977,0.2411013081837542,0.48661393367812594,Low,False
2024-06-10 12:00:00,40.5,19,1001.4,False,False,0.013719791222737088,0.061296448,0.8116823851536356,0.31837541831457256,0.565028901734104,Low,False
2024-06-10 13:00:00,41.1,17,1000.6,False,False,0.011996692785693985,0.045737017,0.8227867356251901,0.2023121387283237,0.5125494371767569,Low,False
2024-06-10 14:00:00,41.5,16,1000.0,False,False,0.019820412650755348,0.047550585,0.7716763005780347,0.21904472163066627,0.4953605111043505,Low,False
2024-06-10 15:00:00,41.4,15,999.2,False,False,0.02297993214121896,0.048127912,0.7490112564648616,0.22269546699117737,0.48585336172801946,Low,False
2024-06-10 16:00:00,41.2,15,998.9,False,False,0.025377310895583205,0.047822993,0.7303011864922422,0.2208700943109218,0.475585640401582,Low,False
2024-06-10 17:00:00,40.8,14,998.7,False,False,0.02566938215993181,0.04902655,0.726650441131731,0.23030118649224215,0.4784758138119866,Low,False
2024-06-10 18:00:00,38.4,24,998.7,True,False,-0.00900928212929386,0.07255518,0.9212047459689686,0.3959537572254335,0.6585792515972011,Low,True
2024-06-10 19:00:00,38.5,15,999.2,False,False,0.019125009638061963,0.28489727,0.7770003042287801,0.9234864618192881,0.8502433830240341,Medium,False
2024-06-10 20:00:00,35.6,18,999.5,False,False,0.015736469627187777,0.106200546,0.7995132339519319,0.5798600547611804,0.6896866443565561,Low,False
2024-06-10 21:00:00,33.4,16,999.7,False,False,0.019737999513014248,0.1505059,0.7721326437480985,0.7391238211134773,0.7556282324307879,Medium,False
2024-06-10 22:00:00,33.7,16,1000.2,False,False,0.025459704170766262,0.08481641,0.729692728932157,0.4685123212655917,0.5991025250988744,Low,False
2024-06-10 23:00:00,32.6,20,1000.3,False,False,0.02600707397172025,0.074128486,0.7239123821113478,0.4041679342865835,0.5640401581989656,Low,False
2024-06-11 00:00:00,31.1,25,1000.2,False,False,0.0534004785577441,0.103719756,0.4193793732887131,0.5658655308792212,0.49262245208396716,Low,False
2024-06-11 01:00:00,32.0,23,999.8,False,False,0.045794400350055386,0.050463572,0.5168846972923639,0.24140553696379677,0.3791451171280803,Low,False
2024-06-11 02:00:00,32.1,22,999.2,False,False,0.04457348473240236,0.06034615,0.5305749923942805,0.31076969881350774,0.4206723456038941,Low,False
2024-06-11 03:00:00,32.4,22,999.0,False,False,0.04130465283235557,0.076475844,0.5684514755095832,0.41892303011864923,0.4936872528141162,Low,False
2024-06-11 04:00:00,31.5,23,999.4,False,False,0.04148537500261257,0.14277522,0.5660176452692425,0.7167630057803468,0.6413903255247946,Low,False
2024-06-11 05:00:00,31.6,23,999.5,False,False,0.04579610498813169,0.11416901,0.5167325829023426,0.6165196227563128,0.5666261028293277,Low,False
2024-06-11 06:00:00,28.2,56,1000.9,True,True,-0.08093388439915794,0.8476739,0.9981746273197445,0.9975661697596593,0.9978703985397019,High,True
2024-06-11 07:00:00,30.3,44,1001.7,False,False,0.01886636628158106,0.12729825,0.778521448128993,0.6664131426832979,0.7224672954061455,Low,False
2024-06-11 08:00:00,33.3,35,1001.8,False,False,0.027091016410966118,0.08443413,0.7155460906601765,0.4662306054152723,0.5908883480377244,Low,False
2024-06-11 09:00:00,35.9,28,1002.0,False,False,0.038144137634489705,0.049497347,0.6051110435047156,0.23410404624277456,0.4196075448737451,Low,False
2024-06-11 10:00:00,38.0,24,1001.7,False,False,0.035358604292590745,0.07252088,0.6350775783389109,0.39580164283541225,0.5154396105871616,Low,False
2024-06-11 11:00:00,39.7,20,1001.4,False,False,0.021270964235442835,0.06134534,0.7623973227867357,0.31913599026467904,0.5407666565257073,Low,False
2024-06-11 12:00:00,41.0,16,1000.7,False,False,0.011069503521810908,0.04644825,0.8285670824459994,0.2102220870094311,0.5193945847277153,Low,False
2024-06-11 13:00:00,41.9,14,999.7,False,False,0.002684766828819407,0.045032144,0.8716154548220262,0.19774870702768482,0.5346820809248555,Low,False
2024-06-11 14:00:00,42.3,12,999.1,False,False,0.010447611545486624,0.03726727,0.8326741709765744,0.1367508366291451,0.48471250380285974,Low,False
2024-06-11 15:00:00,42.3,12,998.4,False,False,0.01739828000538418,0.035382375,0.7884088834803773,0.1218436264070581,0.4551262549437177,Low,False
2024-06-11 16:00:00,42.1,13,997.9,False,False,0.019493395215967546,0.039757084,0.7745664739884393,0.15911165196227564,0.46683906297535743,Low,False
2024-06-11 17:00:00,41.5,14,997.3,False,False,0.013137800574130276,0.064758256,0.8147246729540615,0.3433221782780651,0.5790234256160633,Low,False
2024-06-11 18:00:00,38.7,17,998.0,False,False,0.005623653980884935,0.108573355,0.8591420748402798,0.5905080620626711,0.7248250684514754,Low,False
2024-06-11 19:00:00,35.0,23,998.3,False,False,0.02148656784184111,0.07985636,0.76057195010648,0.4396105871615455,0.6000912686340127,Low,False
2024-06-11 20:00:00,33.6,27,998.8,False,False,0.0445547661775933,0.03676547,0.5308792211743231,0.1335564344386979,0.3322178278065105,Low,False
2024-06-11 21:00:00,32.8,28,999.3,False,False,0.048402916941933716,0.049887683,0.4852449041679343,0.23760267721326436,0.3614237906905993,Low,False
2024-06-11 22:00:00,31.6,28,999.6,False,False,0.043113094921131856,0.07853203,0.5476118040766657,0.4323090964405233,0.48996045025859447,Low,False
2024-06-11 23:00:00,32.4,24,999.3,False,False,0.026311960650345023,0.18224725,0.7213264374809857,0.8177669607544874,0.7695466991177365,Medium,False
2024-06-12 00:00:00,34.1,19,998.9,False,False,0.029289191596554076,0.09198865,0.6925768177669607,0.5056282324307879,0.5991025250988743,Low,False
2024-06-12 01:00:00,36.2,16,998.4,False,False,0.017454459679433987,0.15622352,0.7879525403103134,0.7535746881655004,0.7707636142379068,Medium,False
2024-06-12 02:00:00,29.9,26,998.3,True,True,-0.005962755734183478,0.40560862,0.909035594767265,0.9671432917554,0.9380894432613325,High,True
2024-06-12 03:00:00,28.6,29,998.6,False,False,0.0431854074274961,0.10616434,0.5470033465165804,0.5797079403711591,0.5633556434438698,Low,False
2024-06-12 04:00:00,27.5,32,999.2,False,False,0.030991974522809884,0.106927365,0.6755400060845755,0.5832065713416489,0.6293732887131123,Low,False
2024-06-12 05:00:00,27.4,33,999.6,False,False,0.045444037225668754,0.071724154,0.520535442652875,0.3883480377243687,0.4544417401886218,Low,False
2024-06-12 06:00:00,29.2,31,1000.5,False,False,0.029522475985758967,0.09100655,0.6889260724064497,0.4996957712199574,0.5943109218132036,Low,False
2024-06-12 07:00:00,31.6,27,1001.3,False,False,0.02958105836796132,0.0825192,0.6884697292363857,0.455278369333739,0.5718740492850624,Low,False
2024-06-12 08:00:00,34.1,26,1001.5,False,False,0.03107292393094707,0.13031884,0.6747794341344691,0.6793428658351081,0.6770611499847885,Low,False
2024-06-12 09:00:00,36.9,22,1001.6,False,False,0.020335914585776438,0.09828654,0.7686340127776088,0.5395497414055369,0.6540918770915729,Low,False
2024-06-12 10:00:00,39.0,19,1001.5,False,False,0.01393163708213907,0.09543138,0.8104654700334651,0.525707331913599,0.6680864009735321,Low,False
2024-06-12 11:00:00,40.9,18,1001.0,True,False,-3.1874482460558795e-05,0.116741806,0.8854578643139641,0.6259507149376331,0.7557042896257986,Medium,True
2024-06-12 12:00:00,42.5,16,1000.3,True,False,-0.013031602548331356,0.093272105,0.9335260115606936,0.5126254943717675,0.7230757529662306,Low,True
2024-06-12 13:00:00,43.2,13,999.5,True,False,-0.010693907617998044,0.058897026,0.9253118344995437,0.3017949498022513,0.6135533921508975,Low,True
2024-06-12 14:00:00,43.5,13,998.9,True,False,-0.0027278312502657664,0.07879678,0.8964101003954974,0.4336781259507149,0.6650441131731062,Low,True
2024-06-12 15:00:00,43.6,12,998.1,True,False,-0.0059163489833911065,0.07673129,0.9088834803772436,0.42029205962884086,0.6645877700030423,Low,True
2024-06-12 16:00:00,43.4,12,997.3,True,False,-0.010907893535096247,0.10038108,0.926528749619714,0.5512625494371768,0.7388956495284453,Low,True
2024-06-12 17:00:00,42.6,13,996.7,True,False,-0.0043906285784418575,0.12035216,0.9026467903863705,0.6426832978399757,0.772665044113173,Medium,True
2024-06-12 18:00:00,39.0,19,997.7,True,False,-0.02144948794754009,0.20729959,0.9557347125038028,0.8554913294797688,0.9056130209917859,High,True
2024-06-12 19:00:00,35.8,24,998.2,False,False,0.006434671647331802,0.09416045,0.8554913294797688,0.5185579555825981,0.6870246425311834,Low,False
2024-06-12 20:00:00,33.9,28,998.6,False,False,0.01513658277045804,0.04685421,0.8028597505324003,0.2140249467599635,0.5084423486461819,Low,False
2024-06-12 21:00:00,32.5,33,999.1,False,False,0.01437953475034337,0.034977026,0.8069668390629754,0.11849710982658959,0.4627319744447825,Low,False
2024-06-12 22:00:00,32.0,35,999.3,False,False,0.02495385100794051,0.07712309,0.7334955886826894,0.4233343474292668,0.578414968055978,Low,False
2024-06-12 23:00:00,32.2,33,999.2,False,False,0.016891138425813745,0.16186285,0.790842713720718,0.7665044113173106,0.7786735625190143,Medium,False
2024-06-13 00:00:00,30.7,35,998.8,False,False,0.024858693799716558,0.063930094,0.7345603894128385,0.3366291451171281,0.5355947672649833,Low,False
2024-06-13 01:00:00,30.7,34,998.2,False,False,0.03773467768681005,0.07485659,0.6090660176452692,0.4093398235473076,0.5092029205962885,Low,False
2024-06-13 02:00:00,30.7,33,998.1,False,False,0.04859455210714225,0.062016696,0.48250684514755093,0.3236994219653179,0.40310313355643446,Low,False
2024-06-13 03:00:00,29.3,37,998.2,False,False,0.04253676608207524,0.051587082,0.554456951627624,0.251292972315181,0.4028749619714025,Low,False
2024-06-13 04:00:00,31.4,29,999.4,False,False,0.019602891491632468,0.15638055,0.7731974444782477,0.7541831457255856,0.7636902951019167,Medium,False
2024-06-13 05:00:00,31.2,27,999.9,False,False,0.0502061325512661,0.07630099,0.4602981442044417,0.417249771828415,0.4387739580164284,Low,False
2024-06-13 06:00:00,32.1,31,1000.4,False,False,0.044226734818988755,0.08482375,0.5348341953148767,0.468664435655613,0.5017493154852448,Low,False
2024-06-13 07:00:00,33.2,33,1000.8,False,False,0.05186803927133976,0.063223645,0.4418923030118649,0.331457255856404,0.3866747794341344,Low,False
2024-06-13 08:00:00,35.0,33,1000.8,False,False,0.045824867924235235,0.10064335,0.5161241253422574,0.5530879221174323,0.5346060237298449,Low,False
2024-06-13 09:00:00,36.9,34,1000.9,False,False,0.04299614920652706,0.12306271,0.5489808335868573,0.652114390021296,0.6005476118040767,Low,False
2024-06-13 10:00:00,38.7,32,1000.7,False,False,0.03583869136804907,0.080644116,0.6296014602981441,0.44371767569212045,0.5366595679951323,Low,False
2024-06-13 11:00:00,40.3,30,1000.2,False,False,0.02654942402759153,0.08818528,0.718892607240645,0.48646181928810467,0.6026772132643748,Low,False
2024-06-13 12:00:00,41.6,27,999.3,False,False,0.007314204246885114,0.081373386,0.8495588682689382,0.44919379373288715,0.6493763310009126,Low,False
2024-06-13 13:00:00,42.5,23,998.1,True,False,-0.006754597250416938,0.07627951,0.9129905689078187,0.41709765743839367,0.6650441131731062,Low,True
2024-06-13 14:00:00,43.3,19,997.0,True,False,-0.014513774884738373,0.08495905,0.9385457864313964,0.4703376939458473,0.7044417401886218,Low,True
2024-06-13 15:00:00,43.5,18,996.1,True,False,-0.008957924997456401,0.11549204,0.9209005171889261,0.6215393976270155,0.7712199574079708,Medium,True
2024-06-13 16:00:00,43.2,16,995.9,False,False,0.004704333749439904,0.14395478,0.8632491633708549,0.7202616367508367,0.7917554000608458,Medium,False
2024-06-13 17:00:00,42.1,16,995.8,False,False,0.002264928906283381,0.12847161,0.8740492850623669,0.6729540614542135,0.7735016732582902,Medium,False
2024-06-13 18:00:00,40.3,21,996.1,False,False,0.00038060196661127144,0.10662561,0.883328262853666,0.5815333130514146,0.7324307879525402,Low,False
2024-06-13 19:00:00,37.9,25,996.8,False,False,0.0029820158964808385,0.10906086,0.870550654091877,0.5930940066930331,0.7318223303924551,Low,False
2024-06-13 20:00:00,37.5,24,997.3,False,False,0.032907881320310695,0.13896789,0.6572862792820201,0.7061149984788561,0.6817006388804381,Low,False
2024-06-13 21:00:00,36.3,23,997.6,False,False,0.020196936056651793,0.11777374,0.7700030422878004,0.6306662610282933,0.7003346516580469,Low,False
2024-06-13 22:00:00,34.2,27,997.5,False,False,0.01390823095909055,0.15151647,0.8107696988135078,0.7417097657438394,0.7762397322786736,Medium,False
2024-06-13 23:00:00,33.8,28,997.4,False,False,0.02204126027315545,0.18666017,0.7572254335260116,0.825829023425616,0.7915272284758138,Medium,False
2024-06-14 00:00:00,33.2,29,997.2,False,False,0.03814643600750517,0.1528951,0.6049589291146942,0.7441435959841801,0.6745512625494372,Low,False
2024-06-14 01:00:00,33.1,30,997.0,False,False,0.04234071571909359,0.15588686,0.5562823243078796,0.7529662306054152,0.6546242774566474,Low,False
2024-06-14 02:00:00,32.9,31,997.0,False,False,0.04585864522095068,0.15658028,0.5155156677821722,0.7549437176756921,0.6352296927289321,Low,False
2024-06-14 03:00:00,32.8,31,997.4,False,False,0.04786580402835344,0.17328589,0.49209005171889264,0.7976878612716763,0.6448889564952844,Low,False
2024-06-14 04:00:00,32.5,32,997.8,False,False,0.049326143568510616,0.1423518,0.4720109522360816,0.7160024338302403,0.5940066930331609,Low,False
2024-06-14 05:00:00,32.0,33,998.3,False,False,0.046909982480010104,0.12297243,0.5042592029205963,0.6518101612412535,0.5780346820809249,Low,False
2024-06-14 06:00:00,32.0,40,998.9,False,False,0.031034424744730837,0.10610875,0.675235777304533,0.5790994828110739,0.6271676300578035,Low,False
2024-06-14 07:00:00,33.4,39,999.6,False,False,0.03511320173625432,0.06346598,0.6373592941892303,0.33343474292668085,0.4853970185579556,Low,False
2024-06-14 08:00:00,35.2,38,999.8,False,False,0.03928672677693329,0.1141616,0.5908122908427137,0.6163675083662915,0.6035898996045026,Low,False
2024-06-14 09:00:00,36.7,38,1000.2,False,False,0.03290696274846616,0.08931368,0.6574383936720414,0.49148159415880743,0.5744599939154245,Low,False
2024-06-14 10:00:00,38.4,34,999.7,False,False,0.019242354313056653,0.10305273,0.7759355034986309,0.5631274718588378,0.6695314876787344,Low,False
2024-06-14 11:00:00,39.9,31,999.3,False,False,0.018822056233248174,0.06609267,0.7789777912990569,0.35260115606936415,0.5657894736842105,Low,False
2024-06-14 12:00:00,40.9,29,998.6,False,False,0.007376825035923185,0.06241405,0.848950410708853,0.3252205658655309,0.587085488287192,Low,False
2024-06-14 13:00:00,41.7,27,997.7,False,False,0.0051576773085662,0.055518374,0.8605111043504716,0.2791299056890782,0.5698205050197749,Low,False
2024-06-14 14:00:00,41.3,22,997.5,False,False,0.02133646707049297,0.0718695,0.7617888652266505,0.390021296014603,0.5759050806206267,Low,False
2024-06-14 15:00:00,41.5,22,997.1,False,False,0.02218428811725659,0.028564759,0.7549437176756921,0.07773045330088227,0.4163370854882872,Low,False
2024-06-14 16:00:00,36.6,35,998.1,True,True,-0.015365629119544977,0.35429314,0.9417401886218436,0.9534529966534834,0.9475965926376635,High,True
2024-06-14 17:00:00,38.0,28,996.5,True,False,-0.022381738362281745,0.2735698,0.9583206571341649,0.9187709157286279,0.9385457864313964,High,True
2024-06-14 18:00:00,39.4,17,997.0,True,True,-0.006473922488341333,0.33683127,0.9113173106175845,0.9484332217827807,0.9298752662001826,High,True
2024-06-14 19:00:00,36.5,21,997.0,True,False,-0.004954242949037346,0.18101965,0.9052327350167326,0.8162458168542744,0.8607392759355035,Medium,True
2024-06-14 20:00:00,35.0,25,997.2,False,False,0.01593726034734272,0.11767103,0.7978399756616976,0.6297535746881655,0.7137967751749316,Low,False
2024-06-14 21:00:00,33.8,27,997.9,False,False,0.007722473390342155,0.14472067,0.8474292668086401,0.7219348950410709,0.7846820809248555,Medium,False
2024-06-14 22:00:00,32.5,31,998.3,False,False,0.02172033192599554,0.12920322,0.7585944630362033,0.6758442348646182,0.7172193489504107,Low,False
2024-06-14 23:00:00,32.4,31,998.4,False,False,0.02250334930146064,0.1234668,0.7523577730453301,0.6540918770915729,0.7032248250684515,Low,False
2024-06-15 00:00:00,31.3,35,998.1,False,False,0.03546801264920624,0.1890711,0.6338606632187405,0.8291755400060846,0.7315181016124126,Low,False
2024-06-15 01:00:00,30.2,37,997.9,False,False,0.0399801574118856,0.18439347,0.5827502281715851,0.8218740492850624,0.7023121387283238,Low,False
2024-06-15 02:00:00,30.3,35,997.8,False,False,0.04486662310184697,0.16195025,0.5272284758138119,0.7671128688773958,0.6471706723456039,Low,False
2024-06-15 03:00:00,30.1,36,998.1,False,False,0.05604710184274253,0.18835402,0.3860663218740493,0.8282628536659568,0.607164587770003,Low,False
2024-06-15 04:00:00,29.6,38,998.7,False,False,0.053499529225293996,0.2235638,0.4177061149984789,0.8784606023729845,0.6480833586857317,Low,False
2024-06-15 05:00:00,29.5,39,999.0,False,False,0.059215268381086594,0.16923553,0.3440827502281716,0.7878004259202921,0.5659415880742318,Low,False
2024-06-15 06:00:00,31.2,43,999.4,False,False,0.0435045162121393,0.20537394,0.5435047155460906,0.8527532704593854,0.698128993002738,Low,False
2024-06-15 07:00:00,33.0,43,1000.0,False,False,0.03818720056977143,0.12374854,0.6043504715546091,0.6550045634317007,0.6296775174931548,Low,False
2024-06-15 08:00:00,34.9,40,1000.2,False,False,0.04201069505399635,0.08078569,0.5600851840584119,0.44539093398235474,0.5027380590203834,Low,False
2024-06-15 09:00:00,36.6,39,1000.3,False,False,0.04516995894437248,0.11486375,0.5234256160632795,0.6191055673866748,0.5712655917249772,Low,False
2024-06-15 10:00:00,38.3,36,1000.1,False,False,0.03271105584164974,0.0958151,0.6588074231822331,0.5275327045938546,0.5931700638880438,Low,False
2024-06-15 11:00:00,39.7,33,999.5,False,False,0.023665443259833496,0.08372943,0.7444478247642228,0.4627319744447825,0.6035898996045026,Low,False
2024-06-15 12:00:00,40.9,30,999.0,False,False,0.015140853910487029,0.0590585,0.8025555217523578,0.30316397931244293,0.5528597505324003,Low,False
2024-06-15 13:00:00,41.9,26,998.2,True,False,-0.0003447307426298618,0.038568407,0.887435351384241,0.14663827198052937,0.5170368116823851,Low,True
2024-06-15 14:00:00,42.4,23,997.3,True,False,-0.005305989712162229,0.032660965,0.9067538789169456,0.10115606936416185,0.5039549741405537,Low,True
2024-06-15 15:00:00,42.7,22,996.6,False,False,0.0018734116472891582,0.044092067,0.8752662001825373,0.19227258898691815,0.5337693945847277,Low,False
2024-06-15 16:00:00,41.9,21,996.4,False,False,0.017918964763951384,0.052203607,0.7849102525098874,0.2557042896257986,0.520307271067843,Low,False
2024-06-15 17:00:00,40.9,19,996.2,False,False,0.018770472117466352,0.053316697,0.7792820200790995,0.2633100091268634,0.5212960146029815,Low,False
2024-06-15 18:00:00,39.5,28,996.7,False,False,0.007932447626202932,0.09210221,0.8460602372984485,0.5065409187709158,0.6763005780346821,Low,False
2024-06-15 19:00:00,37.0,34,996.8,False,False,0.011029159532003674,0.04492553,0.8290234256160633,0.19668390629753574,0.5128536659567995,Low,False
2024-06-15 20:00:00,35.5,38,997.0,False,False,0.038007842399607694,0.03927976,0.6066321874049285,0.15409187709157288,0.3803620322482507,Low,False
2024-06-15 21:00:00,34.4,41,997.6,False,False,0.03598806858988546,0.051705096,0.6265591724977183,0.2522056586553088,0.4393824155765136,Low,False
2024-06-15 22:00:00,33.9,42,997.8,False,False,0.046272299332064504,0.050217506,0.5100395497414055,0.2398843930635838,0.37496197140249465,Low,False
2024-06-15 23:00:00,33.6,42,998.0,False,False,0.036793480568525716,0.05567132,0.6184971098265897,0.2804989351992698,0.44949802251292975,Low,False
2024-06-16 00:00:00,33.4,41,998.0,False,False,0.05393158019312466,0.03967183,0.41314268329784,0.15819896562214786,0.2856708244599939,Low,False
2024-06-16 01:00:00,33.2,40,997.6,False,False,0.05443010387524483,0.028058829,0.40690599330696686,0.07392759355034986,0.24041679342865835,Low,False
2024-06-16 02:00:00,32.9,40,997.9,False,False,0.06355376802503776,0.053183883,0.2864313964101004,0.262093094006693,0.2742622452083967,Low,False
2024-06-16 03:00:00,32.3,41,998.6,False,False,0.0539793704328721,0.09742648,0.41207788256769096,0.5345299665348342,0.4733039245512626,Low,False
2024-06-16 04:00:00,31.8,43,999.0,False,False,0.06129970072427976,0.06036931,0.31807118953452995,0.3112260419835716,0.3146486157590508,Low,False
2024-06-16 05:00:00,32.1,43,999.5,False,False,0.05826783488171394,0.050822847,0.35579555825981135,0.24505628232430787,0.3004259202920596,Low,False
2024-06-16 06:00:00,32.3,47,999.8,False,False,0.06631258343225666,0.07603398,0.24657742622452083,0.4152722847581381,0.33092485549132944,Low,False
2024-06-16 07:00:00,33.6,47,1000.5,False,False,0.049631293530804144,0.05985399,0.4680559780955278,0.30818375418314575,0.3881198661393368,Low,False
2024-06-16 08:00:00,35.5,44,1000.7,False,False,0.049989407879333314,0.061537456,0.46318831761484636,0.320657134164892,0.3919227258898692,Low,False
2024-06-16 09:00:00,37.3,41,1000.7,False,False,0.0422045204831753,0.061060064,0.5584119257681777,0.31624581685427444,0.43732887131122605,Low,False
2024-06-16 10:00:00,39.0,36,1000.5,False,False,0.03475505872745854,0.04084284,0.6411621539397627,0.1686948585336173,0.40492850623669,Low,False
2024-06-16 11:00:00,40.5,31,999.9,False,False,0.020240422559412163,0.028040105,0.7692424703376939,0.07377547916032856,0.4215089747490112,Low,False
2024-06-16 12:00:00,41.7,26,999.3,False,False,0.015326873728879198,0.0116840685,0.8014907210222086,0.0069972619409796166,0.4042439914815941,Low,False
2024-06-16 13:00:00,42.4,24,998.4,False,False,0.0012007780513856314,0.012253259,0.8795254031031335,0.008670520231213872,0.4440979616671737,Low,False
2024-06-16 14:00:00,42.9,23,997.3,False,False,0.002504448673945392,0.032003097,0.8725281411621539,0.09704898083358686,0.4847885609978704,Low,False
2024-06-16 15:00:00,43.0,22,996.5,False,False,0.01276183737858011,0.033825852,0.81807118953453,0.10906601764526924,0.4635686035898996,Low,False
2024-06-16 16:00:00,42.9,21,996.0,False,False,0.015067766804819527,0.04942912,0.8033160937024643,0.23349558868268938,0.5184058411925768,Low,False
2024-06-16 17:00:00,42.1,20,995.6,False,False,0.015572463857364716,0.066284895,0.8002738059020383,0.35336172801947063,0.5768177669607545,Low,False
2024-06-16 18:00:00,39.8,26,996.3,False,False,0.00702031281962423,0.037387807,0.851992698509279,0.13857620930940068,0.49528445390933984,Low,False
2024-06-16 19:00:00,38.0,28,996.7,False,False,0.029847368376969607,0.042551782,0.6861880133860663,0.18101612412534226,0.4336020687557043,Low,False
2024-06-16 20:00:00,35.7,35,997.2,False,False,0.026028798840940504,0.01275045,0.7234560389412839,0.010191664131426833,0.3668238515363553,Low,False
2024-06-16 21:00:00,34.7,40,997.7,False,False,0.04606741258326674,0.027407492,0.5129297231518102,0.07012473379981746,0.2915272284758138,Low,False
2024-06-16 22:00:00,34.5,37,997.8,False,False,0.04600623640202489,0.11871503,0.5133860663218741,0.6347733495588682,0.5740797079403712,Low,False
2024-06-16 23:00:00,35.0,34,997.9,False,False,0.03188704600685499,0.13312986,0.6668694858533617,0.6889260724064497,0.6778977791299057,Low,False
2024-06-17 00:00:00,34.7,34,997.9,False,False,0.05430071292451255,0.0948186,0.40812290842713717,0.521600243383024,0.4648615759050806,Low,False
2024-06-17 01:00:00,34.2,35,997.5,False,False,0.047974697233400365,0.077720076,0.4904167934286584,0.4271372071797992,0.4587770003042288,Low,False
2024-06-17 02:00:00,33.6,36,997.6,False,False,0.05881349013816961,0.07730496,0.3484940675387892,0.4242470337693946,0.38637055065409187,Low,False
2024-06-17 03:00:00,33.1,37,997.8,False,False,0.0627174916623438,0.06940662,0.2990568907818679,0.37115911165196225,0.3351080012169151,Low,False
2024-06-17 04:00:00,32.7,38,998.3,False,False,0.06093606700177806,0.072229825,0.3230909644052328,0.39230301186492245,0.3576969881350776,Low,False
2024-06-17 05:00:00,32.6,39,998.7,False,False,0.06156113831531601,0.053416,0.31487678734408275,0.26437480985701245,0.2896257986005476,Low,False
2024-06-17 06:00:00,32.6,43,999.5,False,False,0.049302267967750946,0.07174681,0.47231518101612413,0.3891086096744752,0.43071189534529963,Low,False
2024-06-17 07:00:00,34.0,43,1000.1,False,False,0.03569517988337889,0.06638058,0.6314268329783997,0.35397018557955584,0.4926985092789778,Low,False
2024-06-17 08:00:00,35.9,38,1000.4,False,False,0.03788635330911355,0.045233827,0.6075448737450563,0.19896562214785518,0.40325524794645573,Low,False
2024-06-17 09:00:00,37.6,35,1000.6,False,False,0.03655010488437149,0.06469015,0.6201703681168238,0.3427137207179799,0.48144204441740185,Low,False
2024-06-17 10:00:00,39.4,32,1000.5,False,False,0.029171749063795938,0.073830225,0.693185275327046,0.40249467599634925,0.5478399756616976,Low,False
2024-06-17 11:00:00,40.9,29,1000.2,False,False,0.012918331816318684,0.06259903,0.8170063888043809,0.32674170976574385,0.5718740492850624,Low,False
2024-06-17 12:00:00,42.0,27,999.5,False,False,0.007456643018822207,0.048573703,0.8483419531487679,0.225585640401582,0.5369637967751749,Low,False
2024-06-17 13:00:00,43.1,24,998.4,True,False,-0.014347111599886997,0.039192673,0.9379373288713112,0.15348341953148767,0.5457103742013995,Low,True
2024-06-17 14:00:00,43.6,22,997.5,True,False,-0.014854612398075617,0.031023037,0.9397627015515668,0.09126863401277761,0.5155156677821722,Low,True
2024-06-17 15:00:00,43.8,21,996.8,True,False,-0.003036931635083895,0.041028373,0.8979312442957104,0.17021600243383023,0.5340736233647703,Low,True
2024-06-17 16:00:00,43.7,20,996.2,False,False,0.002541325642676562,0.053547233,0.87207179799209,0.26574383936720414,0.568907818679647,Low,False
2024-06-17 17:00:00,43.5,19,995.6,False,False,0.0004619437428797779,0.07575294,0.8827198052935807,0.41359902646790386,0.6481594158807423,Low,False
2024-06-17 18:00:00,40.8,25,996.0,True,False,-0.01754560619296064,0.065977186,0.9479768786127167,0.351992698509279,0.6499847885609978,Low,True
2024-06-17 19:00:00,37.8,31,996.5,True,False,-0.004394963346932346,0.05628247,0.9029510191664132,0.2853665956799513,0.5941588074231823,Low,True
2024-06-17 20:00:00,36.0,33,996.9,False,False,0.021070790217768864,0.06138176,0.7642226954669912,0.3198965622147855,0.5420596288408883,Low,False
2024-06-17 21:00:00,35.3,33,997.4,False,False,0.0316821619429109,0.07379168,0.6689990873136599,0.40203833282628537,0.5355187100699726,Low,False
2024-06-17 22:00:00,34.7,34,997.7,False,False,0.037138461454481464,0.066654965,0.6149984788560998,0.3559476726498327,0.4854730757529663,Low,False
2024-06-17 23:00:00,35.1,32,997.6,False,False,0.022061946595961,0.13403009,0.756921204745969,0.6909035594767265,0.7239123821113478,Low,False
2024-06-18 00:00:00,34.9,31,997.3,False,False,0.03852145508726684,0.09244292,0.5990264679038637,0.5080620626711286,0.5535442652874962,Low,False
2024-06-18 01:00:00,34.6,31,997.1,False,False,0.0427567681213295,0.09165605,0.5523273501673258,0.504107088530575,0.5282172193489504,Low,False
2024-06-18 02:00:00,34.5,32,996.6,False,False,0.03332906588487117,0.09367353,0.6537876483115302,0.5155156677821722,0.5846516580468513,Low,False
2024-06-18 03:00:00,34.6,35,996.6,False,False,0.04269383438323732,0.096385226,0.5524794645573472,0.5302707636142379,0.5413751140857925,Low,False
2024-06-18 04:00:00,34.5,37,997.0,False,False,0.0494934217242648,0.09536482,0.47033769394584723,0.5254031031335564,0.49787039853970183,Low,False
2024-06-18 05:00:00,34.0,41,997.5,False,False,0.04818583918651137,0.06555431,0.487678734408275,0.34910252509887435,0.41839062975357466,Low,False
2024-06-18 06:00:00,33.5,49,998.3,False,False,0.0231217876612958,0.08000392,0.7474901125646486,0.4400669303316094,0.593778521448129,Low,False
2024-06-18 07:00:00,34.6,48,998.6,False,False,0.040734908862493424,0.038850132,0.5740797079403712,0.1496805597809553,0.36188013386066326,Low,False
2024-06-18 08:00:00,36.0,46,998.6,False,False,0.04025684604189367,0.055954944,0.5787952540310313,0.2823243078795254,0.43055978095527836,Low,False
2024-06-18 09:00:00,37.5,42,998.5,False,False,0.03295336341073657,0.049918212,0.6566778217219349,0.23790690599330697,0.44729236385762094,Low,False
2024-06-18 10:00:00,39.0,38,998.3,False,False,0.0303300764494962,0.0352004,0.6813203529053848,0.12093094006693034,0.40112564648615756,Low,False
2024-06-18 11:00:00,40.2,35,997.9,False,False,0.021287281311681894,0.041827966,0.762093094006693,0.1747794341344691,0.46843626407058103,Low,False
2024-06-18 12:00:00,41.2,32,996.9,False,False,0.000543773778694967,0.06328859,0.8822634621235169,0.3325220565865531,0.607392759355035,Low,False
2024-06-18 13:00:00,41.9,30,995.8,True,False,-0.006596201542795721,0.056716688,0.9117736537876483,0.28825676909035597,0.6000152114390022,Low,True
2024-06-18 14:00:00,42.5,28,994.7,True,False,-0.025706801417745173,0.069056764,0.9639488895649528,0.36963796775174934,0.6667934286583511,Low,True
2024-06-18 15:00:00,42.6,27,993.9,True,False,-0.024941391643243604,0.08653895,0.9630362032248251,0.47900821417706113,0.7210222087009431,Low,True
2024-06-18 16:00:00,42.4,26,993.1,True,False,-0.029353789808802877,0.16345203,0.968664435655613,0.7721326437480985,0.8703985397018558,Medium,True
2024-06-18 17:00:00,42.0,26,992.9,True,False,-0.01933504368514627,0.20042026,0.9525403103133556,0.846820809248555,0.8996805597809553,Medium,True
2024-06-18 18:00:00,40.8,28,993.3,True,False,-0.03220585644660823,0.18478177,0.9720109522360816,0.8221782780651049,0.8970946151505932,Medium,True
2024-06-18 19:00:00,38.2,34,994.0,True,False,-0.04271701426578378,0.118896596,0.9829631883176149,0.6353818071189534,0.8091724977182841,Medium,True
2024-06-18 20:00:00,37.1,37,994.4,True,False,-0.00872255030042024,0.15530089,0.9196836020687557,0.7509887435351384,0.835336172801947,Medium,True
2024-06-18 21:00:00,36.1,38,994.3,True,False,-0.01247126198020787,0.25022244,0.9309400669303316,0.903407362336477,0.9171737146334042,High,True
2024-06-18 22:00:00,35.1,40,994.6,True,False,-0.0011566395984732303,0.19398226,0.8894128384545178,0.8383024034073623,0.8638576209309401,Medium,True
2024-06-18 23:00:00,34.6,41,994.4,True,False,-0.0035548181251593425,0.2967224,0.9005171889260724,0.9294189230301186,0.9149680559780955,High,True
2024-06-19 00:00:00,33.9,42,994.2,False,False,0.00480440753565492,0.19818392,0.8623364770307271,0.8442348646181929,0.85328567082446,Medium,False
2024-06-19 01:00:00,34.2,40,994.1,False,False,0.008149846416741657,0.2517178,0.8440827502281716,0.9052327350167326,0.8746577426224521,Medium,False
2024-06-19 02:00:00,33.9,40,993.9,False,False,0.01170695932480581,0.25197327,0.8249163370854883,0.9055369637967752,0.8652266504411317,Medium,False
2024-06-19 03:00:00,33.6,40,993.9,False,False,0.02135662482140782,0.25891307,0.7616367508366292,0.9094919379373289,0.835564344386979,Medium,False
2024-06-19 04:00:00,33.8,41,994.1,False,False,0.026164793990611834,0.2402674,0.7225433526011561,0.8947368421052632,0.8086400973532096,Medium,False
2024-06-19 05:00:00,33.6,44,994.4,False,False,0.027200639808366622,0.16806374,0.7143291755400061,0.7846060237298449,0.7494675996349255,Low,False
2024-06-19 06:00:00,33.9,48,994.7,False,False,0.027073664741716297,0.113015495,0.715850319440219,0.6110435047155461,0.6634469120778825,Low,False
2024-06-19 07:00:00,33.2,51,996.5,False,False,0.0028165256672991745,0.15899283,0.8711591116519622,0.7607240644965013,0.8159415880742318,Medium,False
2024-06-19 08:00:00,28.1,71,996.5,True,False,-0.05870899779958361,0.23987964,0.9933069668390629,0.8942804989351992,0.9437937328871311,High,True
2024-06-19 09:00:00,31.1,60,996.0,True,True,-0.006250236469926729,0.38211453,0.9101003954974141,0.9621235168846973,0.9361119561910557,High,True
2024-06-19 10:00:00,35.8,47,996.3,False,False,0.009264599831308062,0.16531873,0.8383024034073623,0.7768481898387587,0.8075752966230605,Medium,False
2024-06-19 11:00:00,37.2,44,995.8,False,False,0.04360635083111164,0.097675875,0.5419835716458776,0.5366595679951324,0.5393215698205049,Low,False
2024-06-19 12:00:00,39.0,39,994.6,False,False,0.003346426602951813,0.14336178,0.8693337389717067,0.7191968360206875,0.7942652874961971,Medium,False
2024-06-19 13:00:00,40.0,36,993.6,False,False,0.007474618590333992,0.08115338,0.8481898387587465,0.44828110739275934,0.6482354730757529,Low,False
2024-06-19 14:00:00,40.8,33,993.0,False,False,0.007632505511105003,0.07410307,0.847885609978704,0.40386370550654094,0.6258746577426224,Low,False
2024-06-19 15:00:00,39.0,35,993.9,False,False,0.012358593917594918,0.17421669,0.8209613629449346,0.8008822634621235,0.8109218132035291,Medium,False
2024-06-19 16:00:00,34.3,46,993.7,True,False,-0.032381809957717445,0.15475458,0.9724672954061454,0.7491633708548828,0.8608153331305142,Medium,True
2024-06-19 17:00:00,36.5,41,993.1,False,False,0.012403229656268777,0.14081945,0.820657134164892,0.7114390021296014,0.7660480681472468,Medium,False
2024-06-19 18:00:00,39.4,28,992.1,True,True,-0.05039683698070363,0.32670945,0.9888956495284454,0.9438697900821418,0.9663827198052937,High,True
2024-06-19 19:00:00,36.8,36,992.5,True,False,-0.023287296047894923,0.09588292,0.9601460298144204,0.5276848189838759,0.7439154243991482,Low,True
2024-06-19 20:00:00,35.8,38,992.6,False,False,0.010842342968635621,0.06040117,0.8305445695162762,0.31137815637359295,0.5709613629449346,Low,False
2024-06-19 21:00:00,34.7,40,993.2,False,False,0.011099711288996505,0.082740135,0.8279586248859142,0.45588682689382415,0.6419227258898692,Low,False
2024-06-19 22:00:00,33.7,42,994.0,False,False,0.018828753372017837,0.09259216,0.7788256769090356,0.5088226346212351,0.6438241557651354,Low,False
2024-06-19 23:00:00,33.3,44,994.0,False,False,0.0275434161579744,0.08354397,0.7105263157894737,0.4615150593246121,0.5860206875570428,Low,False
2024-06-20 00:00:00,32.8,46,993.8,False,False,0.03887778084654214,0.05476596,0.5949193793732888,0.27441435959841803,0.4346668694858534,Low,False
2024-06-20 01:00:00,32.8,46,993.4,False,False,0.047782352900107294,0.033523906,0.4934590812290842,0.10632795862488592,0.2998935199269851,Low,False
2024-06-20 02:00:00,32.9,43,993.3,False,False,0.044324926090790306,0.05974246,0.5333130514146638,0.30757529662306055,0.42044417401886214,Low,False
2024-06-20 03:00:00,32.9,40,993.4,False,False,0.03998930230898401,0.09216981,0.5821417706114999,0.5068451475509583,0.5444934590812291,Low,False
2024-06-20 04:00:00,32.7,41,993.8,False,False,0.0432696072274672,0.10950036,0.5463948889564954,0.5944630362032248,0.5704289625798601,Low,False
2024-06-20 05:00:00,32.7,42,994.0,False,False,0.052617728717237966,0.0710203,0.4291146942500761,0.3821113477334956,0.40561302099178587,Low,False
2024-06-20 06:00:00,28.7,65,995.4,True,True,-0.05365128611745629,0.5184329,0.9911773653787649,0.9840279890477639,0.9876026772132644,High,True
2024-06-20 07:00:00,30.9,58,995.9,False,False,0.04406879353112403,0.050179347,0.5366595679951323,0.23958016428354123,0.38811986613933674,Low,False
2024-06-20 08:00:00,33.5,50,996.8,False,False,0.011868467637334568,0.064622484,0.8235473075752966,0.34180103437785214,0.5826741709765744,Low,False
2024-06-20 09:00:00,35.5,44,996.3,False,False,0.02653758996381189,0.10527289,0.7190447216306662,0.5742318223303925,0.6466382719805294,Low,False
2024-06-20 10:00:00,37.4,40,996.4,False,False,0.017339225377293987,0.07770068,0.7885609978703986,0.4268329783997566,0.6076969881350776,Low,False
2024-06-20 11:00:00,38.8,37,996.2,False,False,0.023326766671624477,0.07141308,0.7462731974444783,0.3851536355339215,0.5657134164891999,Low,False
2024-06-20 12:00:00,39.7,34,995.6,False,False,0.013706249422587247,0.041768417,0.8118344995436568,0.17401886218436263,0.4929266808640097,Low,False
2024-06-20 13:00:00,39.6,34,995.2,False,False,0.01577700015606892,0.04096385,0.7993611195619106,0.16975965926376635,0.48456038941283847,Low,False
2024-06-20 14:00:00,28.8,72,996.8,True,True,-0.09944124954458233,1.2777816,0.9995436568299361,0.9993915424399148,0.9994675996349254,High,True
2024-06-20 15:00:00,35.5,49,994.3,True,True,-0.03352797784353845,1.413223,0.9739884393063584,0.9996957712199575,0.986842105263158,High,True
2024-06-20 16:00:00,37.0,41,994.2,False,False,0.02405927664354318,0.11262048,0.741557651353818,0.6078491025250988,0.6747033769394584,Low,False
2024-06-20 17:00:00,37.2,40,993.9,False,False,0.034990025592000484,0.046397567,0.6388804380894433,0.2099178582293885,0.4243991481594159,Low,False
2024-06-20 18:00:00,35.0,43,995.3,False,False,0.017821087297843374,0.21578158,0.7858229388500152,0.868421052631579,0.8271219957407971,Medium,False
2024-06-20 19:00:00,34.6,43,995.1,False,False,0.05201391644200065,0.03908335,0.43945847277152417,0.1519622756312747,0.29571037420139945,Low,False
2024-06-20 20:00:00,32.7,51,996.2,False,False,9.615202479384966e-05,0.13202685,0.8850015211439002,0.6854274414359598,0.78521448128993,Medium,False
2024-06-20 21:00:00,32.2,53,996.8,False,False,0.03716646642559823,0.059185345,0.6145421356860359,0.30377243687252814,0.459157286279282,Low,False
2024-06-20 22:00:00,31.7,50,998.7,False,True,0.0003309656965496677,0.34686133,0.8836324916337086,0.9513233951931853,0.917477943413447,High,True
2024-06-20 23:00:00,30.0,61,998.7,True,True,-0.01531541486051946,0.37996832,0.9409796166717371,0.9616671737146334,0.9513233951931852,High,True
2024-06-21 00:00:00,29.1,68,998.0,False,True,0.022178953869479767,0.33505788,0.7552479464557347,0.9478247642226955,0.851536355339215,Medium,True
2024-06-21 01:00:00,28.7,72,997.3,False,False,0.03631298597566013,0.22300363,0.6229084271372072,0.8780042592029206,0.7504563431700639,Medium,False
2024-06-21 02:00:00,28.4,73,997.8,False,False,0.04387662833717604,0.052024867,0.5389412838454517,0.2546394888956495,0.39679038637055064,Low,False
2024-06-21 03:00:00,28.3,73,997.9,False,False,0.06396154802419701,0.09101956,0.2795862488591421,0.5,0.38979312442957104,Low,False
2024-06-21 04:00:00,28.4,73,998.0,False,False,0.06468865227482551,0.09620992,0.26954669911773654,0.5289017341040463,0.3992242166108914,Low,False
2024-06-21 05:00:00,28.3,71,998.5,False,False,0.05517545993620132,0.08646019,0.3965622147855187,0.4787039853970186,0.43763310009126866,Low,False
2024-06-21 06:00:00,24.5,92,999.9,True,True,-0.07600089219704143,0.43537277,0.9977182841496806,0.9723151810161241,0.9850167325829023,High,True
2024-06-21 07:00:00,26.0,85,1000.4,True,False,-0.004278009613259193,0.30315995,0.902342561606328,0.933221782780651,0.9177821721934896,High,True
2024-06-21 08:00:00,26.2,84,1001.4,True,False,-0.02246241517259029,0.31422448,0.9587770003042287,0.9391542439914816,0.9489656221478552,High,True
2024-06-21 09:00:00,27.7,75,1001.6,False,False,0.01517083362256133,0.30259505,0.8024034073623365,0.9327654396105871,0.8675844234864618,Medium,False
2024-06-21 10:00:00,30.1,67,1001.6,False,False,0.0067664577464430775,0.20305303,0.8539701855795558,0.8491025250988744,0.8515363553392151,Medium,False
2024-06-21 11:00:00,32.0,57,1001.0,False,False,0.00615991345772271,0.20088255,0.857164587770003,0.8474292668086401,0.8522969272893215,Medium,False
2024-06-21 12:00:00,33.2,53,1000.7,False,False,0.031164386480187045,0.096360214,0.67371463340432,0.5301186492242166,0.6019166413142683,Low,False
2024-06-21 13:00:00,33.4,53,999.9,False,False,0.04229645232354701,0.12644005,0.5571950106480072,0.6635229692728932,0.6103589899604502,Low,False
2024-06-21 14:00:00,34.1,50,999.0,False,False,0.027618767007232425,0.17786732,0.7097657438393672,0.8092485549132948,0.759507149376331,Medium,False
2024-06-21 15:00:00,34.9,47,997.9,False,False,0.02638576961731698,0.2018499,0.7205658655308792,0.8483419531487679,0.7844539093398235,Medium,False
2024-06-21 16:00:00,35.2,46,997.1,False,False,0.04906424718686048,0.1595806,0.47611804076665654,0.7623973227867357,0.6192576817766962,Low,False
2024-06-21 17:00:00,35.0,46,997.0,False,False,0.06741014822133745,0.10001633,0.23167021600243387,0.5497414055369638,0.39070581076969885,Low,False
2024-06-21 18:00:00,31.9,56,998.1,False,False,0.02100490673945843,0.02580132,0.7648311530270764,0.058868268938241555,0.411849710982659,Low,False
2024-06-21 19:00:00,30.8,59,998.3,False,False,0.07997173904968857,0.0371816,0.08564040158198971,0.13629449345908123,0.11096744752053547,Low,False
2024-06-21 20:00:00,29.9,64,998.9,False,False,0.07601190804298485,0.03379395,0.12564648615759055,0.10876178886522665,0.1172041375114086,Low,False
2024-06-21 21:00:00,29.3,67,999.6,False,False,0.0714441975782717,0.06165705,0.1778217219348951,0.3214177061149985,0.2496197140249468,Low,False
2024-06-21 22:00:00,28.6,71,999.9,False,False,0.07303015538539981,0.049200162,0.15774262245208392,0.23167021600243384,0.1947064192272589,Low,False
2024-06-21 23:00:00,28.2,74,1000.0,False,False,0.07129898914569543,0.08572773,0.17949498022512933,0.47535746881655006,0.3274262245208397,Low,False
2024-06-22 00:00:00,27.9,75,999.5,False,False,0.074733992504454,0.06532556,0.1381198661393368,0.3474292668086401,0.24277456647398846,Low,False
2024-06-22 01:00:00,27.7,76,999.1,False,False,0.07912163168515862,0.03438681,0.09355034986309707,0.11271676300578035,0.10313355643443871,Low,False
2024-06-22 02:00:00,27.7,75,998.6,False,False,0.07269523005424666,0.038820002,0.16124125342257378,0.149528445390934,0.1553848494067539,Low,False
2024-06-22 03:00:00,27.6,77,998.5,False,False,0.08732337071170954,0.03410981,0.03422573775479165,0.11134773349558869,0.07278673562519017,Low,False
2024-06-22 04:00:00,27.2,80,998.9,False,False,0.08930938404918048,0.062467106,0.02449041679342867,0.32567690903559476,0.17508366291451172,Low,False
2024-06-22 05:00:00,27.0,82,999.0,False,False,0.09271997833967671,0.04676278,0.012169151201703698,0.21265591724977184,0.11241253422573777,Low,False
2024-06-22 06:00:00,27.2,73,999.8,False,False,0.07832865511350712,0.13303398,0.10024338302403413,0.6884697292363857,0.3943565561302099,Low,False
2024-06-22 07:00:00,28.5,68,1000.2,False,False,0.08668803282688342,0.026633628,0.0377243687252814,0.0646486157590508,0.0511864922421661,Low,False
2024-06-22 08:00:00,30.2,63,1000.2,False,False,0.09006968998084208,0.016967472,0.020991785822938813,0.021143900212960146,0.021067843017949478,Low,False
2024-06-22 09:00:00,31.8,59,1000.4,False,False,0.07831356765478165,0.033149835,0.10054761180407668,0.10480681472467296,0.10267721326437482,Low,False
2024-06-22 10:00:00,33.3,52,1000.1,False,False,0.05856088114516367,0.033597685,0.35077578338910864,0.10754487374505628,0.22916032856708246,Low,False
2024-06-22 11:00:00,34.3,48,999.8,False,False,0.07190518153782882,0.064626925,0.17021600243383028,0.3419531487678734,0.25608457560085185,Low,False
2024-06-22 12:00:00,35.3,45,999.2,False,False,0.06123727600352785,0.067139395,0.3191359902646791,0.3582293885001521,0.33868268938241564,Low,False
2024-06-22 13:00:00,36.2,43,998.6,False,False,0.0499547517439452,0.07981181,0.4641010039549741,0.4391542439914816,0.45162762397322787,Low,False
2024-06-22 14:00:00,36.6,40,997.8,False,False,0.04309451637996248,0.05676886,0.5479160328567083,0.2885609978703985,0.4182385153635534,Low,False
2024-06-22 15:00:00,36.9,39,997.1,False,False,0.04199568940640369,0.053545583,0.5602372984484332,0.26559172497718286,0.412914511712808,Low,False
2024-06-22 16:00:00,36.8,38,996.7,False,False,0.037207279551206285,0.066645436,0.6137815637359294,0.35579555825981135,0.4847885609978704,Low,False
2024-06-22 17:00:00,36.3,38,996.5,False,False,0.04624066143234551,0.072335,0.5106480073014907,0.3930635838150289,0.45185579555825983,Low,False
2024-06-22 18:00:00,34.6,45,997.5,False,False,0.029812608696746845,0.15017563,0.6864922421661089,0.7382111347733495,0.7123516884697292,Low,False
2024-06-22 19:00:00,32.8,53,998.1,False,False,0.04551448241854117,0.101381145,0.5200790994828111,0.555521752357773,0.537800425920292,Low,False
2024-06-22 20:00:00,31.6,56,998.6,False,False,0.06719944908571684,0.09527418,0.23486461819288107,0.5243383024034074,0.37960146029814423,Low,False
2024-06-22 21:00:00,30.4,61,999.4,False,False,0.056770195987536964,0.12023738,0.3758746577426224,0.6422269546699118,0.5090508062062671,Low,False
2024-06-22 22:00:00,29.8,64,999.7,False,False,0.06987482335123413,0.12531745,0.196836020687557,0.6597201095223608,0.4282780651049589,Low,False
2024-06-22 23:00:00,30.1,62,999.9,False,False,0.06067764329408992,0.1526239,0.327350167325829,0.7433830240340736,0.5353665956799514,Low,False
2024-06-23 00:00:00,30.8,57,999.7,False,False,0.07432646355798866,0.09187565,0.14237906905993303,0.5048676604806814,0.32362336477030723,Low,False
2024-06-23 01:00:00,30.3,59,999.5,False,False,0.08309733074114473,0.10755634,0.06084575600851838,0.585792515972011,0.3233191359902647,Low,False
2024-06-23 02:00:00,29.2,64,999.2,False,False,0.06921253114985954,0.08359117,0.20565865530879224,0.461971402494676,0.3338150289017341,Low,False
2024-06-23 03:00:00,29.6,61,999.0,False,False,0.08867102053070464,0.027854934,0.028293276543961077,0.0725585640401582,0.05042592029205964,Low,False
2024-06-23 04:00:00,27.7,72,999.5,False,False,0.03346741673935394,0.1590032,0.6522665044113174,0.7608761788865227,0.7065713416489201,Low,False
2024-06-23 05:00:00,27.5,72,999.7,False,False,0.09190253012644789,0.048079316,0.014450867052023142,0.22223912382111347,0.1183449954365683,Low,False
2024-06-23 06:00:00,29.1,65,1000.9,False,False,0.056527970873659794,0.054188546,0.3805902038332827,0.2700030422878004,0.3252966230605415,Low,False
2024-06-23 07:00:00,30.6,61,1001.5,False,False,0.06845509279723444,0.03662895,0.21691512017036807,0.13264374809857013,0.1747794341344691,Low,False
2024-06-23 08:00:00,32.7,53,1001.6,False,False,0.06428412107111464,0.027855828,0.27532704593854573,0.07271067843017949,0.1740188621843626,Low,False
2024-06-23 09:00:00,34.4,46,1001.5,False,False,0.05750809591572481,0.03203595,0.3670520231213873,0.09780955278369334,0.23243078795254032,Low,False
2024-06-23 10:00:00,35.8,41,1001.2,False,False,0.06322365734515983,0.02952988,0.2916032856708245,0.08229388500152114,0.1869485853361728,Low,False
2024-06-23 11:00:00,36.9,38,1001.0,False,False,0.06396047993467907,0.049711496,0.27973836324916335,0.2365378764831153,0.2581381198661393,Low,False
2024-06-23 12:00:00,37.9,35,1000.1,False,False,0.034990034386950475,0.01836907,0.6387283236994219,0.02555521752357773,0.3321417706114998,Low,False
2024-06-23 13:00:00,38.4,33,999.3,False,False,0.046118012225831784,0.0144663695,0.512321265591725,0.013233951931852754,0.26277760876178885,Low,False
2024-06-23 14:00:00,38.8,32,998.2,False,False,0.028401487666903313,0.031954188,0.7007909948281108,0.09644052327350168,0.39861575905080626,Low,False
2024-06-23 15:00:00,39.1,30,997.3,False,False,0.024280456698551056,0.049381867,0.73942804989352,0.2328871311226042,0.48615759050806207,Low,False
2024-06-23 16:00:00,39.1,30,996.5,False,False,0.02753131797092112,0.0708407,0.7106784301794951,0.38119866139336783,0.5459385457864314,Low,False
2024-06-23 17:00:00,38.5,31,995.9,False,False,0.021318828114035626,0.09311991,0.7619409796166717,0.5120170368116824,0.6369790082141771,Low,False
2024-06-23 18:00:00,36.5,36,995.9,False,False,0.02020646354581146,0.069275,0.7696988135077578,0.3705506540918771,0.5701247337998174,Low,False
2024-06-23 19:00:00,34.7,42,996.5,False,False,0.0227455843236144,0.062529415,0.7499239428049893,0.32628536659567997,0.5381046547003346,Low,False
2024-06-23 20:00:00,33.3,49,997.3,False,False,0.03529289376184774,0.07076021,0.6361423790690599,0.37982963188317614,0.507986005476118,Low,False
2024-06-23 21:00:00,32.1,53,998.0,False,False,0.05646340908420888,0.093118116,0.38089443261332523,0.511864922421661,0.44637967751749313,Low,False
2024-06-23 22:00:00,31.8,50,998.3,False,False,0.06359538328909986,0.2286011,0.28551871006997265,0.8825676909035595,0.5840432004867661,Low,False
2024-06-23 23:00:00,31.8,47,998.3,False,False,0.05965622984394964,0.2314768,0.3389108609674475,0.8856099787039854,0.6122604198357164,Low,False
2024-06-24 00:00:00,31.2,49,997.9,False,False,0.06876485674355792,0.20624107,0.21372071797992087,0.8536659567995132,0.533693337389717,Low,False
2024-06-24 01:00:00,30.5,50,997.7,False,False,0.06938747974183063,0.18779384,0.203985397018558,0.8271980529358077,0.5155917249771829,Low,False
2024-06-24 02:00:00,29.4,58,997.2,False,False,0.047341412938710914,0.13932393,0.49969577121995745,0.7071797992090052,0.6034377852144813,Low,False
2024-06-24 03:00:00,28.6,61,997.3,False,False,0.06681326810032928,0.12355957,0.24003650745360516,0.6543961058716155,0.4472163066626103,Low,False
2024-06-24 04:00:00,28.8,60,997.7,False,False,0.06834526790261786,0.13642824,0.21858837846060242,0.6977487070276848,0.4581685427441436,Low,False
2024-06-24 05:00:00,30.2,52,997.8,False,False,0.06974274338852826,0.2423324,0.1988135077578339,0.8968664435655613,0.5478399756616976,Low,False
2024-06-24 06:00:00,30.4,58,998.7,False,False,0.05677351283140314,0.1158517,0.37557042896257986,0.6226041983571646,0.49908731365987224,Low,False
2024-06-24 07:00:00,31.5,59,999.2,False,False,0.07419939547572452,0.061115973,0.14405232735016738,0.31731061758442347,0.23068147246729542,Low,False
2024-06-24 08:00:00,33.3,57,999.3,False,False,0.07167047175904345,0.09963207,0.17432309096440524,0.5470033465165804,0.36066321874049284,Low,False
2024-06-24 09:00:00,35.3,51,999.2,False,False,0.07360948797629102,0.024738276,0.1502890173410405,0.05415272284758138,0.10222087009431094,Low,False
2024-06-24 10:00:00,37.1,44,998.9,False,False,0.048134438604581886,0.014993175,0.48813507757833896,0.014755095832065714,0.2514450867052023,Low,False
2024-06-24 11:00:00,38.5,40,998.5,False,False,0.05050784189828389,0.027690237,0.4571037420139945,0.07149376331000913,0.2642987526620018,Low,False
2024-06-24 12:00:00,39.8,35,997.8,False,False,0.027870059953428117,0.027614001,0.7071797992090052,0.07088530574992394,0.38903255247946456,Low,False
2024-06-24 13:00:00,37.9,39,997.9,False,False,0.04412610031850256,0.13681771,0.5358989960450258,0.6997261940979617,0.6178125950714937,Low,False
2024-06-24 14:00:00,38.6,34,996.8,False,False,0.03155686185387524,0.029297354,0.6708244599939155,0.08107696988135077,0.3759507149376331,Low,False
2024-06-24 15:00:00,39.1,31,995.7,False,False,0.025322855494710084,0.032230765,0.7309096440523273,0.09872223912382111,0.4148159415880742,Low,False
2024-06-24 16:00:00,39.4,30,995.0,False,False,0.029322785404443052,0.034285054,0.6918162458168542,0.11226041983571645,0.4020383328262853,Low,False
2024-06-24 17:00:00,38.9,31,994.3,False,False,0.0093512448833315,0.059371814,0.8376939458472772,0.305749923942805,0.5717219348950411,Low,False
2024-06-24 18:00:00,37.6,38,995.0,False,False,0.01615860909370348,0.060825713,0.7966230605415272,0.31381198661393367,0.5552175235777305,Low,False
2024-06-24 19:00:00,35.3,47,995.3,False,False,0.01917361544705576,0.01909805,0.7763918466686949,0.027684818983875873,0.40203833282628537,Low,False
2024-06-24 20:00:00,33.9,50,995.5,False,False,0.04600379293037071,0.06585062,0.5135381807118953,0.3506236689990873,0.4320809248554913,Low,False
2024-06-24 21:00:00,34.0,49,996.0,False,False,0.0561718071914965,0.14062716,0.3848494067538789,0.7108305445695163,0.5478399756616976,Low,False
2024-06-24 22:00:00,32.7,54,996.5,False,False,0.04838368080463751,0.039128065,0.48554913294797686,0.1527228475813812,0.31913599026467904,Low,False
2024-06-24 23:00:00,33.0,50,996.7,False,False,0.04376082191179881,0.14546202,0.5403103133556435,0.7243687252814116,0.6323395193185275,Low,False
2024-06-25 00:00:00,32.4,53,996.7,False,False,0.06601156815839138,0.04271513,0.25159720109522365,0.18238515363553393,0.2169911773653788,Low,False
2024-06-25 01:00:00,31.7,56,996.6,False,False,0.07445592246062649,0.018556904,0.141314268329784,0.026163675083662914,0.08373897170672345,Low,False
2024-06-25 02:00:00,31.3,58,996.2,False,False,0.07351171802624518,0.01691027,0.152114390021296,0.020839671432917553,0.08647703072710677,Low,False
2024-06-25 03:00:00,31.0,60,996.1,False,False,0.07857158934854941,0.012191347,0.09765743839367202,0.00836629145117128,0.05301186492242165,Low,False
2024-06-25 04:00:00,30.4,63,996.1,False,False,0.0740514739185289,0.010892172,0.1451171280803164,0.005476118040766657,0.07529662306054154,Low,False
2024-06-25 05:00:00,29.9,66,996.3,False,False,0.06800724987508544,0.016702391,0.22467295406145427,0.019926985092789777,0.12229996957712203,Low,False
2024-06-25 06:00:00,30.0,72,998.0,False,False,0.00902947900445178,0.17937854,0.8392150897474902,0.812442957103742,0.825829023425616,Medium,False
2024-06-25 07:00:00,31.1,68,998.4,False,False,0.05760719998357949,0.046191834,0.36613933678125954,0.20702768481898387,0.2865835108001217,Low,False
2024-06-25 08:00:00,32.7,62,998.5,False,False,0.070134062283853,0.0821101,0.1936416184971098,0.4533008822634621,0.32347125038028596,Low,False
2024-06-25 09:00:00,34.3,57,998.1,False,False,0.05953600437146439,0.11843732,0.33997566169759663,0.6334043200486766,0.48668999087313664,Low,False
2024-06-25 10:00:00,35.8,52,997.7,False,False,0.06076958357150075,0.07017603,0.3259811378156373,0.3754183145725586,0.35069972619409795,Low,False
2024-06-25 11:00:00,37.1,47,997.2,False,False,0.054578320773549904,0.05627201,0.4041679342865835,0.2850623668999087,0.3446151505932461,Low,False
2024-06-25 12:00:00,38.2,43,996.5,False,False,0.03930110071689652,0.05351445,0.5903559476726499,0.26528749619714026,0.4278217219348951,Low,False
2024-06-25 13:00:00,39.1,38,995.7,False,False,0.035852984878142424,0.07083912,0.6291451171280803,0.38089443261332523,0.5050197748707028,Low,False
2024-06-25 14:00:00,39.8,33,995.1,False,False,0.02890263332448645,0.08548085,0.6951627623973228,0.47429266808640097,0.5847277152418618,Low,False
2024-06-25 15:00:00,40.0,31,994.3,False,False,0.008041004650439165,0.04691359,0.8454517797383633,0.21463340432004868,0.530042592029206,Low,False
2024-06-25 16:00:00,39.8,31,993.5,False,False,0.00026516512852825525,0.055583872,0.8840888348037724,0.2798904776391847,0.5819896562214786,Low,False
2024-06-25 17:00:00,39.6,31,993.1,False,False,0.0023270311825198675,0.07823306,0.8732887131122604,0.4312442957103742,0.6522665044113173,Low,False
2024-06-25 18:00:00,38.2,33,993.7,False,False,0.0009101199863544851,0.08590119,0.88028597505324,0.47611804076665654,0.6782020079099482,Low,False
2024-06-25 19:00:00,36.5,35,994.3,False,False,0.008034355290637785,0.07600161,0.8456038941283845,0.4148159415880742,0.6302099178582294,Low,False
2024-06-25 20:00:00,35.4,36,994.6,False,False,0.02390983080816389,0.092813455,0.7427745664739884,0.5101916641314268,0.6264831153027076,Low,False
2024-06-25 21:00:00,34.3,39,995.5,False,False,0.027909613266461908,0.10288954,0.7064192272588987,0.5625190142987526,0.6344691207788257,Low,False
2024-06-25 22:00:00,33.6,43,996.4,False,False,0.040295006182474724,0.098498136,0.5784910252509887,0.5403103133556434,0.559400669303316,Low,False
2024-06-25 23:00:00,32.5,53,996.6,False,False,0.01660062111147076,0.16192846,0.7935807727411013,0.7669607544873746,0.7802707636142379,Medium,False
2024-06-26 00:00:00,32.6,56,996.5,False,False,0.06381704649472736,0.103736356,0.2820200790994828,0.5661697596592637,0.42409491937937327,Low,False
2024-06-26 01:00:00,32.5,59,996.0,False,False,0.05739592025483625,0.10560969,0.36796470946151505,0.5762093094006693,0.47208700943109216,Low,False
2024-06-26 02:00:00,32.1,62,995.6,False,False,0.05496054741210937,0.08338004,0.3997566169759659,0.45984180103437783,0.4297992090051719,Low,False
2024-06-26 03:00:00,31.6,65,995.5,False,False,0.06605928354964263,0.069708124,0.2508366291451172,0.3729844843322178,0.3119105567386675,Low,False
2024-06-26 04:00:00,31.0,68,995.6,False,False,0.06227685664580329,0.07031173,0.306814724672954,0.37693945847277155,0.3418770915728628,Low,False
2024-06-26 05:00:00,31.0,70,995.9,False,False,0.05508605813235057,0.08279298,0.39793124429571036,0.45619105567386675,0.42706114998478856,Low,False
2024-06-26 06:00:00,31.6,68,997.1,False,False,0.019896190185801632,0.09527348,0.7712199574079708,0.524186188013386,0.6477030727106784,Low,False
2024-06-26 07:00:00,32.8,64,996.7,False,False,0.05216896387518116,0.17189583,0.4371767569212047,0.7937328871311226,0.6154548220261636,Low,False
2024-06-26 08:00:00,34.6,57,997.2,False,False,0.047973797637258786,0.065943375,0.4905689078186797,0.3513842409491938,0.42097657438393676,Low,False
2024-06-26 09:00:00,36.4,50,997.5,False,False,0.04906974961994931,0.07498169,0.47596592637663526,0.4099482811073928,0.442957103742014,Low,False
2024-06-26 10:00:00,37.8,45,997.2,False,False,0.03775558391065065,0.08721167,0.608913903255248,0.4818983875874658,0.5454061454213569,Low,False
2024-06-26 11:00:00,37.0,49,997.5,False,False,0.053315733069463855,0.22017859,0.4205962884088835,0.8749619714024947,0.6477791299056891,Low,False
2024-06-26 12:00:00,37.1,47,996.8,False,False,0.04747236707176905,0.13829407,0.4972619409796166,0.7044417401886218,0.6008518405841192,Low,False
2024-06-26 13:00:00,37.6,45,996.1,False,False,0.0486413098379429,0.10613386,0.48174627319744445,0.5794037115911165,0.5305749923942804,Low,False
2024-06-26 14:00:00,37.9,44,995.4,False,False,0.05420919240253974,0.10306017,0.4091877091572863,0.5632795862488591,0.4862336477030727,Low,False
2024-06-26 15:00:00,38.2,43,994.7,False,False,0.04350789722277182,0.084521286,0.5433526011560694,0.46668694858533616,0.5050197748707028,Low,False
2024-06-26 16:00:00,38.1,43,994.2,False,False,0.03341948951247081,0.0631478,0.6530270763614238,0.33069668390629753,0.4918618801338607,Low,False
2024-06-26 17:00:00,37.9,43,993.8,False,False,0.024123841028574178,0.058527827,0.7407970794037115,0.29996957712199573,0.5203833282628536,Low,False
2024-06-26 18:00:00,35.8,50,995.5,False,True,0.003464380803807232,0.334617,0.8685731670216003,0.9475205354426529,0.9080468512321266,High,True
2024-06-26 19:00:00,35.2,53,996.2,False,False,0.04316058087918395,0.102005415,0.547307575296623,0.5587161545482202,0.5530118649224216,Low,False
2024-06-26 20:00:00,34.7,55,997.1,False,False,0.03950314443016867,0.13014443,0.5885305749923944,0.6779738363249164,0.6332522056586554,Low,False
2024-06-26 21:00:00,34.3,56,997.8,False,False,0.04291283744428198,0.10588945,0.5503498630970489,0.5781867964709462,0.5642683297839975,Low,False
2024-06-26 22:00:00,33.6,60,998.3,False,False,0.03648792788533972,0.09828414,0.6207788256769091,0.5393976270155156,0.5800882263462124,Low,False
2024-06-26 23:00:00,31.9,66,998.8,False,False,0.003998814164437647,0.16206473,0.8658351080012169,0.7675692120474596,0.8167021600243383,Medium,False
2024-06-27 00:00:00,30.8,70,998.9,False,False,0.031008761467635204,0.19099933,0.6753878916945544,0.8328262853665956,0.754107088530575,Medium,False
2024-06-27 01:00:00,30.4,73,998.5,False,False,0.0477804530628812,0.16142237,0.4936111956191056,0.7655917249771829,0.6296014602981442,Low,False
2024-06-27 02:00:00,30.0,76,998.2,False,False,0.052908918593647714,0.11014134,0.4247033769394585,0.5970489808335868,0.5108761788865226,Low,False
2024-06-27 03:00:00,29.8,78,998.1,False,False,0.06316187550504548,0.073075056,0.2926680864009735,0.39853970185579557,0.34560389412838455,Low,False
2024-06-27 04:00:00,29.6,79,998.4,False,False,0.06587006230417813,0.048938807,0.2540310313355644,0.2293885001521144,0.2417097657438394,Low,False
2024-06-27 05:00:00,29.5,80,999.4,False,False,0.042607180573987935,0.05677282,0.5532400365074537,0.28871311226041985,0.42097657438393676,Low,False
2024-06-27 06:00:00,30.2,75,999.6,False,False,0.06477302302150412,0.12338497,0.26878612716763006,0.653635533921509,0.4612108305445695,Low,False
2024-06-27 07:00:00,30.6,73,1000.5,False,False,0.04425590808716168,0.112137474,0.5342257377547917,0.6048068147246729,0.5695162762397323,Low,False
2024-06-27 08:00:00,29.7,75,1001.8,False,False,0.01767636476718265,0.24673977,0.7865835108001217,0.9000608457560085,0.8433221782780651,Medium,False
2024-06-27 09:00:00,28.6,83,1001.6,False,True,0.0023361224904439593,0.62305987,0.8731365987222391,0.9916337085488287,0.9323851536355339,High,True
2024-06-27 10:00:00,29.9,77,1001.1,False,True,0.03193570723237943,0.3747272,0.6662610282932766,0.9599939154243992,0.8131274718588379,Medium,True
2024-06-27 11:00:00,32.5,66,1000.7,False,False,0.011212311935766273,0.1720335,0.8271980529358077,0.7946455734712504,0.8109218132035291,Medium,False
2024-06-27 12:00:00,34.5,58,999.8,False,False,0.019803359622628913,0.1588951,0.771828414968056,0.7604198357164588,0.7661241253422574,Medium,False
2024-06-27 13:00:00,35.9,53,999.1,False,False,0.0409759952666679,0.11664969,0.5721022208700943,0.6256464861575906,0.5988743535138424,Low,False
2024-06-27 14:00:00,36.9,50,998.1,False,False,0.029724993912270625,0.15871842,0.687557042896258,0.7598113781563736,0.7236842105263157,Low,False
2024-06-27 15:00:00,37.2,48,997.5,False,False,0.052727393958886704,0.09095973,0.42683297839975665,0.4995436568299361,0.46318831761484636,Low,False
2024-06-27 16:00:00,37.0,48,996.9,False,False,0.05867066289506301,0.07298983,0.3495588682689382,0.3980833586857317,0.37382111347733493,Low,False
2024-06-27 17:00:00,36.4,49,996.6,False,False,0.053326103520491885,0.04879667,0.42029205962884086,0.22786735625190144,0.32407970794037116,Low,False
2024-06-27 18:00:00,35.0,51,997.5,False,False,0.050808853850774716,0.09877551,0.4533008822634621,0.542135686035899,0.49771828414968056,Low,False
2024-06-27 19:00:00,34.2,53,998.1,False,False,0.06586656871860591,0.061226208,0.25418314572558565,0.31776696075448735,0.28597505324003647,Low,False
2024-06-27 20:00:00,33.1,59,998.9,False,False,0.05099596314794591,0.045498144,0.4513233951931853,0.20033465165804684,0.3258290234256161,Low,False
2024-06-27 21:00:00,32.4,62,999.9,False,False,0.06229053367966941,0.1109523,0.30605415272284753,0.6010039549741406,0.45352905384849407,Low,False
2024-06-27 22:00:00,32.0,64,1000.4,False,False,0.06841954491629193,0.055689123,0.21721934895041073,0.28065104958929116,0.24893519926985094,Low,False
2024-06-27 23:00:00,31.6,65,1000.4,False,False,0.06534028511191825,0.07854701,0.2607240644965013,0.43246121083054456,0.34659263766352294,Low,False
2024-06-28 00:00:00,31.4,65,1000.1,False,False,0.07439165288899319,0.12572634,0.14177061149984793,0.6607849102525098,0.4012777608761789,Low,False
2024-06-28 01:00:00,30.9,68,999.7,False,False,0.07614026321602652,0.08967752,0.12427745664739887,0.49391542439914815,0.3090964405232735,Low,False
2024-06-28 02:00:00,30.5,71,1000.0,False,False,0.08319932471680241,0.06441683,0.059933069668390626,0.3402798904776392,0.2001064800730149,Low,False
2024-06-28 03:00:00,29.1,77,999.6,False,False,0.06869403997733664,0.046377122,0.21524186188013383,0.20961362944934592,0.21242774566473988,Low,False
2024-06-28 04:00:00,28.4,82,1000.0,False,False,0.07095368965343102,0.026717814,0.18436264070581077,0.065257073319136,0.12480985701247338,Low,False
2024-06-28 05:00:00,28.3,83,1000.3,False,False,0.09032897911704613,0.015606143,0.020231213872832332,0.01673258290234256,0.018481898387587445,Low,False
2024-06-28 06:00:00,28.6,80,1000.3,False,False,0.09295197572138325,0.038538918,0.011256464861575943,0.14648615759050806,0.078871311226042,Low,False
2024-06-28 07:00:00,29.6,77,1000.5,False,False,0.0940372983557719,0.026263356,0.008518405841192567,0.06191055673866748,0.03521448128993002,Low,False
2024-06-28 08:00:00,30.7,72,1000.4,False,False,0.09206967166249419,0.053720966,0.014146638271980483,0.2668086400973532,0.14047763918466685,Low,False
2024-06-28 09:00:00,31.7,67,1000.4,False,False,0.09147034140321636,0.028426168,0.016428354122299926,0.0765135381807119,0.04647094615150591,Low,False
2024-06-28 10:00:00,32.6,62,1000.1,False,False,0.08587243664006061,0.02665013,0.04304837237602677,0.0648007301490721,0.053924551262549435,Low,False
2024-06-28 11:00:00,34.3,55,999.3,False,False,0.05892791656403479,0.038449146,0.34742926680864006,0.14587770003042289,0.24665348341953147,Low,False
2024-06-28 12:00:00,34.9,53,998.7,False,False,0.0733603552965868,0.041568913,0.15424399148159418,0.17310617584423488,0.16367508366291453,Low,False
2024-06-28 13:00:00,35.7,51,997.8,False,False,0.04795145855594807,0.06835701,0.4910252509887435,0.3649224216610891,0.4279738363249163,Low,False
2024-06-28 14:00:00,35.7,51,997.2,False,False,0.06705035295856693,0.0404458,0.23608153331305137,0.16473988439306358,0.20041070885305748,Low,False
2024-06-28 15:00:00,34.5,56,996.4,False,False,0.03583571605858549,0.07525199,0.6299056890781868,0.4113173106175844,0.5206114998478856,Low,False
2024-06-28 16:00:00,35.3,54,995.8,False,False,0.0432462174621136,0.19290929,0.5466991177365379,0.8357164587770003,0.6912077882567691,Low,False
2024-06-28 17:00:00,34.4,59,995.4,False,False,0.043677878966848604,0.13145225,0.5412229996957711,0.683449954365683,0.6123364770307271,Low,False
2024-06-28 18:00:00,35.1,48,995.5,False,True,0.02312929939880448,0.62453043,0.7473379981746273,0.9919379373288714,0.8696379677517494,Medium,True
2024-06-28 19:00:00,34.0,53,996.2,False,False,0.027803876666320615,0.10378181,0.7083967143291756,0.5664739884393064,0.637435351384241,Low,False
2024-06-28 20:00:00,33.1,56,996.9,False,False,0.036203708924430866,0.10915836,0.6242774566473989,0.5938545786431396,0.6090660176452692,Low,False
2024-06-28 21:00:00,32.5,58,997.2,False,False,0.05239669276303438,0.10504667,0.4335260115606936,0.5730149072102221,0.5032704593854578,Low,False
2024-06-28 22:00:00,32.1,62,997.7,False,False,0.05987472066955429,0.08085532,0.33586857316702157,0.4458472771524186,0.39085792515972007,Low,False
2024-06-28 23:00:00,31.6,66,997.8,False,False,0.06002473476158682,0.099036776,0.33449954365683,0.5441131731061758,0.4393063583815029,Low,False
2024-06-29 00:00:00,30.6,73,997.6,False,False,0.055220808015189304,0.1088054,0.39610587161545485,0.5921813203529054,0.4941435959841801,Low,False
2024-06-29 01:00:00,30.0,76,997.2,False,False,0.06065311903021808,0.08421207,0.32765439610587166,0.4647094615150593,0.3961819288104655,Low,False
2024-06-29 02:00:00,29.5,78,997.0,False,False,0.06644179988681914,0.07083748,0.24414359598418012,0.3807423182233039,0.31244295710374204,Low,False
2024-06-29 03:00:00,29.2,80,997.0,False,False,0.07575044410334819,0.0644079,0.12838454517797382,0.3401277760876179,0.23425616063279586,Low,False
2024-06-29 04:00:00,28.9,82,997.1,False,False,0.07390952458690064,0.048907064,0.14602981442044416,0.22862792820200792,0.18732887131122605,Low,False
2024-06-29 05:00:00,28.6,84,997.5,False,False,0.07378635186195914,0.03127712,0.14785518710069978,0.09355034986309704,0.12070276848189841,Low,False
2024-06-29 06:00:00,29.1,80,997.6,False,False,0.07930920848727968,0.049457908,0.09248554913294793,0.23395193185275326,0.1632187404928506,Low,False
2024-06-29 07:00:00,29.8,78,998.2,False,False,0.07065759514608883,0.024745962,0.18892607240644965,0.054304837237602675,0.12161545482202617,Low,False
2024-06-29 08:00:00,31.1,72,998.6,False,False,0.06982371116721686,0.022655983,0.19744447824764222,0.04274414359598418,0.12009431092181319,Low,False
2024-06-29 09:00:00,32.5,66,998.4,False,False,0.06608672887665151,0.037628207,0.25022817158503197,0.14040158198965622,0.1953148767873441,Low,False
2024-06-29 10:00:00,34.1,58,998.2,False,False,0.051378673148679166,0.049042046,0.447064192272589,0.23045330088226346,0.3387587465774262,Low,False
2024-06-29 11:00:00,35.4,54,998.1,False,False,0.06489254795761135,0.08384742,0.26696075448737455,0.4633404320048677,0.3651505932461211,Low,False
2024-06-29 12:00:00,36.5,50,997.7,False,False,0.05082695134199772,0.08816951,0.4531487678734408,0.48615759050806207,0.46965317919075145,Low,False
2024-06-29 13:00:00,37.3,47,996.9,False,False,0.04160156381205349,0.07970179,0.5643443869790082,0.43839367204137514,0.5013690295101917,Low,False
2024-06-29 14:00:00,37.8,45,995.8,False,False,0.02554627766800449,0.063287824,0.7284758138119867,0.33236994219653176,0.5304228780042592,Low,False
2024-06-29 15:00:00,37.9,44,994.4,False,False,0.001569776299641057,0.11301521,0.8772436872528141,0.6108913903255248,0.7440675387891694,Low,False
2024-06-29 16:00:00,38.0,43,993.7,False,False,0.011548784174957805,0.10462635,0.825829023425616,0.5713416489199878,0.6985853361728019,Low,False
2024-06-29 17:00:00,37.7,43,993.4,False,False,0.00714995382683109,0.12793283,0.8510800121691512,0.6703681168238516,0.7607240644965014,Medium,False
2024-06-29 18:00:00,32.6,66,995.8,True,True,-0.030630127486497516,0.5443921,0.9704898083358686,0.9849406753878917,0.9777152418618802,High,True
2024-06-29 19:00:00,32.5,65,996.0,False,False,0.07684820516687896,0.18552504,0.11728019470641926,0.8238515363553393,0.47056586553087926,Low,False
2024-06-29 20:00:00,32.6,65,996.5,False,False,0.07149422900334451,0.16564241,0.17660480681472468,0.7777608761788866,0.4771828414968056,Low,False
2024-06-29 21:00:00,32.3,66,996.9,False,False,0.07167930252450055,0.12682885,0.1740188621843627,0.664435655613021,0.41922725889869183,Low,False
2024-06-29 22:00:00,31.9,68,997.4,False,False,0.062252123695416606,0.11439587,0.30711895345299667,0.6177365378764831,0.4624277456647399,Low,False
2024-06-29 23:00:00,31.4,71,997.6,False,False,0.057413733254262356,0.12117108,0.3678125950714938,0.6458777000304229,0.5068451475509583,Low,False
2024-06-30 00:00:00,30.9,73,997.2,False,False,0.07012886698402893,0.09770323,0.1937937328871311,0.5368116823851536,0.36530270763614237,Low,False
2024-06-30 01:00:00,30.6,74,997.0,False,False,0.07497694568060875,0.06810576,0.1349254639488896,0.36385762093094004,0.24939154243991482,Low,False
2024-06-30 02:00:00,30.3,74,997.1,False,False,0.08359777866788554,0.058925636,0.05765135381807118,0.3022512929723152,0.17995132339519318,Low,False
2024-06-30 03:00:00,30.0,74,997.2,False,False,0.09092017750047976,0.05057702,0.018253726802555548,0.24247033769394585,0.13036203224825071,Low,False
2024-06-30 04:00:00,29.8,75,997.3,False,False,0.08868802477025878,0.04019787,0.028141162153939803,0.16321874049285062,0.09567995132339521,Low,False
2024-06-30 05:00:00,29.7,76,997.6,False,False,0.08903685361396069,0.03200405,0.025707331913598974,0.09720109522360815,0.06145421356860356,Low,False
2024-06-30 06:00:00,27.1,90,998.1,True,False,-0.01172622679322799,0.15553436,0.9288104654700334,0.7520535442652875,0.8404320048676605,Medium,True
2024-06-30 07:00:00,28.1,88,998.0,False,False,0.048441919992271654,0.15710795,0.4847885609978704,0.7572254335260116,0.621006997261941,Low,False
2024-06-30 08:00:00,30.5,76,998.2,False,False,0.03691819505286098,0.124573216,0.6171280803163979,0.6572862792820201,0.6372071797992089,Low,False
2024-06-30 09:00:00,32.8,66,998.0,False,False,0.04847334961374011,0.09557897,0.48448433221782783,0.5264679038637055,0.5054761180407666,Low,False
2024-06-30 10:00:00,34.8,59,997.8,False,False,0.05491167465558017,0.07689787,0.4003650745360511,0.42135686035898995,0.41086096744752054,Low,False
2024-06-30 11:00:00,36.0,54,997.4,False,False,0.05988426966235327,0.0894847,0.3357164587770003,0.4925463948889565,0.41413142683297843,Low,False
2024-06-30 12:00:00,36.8,51,996.6,False,False,0.051999822486633984,0.111240916,0.4399148159415881,0.6020687557042896,0.5209917858229389,Low,False
2024-06-30 13:00:00,37.7,47,995.7,False,False,0.025744427435123785,0.118691474,0.7255856404015819,0.6343170063888044,0.6799513233951932,Low,False
2024-06-30 14:00:00,38.4,45,994.5,False,False,0.004277432097786471,0.12680124,0.8647703072710679,0.6641314268329784,0.7644508670520231,Medium,False
2024-06-30 15:00:00,38.8,43,993.4,True,False,-0.006937884236911884,0.16003045,0.9137511408579252,0.7630057803468208,0.838378460602373,Medium,True
2024-06-30 16:00:00,38.9,42,992.6,True,False,-0.006702142811221057,0.18953587,0.9125342257377548,0.8305445695162762,0.8715393976270155,Medium,True
2024-06-30 17:00:00,38.8,41,992.0,True,False,-0.009068630253853516,0.2554667,0.92135686035899,0.9070581076969881,0.914207484027989,High,True
2024-06-30 18:00:00,37.0,47,993.1,True,False,-0.01868913344291101,0.16319405,0.9504107088530575,0.7704593854578643,0.8604350471554609,Medium,True
2024-06-30 19:00:00,35.7,52,993.8,True,False,-9.526412865334954e-06,0.12753566,0.8853057499239428,0.6682385153635534,0.7767721326437481,Medium,True
2024-06-30 20:00:00,34.1,61,994.6,False,False,0.004126300728060472,0.09077934,0.8653787648311531,0.49878308487982964,0.6820809248554913,Low,False
2024-06-30 21:00:00,33.4,64,995.2,False,False,0.04013826885519123,0.18337218,0.5801642835412231,0.8202007909948281,0.7001825372680256,Low,False
2024-06-30 22:00:00,33.1,66,995.7,False,False,0.05248574717668458,0.21596712,0.4315485244904168,0.8687252814116215,0.6501369029510191,Low,False
2024-06-30 23:00:00,32.7,69,995.5,False,False,0.04648204780299581,0.28896308,0.5083662914511713,0.9251597201095224,0.7167630057803469,Low,False
2024-07-01 00:00:00,32.4,70,995.2,False,False,0.04831249811510996,0.3095481,0.48615759050806207,0.9361119561910557,0.7111347733495589,Low,False
2024-07-01 01:00:00,32.1,71,994.9,False,False,0.04589938469060406,0.29335096,0.5153635533921509,0.9278977791299057,0.7216306662610283,Low,False
2024-07-01 02:00:00,31.7,73,994.6,False,False,0.04231406054767051,0.27206573,0.5568907818679647,0.9167934286583511,0.736842105263158,Low,False
2024-07-01 03:00:00,31.2,73,994.6,False,False,0.04961012642199397,0.25082022,0.46836020687557045,0.9043200486766048,0.6863401277760877,Low,False
2024-07-01 04:00:00,30.5,73,994.8,False,False,0.05051508240936209,0.21468924,0.45695162762397323,0.8672041375114086,0.662077882567691,Low,False
2024-07-01 05:00:00,29.9,75,994.8,False,False,0.05334850261986501,0.17263304,0.4199878308487983,0.7961667173714634,0.6080772741101308,Low,False
2024-07-01 06:00:00,31.0,72,995.3,False,False,0.05335728207913509,0.13516647,0.41983571645877704,0.6944021904472163,0.5571189534529967,Low,False
2024-07-01 07:00:00,31.5,72,994.8,False,False,0.05969609226028749,0.14873432,0.33845451779738367,0.7351688469729236,0.5368116823851536,Low,False
2024-07-01 08:00:00,32.7,68,995.5,False,False,0.051689224289334035,0.07205838,0.44463036203224826,0.39062975357468815,0.4176300578034682,Low,False
2024-07-01 09:00:00,34.4,59,995.3,False,False,0.04740797106748462,0.064653054,0.49847885609978704,0.342257377547916,0.42036811682385156,Low,False
2024-07-01 10:00:00,36.3,52,994.8,False,False,0.027326662171924976,0.059232093,0.7128080316397931,0.3045330088226346,0.5086705202312138,Low,False
2024-07-01 11:00:00,38.0,46,994.3,False,False,0.016259972178111703,0.079226844,0.7958624885914207,0.4361119561910557,0.6159872223912382,Low,False
2024-07-01 12:00:00,39.2,42,993.2,True,False,-0.007984162189242694,0.12068555,0.9172497718284149,0.643900212960146,0.7805749923942804,Medium,True
2024-07-01 13:00:00,39.9,41,992.2,True,False,-0.012256364937187958,0.105300196,0.9304837237602677,0.5743839367204138,0.7524338302403407,Medium,True
2024-07-01 14:00:00,40.4,39,991.2,True,False,-0.022345005334563073,0.13734075,0.9581685427441436,0.7010952236081534,0.8296318831761484,Medium,True
2024-07-01 15:00:00,40.6,38,990.4,True,False,-0.02240705809948773,0.17681518,0.9584727715241862,0.8071189534529967,0.8827958624885914,Medium,True
2024-07-01 16:00:00,40.3,37,989.8,True,False,-0.026516544230941963,0.23942252,0.9651658046851233,0.8939762701551567,0.92957103742014,High,True
2024-07-01 17:00:00,40.0,38,989.4,True,False,-0.024796076833523695,0.30424368,0.9627319744447824,0.9338302403407363,0.9482811073927593,High,True
2024-07-01 18:00:00,29.9,82,991.9,True,True,-0.10645084816340056,0.81126004,0.9996957712199575,0.9965013690295101,0.9980985701247338,High,True
2024-07-01 19:00:00,30.1,84,992.2,True,True,-0.0066594005196243256,0.5993525,0.9122299969577122,0.9895041070885305,0.9508670520231214,High,True
2024-07-01 20:00:00,30.0,82,992.8,True,True,-0.0022688575430762636,0.58868635,0.8945847277152419,0.9884393063583815,0.9415120170368116,High,True
2024-07-01 21:00:00,29.9,81,993.2,False,True,0.0013144056566902762,0.5832599,0.8787648311530271,0.9879829631883176,0.9333738971706723,High,True
2024-07-01 22:00:00,29.7,82,994.2,True,True,-0.015349901077235883,0.41766772,0.9414359598418011,0.9698813507757834,0.9556586553087922,High,True
2024-07-01 23:00:00,28.7,91,993.5,True,True,-0.04215952827065261,0.8462864,0.9826589595375722,0.997414055369638,0.990036507453605,High,True
2024-07-02 00:00:00,29.3,87,992.6,True,True,-0.014764649008895292,0.59369075,0.9394584727715242,0.9887435351384241,0.9641010039549741,High,True
2024-07-02 01:00:00,29.2,86,992.5,False,True,0.010132532733335198,0.4464696,0.8340432004867661,0.9744447824764223,0.9042439914815942,High,True
2024-07-02 02:00:00,29.1,88,991.6,True,True,-0.015247539219588324,0.6270661,0.9408275022817159,0.9920900517188926,0.9664587770003042,High,True
2024-07-02 03:00:00,28.9,88,991.9,False,True,0.011269419238908729,0.548666,0.8270459385457865,0.9857012473379981,0.9063735929418923,High,True
2024-07-02 04:00:00,29.0,86,992.5,False,True,0.005966025520258267,0.5537552,0.8579251597201095,0.9860054761180408,0.9219653179190752,High,True
2024-07-02 05:00:00,28.8,88,992.9,False,True,0.015542564059006447,0.531405,0.8008822634621235,0.9844843322178278,0.8926832978399757,Medium,True
2024-07-02 06:00:00,29.9,86,991.9,True,True,-0.021398999071241542,0.86880153,0.9555825981137815,0.9978703985397018,0.9767264983267416,High,True
2024-07-02 07:00:00,31.5,78,992.3,False,True,0.014211426148174888,0.7176635,0.8078795254031031,0.9955886826893824,0.9017341040462428,High,True
2024-07-02 08:00:00,33.3,67,992.8,False,True,0.0032483534293990535,0.660361,0.8696379677517493,0.9934590812290842,0.9315485244904167,High,True
2024-07-02 09:00:00,35.8,53,992.9,True,True,-0.022663810806625828,0.6792592,0.9590812290842714,0.9942196531791907,0.976650441131731,High,True
2024-07-02 10:00:00,37.5,47,992.5,True,True,-0.011370852589706937,0.702743,0.9272893215698205,0.9945238819592334,0.9609066017645269,High,True
2024-07-02 11:00:00,38.8,45,992.4,True,True,-0.00789479606610588,0.8428963,0.9167934286583511,0.9972619409796166,0.9570276848189838,High,True
2024-07-02 12:00:00,39.9,42,991.8,True,True,-0.0213378867571824,0.6574667,0.9554304837237603,0.9933069668390629,0.9743687252814116,High,True
2024-07-02 13:00:00,40.7,39,991.0,True,True,-0.040369849315640804,0.60578126,0.9800730149072102,0.9899604502585945,0.9850167325829023,High,True
2024-07-02 14:00:00,40.9,38,990.2,True,True,-0.04066782320395523,0.5460269,0.9808335868573167,0.985092789777913,0.9829631883176149,High,True
2024-07-02 15:00:00,40.9,37,989.6,True,True,-0.04120490873036786,0.54800737,0.9814420444174019,0.9853970185579556,0.9834195314876788,High,True
2024-07-02 16:00:00,40.9,35,989.4,True,True,-0.04268764757498367,0.61058664,0.9828110739275936,0.9908731365987222,0.986842105263158,High,True
2024-07-02 17:00:00,40.4,35,989.4,True,True,-0.046794527288794185,0.60358065,0.9863097048980833,0.9896562214785519,0.9879829631883177,High,True
2024-07-02 18:00:00,37.6,46,990.5,True,True,-0.06441011060789825,0.5740676,0.9946759963492546,0.9872223912382111,0.9909491937937329,High,True
2024-07-02 19:00:00,36.5,49,990.9,True,True,-0.0017952654261538248,0.5492887,0.8927593550349863,0.9858533617280195,0.9393063583815029,High,True
2024-07-02 20:00:00,35.9,51,991.5,False,True,0.008991594357622201,0.5984006,0.8395193185275327,0.9890477639184667,0.9142835412229997,High,True
2024-07-02 21:00:00,35.4,53,992.2,False,True,0.0014854809211529707,0.6151645,0.877700030422878,0.9914815941588074,0.9345908122908427,High,True
2024-07-02 22:00:00,34.5,55,992.9,True,True,-0.013553556967796365,0.6143921,0.9356556130209918,0.9911773653787649,0.9634164891998783,High,True
2024-07-02 23:00:00,33.4,58,993.0,True,True,-0.001651600984333701,0.59818375,0.8921508974749012,0.9888956495284454,0.9405232735016733,High,True
2024-07-03 00:00:00,32.6,61,992.5,False,True,0.025327973902208423,0.49115384,0.7307575296623061,0.9808335868573167,0.8557955582598114,Medium,True
2024-07-03 01:00:00,32.3,63,992.8,False,True,0.027190454578558176,0.3973776,0.7146334043200486,0.9657742622452083,0.8402038332826285,Medium,True
2024-07-03 02:00:00,31.2,73,992.6,True,True,-0.004969964210511768,0.39393547,0.9055369637967752,0.9650136902951019,0.9352753270459385,High,True
2024-07-03 03:00:00,30.8,75,992.7,False,False,0.029157702340572522,0.27279025,0.6933373897170672,0.9180103437785214,0.8056738667477943,Medium,False
2024-07-03 04:00:00,30.4,74,993.5,False,False,0.02000746984826629,0.24523611,0.7707636142379068,0.8986918162458168,0.8347277152418618,Medium,False
2024-07-03 05:00:00,30.2,74,994.2,False,False,0.021226296819356005,0.19640508,0.7625494371767569,0.8421052631578947,0.8023273501673258,Medium,False
2024-07-03 06:00:00,34.4,52,993.0,True,True,-0.025229369181762884,0.537361,0.9633404320048676,0.9846364466078491,0.9739884393063584,High,True
2024-07-03 07:00:00,34.9,53,993.4,False,False,0.03721340608643203,0.17133836,0.6136294493459081,0.7928202007909948,0.7032248250684514,Low,False
2024-07-03 08:00:00,36.0,52,993.7,False,False,0.04232935925771525,0.116031446,0.5567386674779434,0.6236689990873137,0.5902038332826285,Low,False
2024-07-03 09:00:00,37.2,50,994.0,False,False,0.025048390190361813,0.104445204,0.7325829023425616,0.5699726194097962,0.6512777608761788,Low,False
2024-07-03 10:00:00,38.7,45,994.1,False,False,0.011096403471592742,0.09600797,0.8281107392759355,0.5278369333738971,0.6779738363249164,Low,False
2024-07-03 11:00:00,40.1,40,994.0,False,False,0.0017401411489148533,0.11099315,0.8761788865226651,0.6011560693641619,0.7386674779434135,Low,False
2024-07-03 12:00:00,41.2,35,993.9,True,False,-0.007276205340826847,0.15206341,0.9149680559780955,0.7429266808640097,0.8289473684210527,Medium,True
2024-07-03 13:00:00,41.7,31,993.2,True,False,-0.015523012925563351,0.13607542,0.9420444174018863,0.696836020687557,0.8194402190447216,Medium,True
2024-07-03 14:00:00,41.9,30,992.5,True,False,-0.01753570316418973,0.11037771,0.9478247642226955,0.5987222391238212,0.7732735016732584,Medium,True
2024-07-03 15:00:00,42.1,28,991.9,True,False,-0.014476860614215492,0.13522723,0.9382415576513539,0.6948585336172802,0.8165500456343171,Medium,True
2024-07-03 16:00:00,41.6,29,991.7,True,False,-0.009594368591584801,0.1391618,0.9227258898691816,0.70657134164892,0.8146486157590508,Medium,True
2024-07-03 17:00:00,41.4,29,991.6,True,False,-0.005312257261912201,0.18835849,0.9069059933069669,0.8284149680559781,0.8676604806814725,Medium,True
2024-07-03 18:00:00,40.1,38,992.4,True,False,-0.018408835607491403,0.30327654,0.9499543656829936,0.9333738971706723,0.941664131426833,High,True
2024-07-03 19:00:00,38.1,42,992.7,True,False,-0.005292828023835572,0.27906567,0.9066017645269242,0.9221174323090965,0.9143595984180104,High,True
2024-07-03 20:00:00,37.1,42,993.5,True,True,-0.0033647760495978396,0.36787397,0.8997566169759659,0.9566473988439307,0.9282020079099482,High,True
2024-07-03 21:00:00,34.1,66,995.5,True,True,-0.06215323841899201,0.9517359,0.9945238819592334,0.998478856099787,0.9965013690295101,High,True
2024-07-03 22:00:00,32.3,76,997.1,True,True,-0.06915457158433169,0.46094674,0.9960450258594463,0.9761180407666565,0.9860815333130515,High,True
2024-07-03 23:00:00,31.5,75,996.5,True,True,-0.015689247257175243,0.83834326,0.9426528749619714,0.9971098265895953,0.9698813507757833,High,True
2024-07-04 00:00:00,31.0,73,996.4,False,True,0.01215459308957978,0.37206006,0.8220261636750836,0.9590812290842714,0.8905536963796775,Medium,True
2024-07-04 01:00:00,30.2,76,996.1,True,True,-0.0064730530067858005,0.40187204,0.9111651962275631,0.9663827198052936,0.9387739580164283,High,True
2024-07-04 02:00:00,29.5,79,995.9,False,True,0.0005669632835145766,0.37765384,0.8821113477334956,0.9607544873745056,0.9214329175540006,High,True
2024-07-04 03:00:00,29.2,80,996.0,False,True,0.006010153282609232,0.3414242,0.8577730453300882,0.949650136902951,0.9037115911165197,High,True
2024-07-04 04:00:00,29.0,81,996.9,True,False,-0.027693743509169533,0.29043734,0.9672954061454213,0.9259202920596289,0.9466078491025252,High,True
2024-07-04 05:00:00,28.9,81,997.4,True,True,-0.025547715299465867,0.40443036,0.9636446607849103,0.9668390629753575,0.965241861880134,High,True
2024-07-04 06:00:00,28.7,82,997.6,True,True,-0.02581037245581075,0.5702163,0.9641010039549741,0.9870702768481898,0.9755856404015819,High,True
2024-07-04 07:00:00,29.4,79,998.4,True,True,-0.04188664998775882,0.59919685,0.9820505019774871,0.9893519926985093,0.9857012473379982,High,True
2024-07-04 08:00:00,30.8,71,999.6,True,True,-0.054709709493898306,0.34512943,0.9916337085488287,0.9505628232430788,0.9710982658959537,High,True
2024-07-04 09:00:00,28.8,83,1000.0,True,True,-0.08187382555571332,1.2146572,0.9983267417097658,0.9992394280498935,0.9987830848798296,High,True
2024-07-04 10:00:00,30.8,73,999.8,True,True,-0.045989718580510375,0.6555255,0.9853970185579556,0.9931548524490417,0.9892759355034986,High,True
2024-07-04 11:00:00,33.9,62,998.9,True,True,-0.065706078968648,0.6892714,0.9948281107392759,0.9943717675692121,0.9945999391542439,High,True
2024-07-04 12:00:00,35.6,57,998.6,True,True,-0.020364050147797963,0.4599811,0.9539093398235473,0.975813811986614,0.9648615759050807,High,True
2024-07-04 13:00:00,36.1,56,997.6,True,True,-0.010878879387474782,0.5550313,0.9262245208396714,0.9861575905080621,0.9561910556738668,High,True
2024-07-04 14:00:00,36.3,55,996.7,False,True,0.01660544594423874,0.46026778,0.7932765439610587,0.9759659263766353,0.8846212351688469,Medium,True
2024-07-04 15:00:00,36.7,53,995.7,False,True,0.008434627903949998,0.39965802,0.8430179494980226,0.9659263766352297,0.9044721630666261,High,True
2024-07-04 16:00:00,36.8,53,995.2,False,False,0.037974750703389515,0.25079253,0.6069364161849711,0.9041679342865835,0.7555521752357772,Medium,False
2024-07-04 17:00:00,36.5,53,995.0,False,False,0.03633035351162711,0.16335478,0.6227563127471859,0.7716763005780347,0.6972163066626103,Low,False
2024-07-04 18:00:00,33.4,60,996.6,False,False,0.00854400249935966,0.108651936,0.8421052631578947,0.5912686340127776,0.7166869485853362,Low,False
2024-07-04 19:00:00,32.8,62,996.8,False,False,0.0689552405091331,0.052782584,0.21006997261940985,0.2585944630362032,0.23433221782780653,Low,False
2024-07-04 20:00:00,32.4,64,996.8,False,False,0.06597438626366592,0.041475505,0.25281411621539396,0.1721934895041071,0.2125038028597505,Low,False
2024-07-04 21:00:00,31.8,67,997.5,False,False,0.05805901928215901,0.059387594,0.3592941892303012,0.3059020383328263,0.3325981137815638,Low,False
2024-07-04 22:00:00,31.2,68,997.9,False,False,0.06255331135134473,0.04612685,0.3025555217523578,0.2064192272588987,0.25448737450562825,Low,False
2024-07-04 23:00:00,30.5,70,997.8,False,False,0.05939950631957358,0.089120016,0.3422573775479161,0.4905689078186796,0.4164131426832979,Low,False
2024-07-05 00:00:00,30.2,72,997.6,False,False,0.07885093725295439,0.050774932,0.09537572254335258,0.2444478247642227,0.16991177365378762,Low,False
2024-07-05 01:00:00,29.9,73,997.2,False,False,0.07704631110706633,0.02901782,0.11560693641618502,0.0803163979312443,0.09796166717371466,Low,False
2024-07-05 02:00:00,29.7,74,997.1,False,False,0.08169849191607265,0.015012687,0.07042896257986009,0.014907210222087009,0.04266808640097355,Low,False
2024-07-05 03:00:00,29.4,76,996.8,False,False,0.07785819285627144,0.009253592,0.10708853057499235,0.0025859446303620323,0.05483723760267719,Low,False
2024-07-05 04:00:00,29.2,77,996.6,False,False,0.08080147652929337,0.012840831,0.07955582598113786,0.010495892911469426,0.04502585944630364,Low,False
2024-07-05 05:00:00,29.0,78,996.9,False,False,0.08872991029362276,0.027370652,0.027532704593854596,0.06982050501977487,0.04867660480681473,Low,False
2024-07-05 06:00:00,27.1,91,998.7,True,True,-0.03611903901023883,0.3415008,0.9750532400365075,0.9498022512929724,0.9624277456647399,High,True
2024-07-05 07:00:00,27.1,91,997.5,False,False,0.04953731050365018,0.31240407,0.4692728932156982,0.9382415576513539,0.703757225433526,Low,False
2024-07-05 08:00:00,27.7,89,996.8,False,False,0.04802937746553526,0.19791567,0.48935199269850926,0.8439306358381503,0.6666413142683298,Low,False
2024-07-05 09:00:00,28.9,84,996.8,False,False,0.06625453723704888,0.124332145,0.2480985701247338,0.6566778217219349,0.45238819592333435,Low,False
2024-07-05 10:00:00,31.0,73,996.8,False,False,0.05466568715534886,0.11985838,0.4029510191664132,0.6407058107696988,0.521828414968056,Low,False
2024-07-05 11:00:00,32.9,65,996.6,False,False,0.05723194325139014,0.0746825,0.36994219653179194,0.4081229084271372,0.38903255247946456,Low,False
2024-07-05 12:00:00,34.3,60,995.7,False,False,0.03497912528752445,0.093987264,0.6391846668694858,0.5168846972923639,0.5780346820809248,Low,False
2024-07-05 13:00:00,35.0,56,994.9,False,False,0.03560127222911069,0.11293214,0.632035290538485,0.6101308183754183,0.6210830544569517,Low,False
2024-07-05 14:00:00,35.2,56,993.8,False,False,0.022302630068197327,0.13612027,0.7537268025555217,0.6971402494675997,0.7254335260115607,Low,False
2024-07-05 15:00:00,35.6,55,992.9,False,False,0.020759821263506395,0.17502417,0.7663522969272893,0.8025555217523578,0.7844539093398235,Medium,False
2024-07-05 16:00:00,35.7,54,992.0,False,False,0.016561078841008936,0.27809435,0.7943413446912078,0.9215089747490113,0.8579251597201095,Medium,False
2024-07-05 17:00:00,35.5,54,991.5,False,True,0.020745390030307953,0.34576148,0.7665044113173106,0.9508670520231214,0.858685731670216,Medium,True
2024-07-05 18:00:00,34.2,62,992.0,True,False,-0.013260124637209159,0.23455895,0.934742926680864,0.8891086096744752,0.9119257681776696,High,True
2024-07-05 19:00:00,32.8,65,992.6,True,False,-0.007062422492897347,0.26673,0.9140553696379677,0.9148159415880742,0.914435655613021,High,True
2024-07-05 20:00:00,31.8,68,993.3,False,False,0.002624238737379825,0.2655547,0.8719196836020687,0.914207484027989,0.8930635838150289,Medium,False
2024-07-05 21:00:00,31.4,71,994.5,False,True,0.011689121749862197,0.34644502,0.8250684514755096,0.9511712808031639,0.8881198661393368,Medium,True
2024-07-05 22:00:00,30.9,73,994.2,False,False,0.022066895211500015,0.2977035,0.7567690903559476,0.9298752662001826,0.8433221782780651,Medium,False
2024-07-05 23:00:00,30.3,74,993.8,False,True,0.01271888281189626,0.3750931,0.8182233039245512,0.9601460298144204,0.8891846668694858,Medium,True
2024-07-06 00:00:00,30.2,76,993.5,False,True,0.02639435887982483,0.36156875,0.7202616367508367,0.9558868268938242,0.8380742318223304,Medium,True
2024-07-06 01:00:00,29.8,78,992.9,False,True,0.022996549614036244,0.3785662,0.748707027684819,0.9613629449345908,0.8550349863097049,Medium,True
2024-07-06 02:00:00,29.4,80,992.6,False,True,0.027351569371528606,0.35731828,0.7126559172497718,0.9548220261636751,0.8337389717067234,Medium,True
2024-07-06 03:00:00,29.1,82,992.5,False,True,0.03548128567270642,0.35199812,0.6337085488287192,0.9528445390933983,0.7932765439610587,Medium,True
2024-07-06 04:00:00,28.4,85,994.0,False,True,0.0038079549859699746,0.35000572,0.8670520231213873,0.9520839671432918,0.9095679951323395,High,True
2024-07-06 05:00:00,26.9,93,994.1,False,False,0.005011968758156071,0.15338734,0.8612716763005781,0.7453605111043504,0.8033160937024643,Medium,False
2024-07-06 06:00:00,27.5,91,995.0,False,False,0.030687093326516313,0.11278314,0.6779738363249164,0.6087617888652267,0.6433678125950715,Low,False
2024-07-06 07:00:00,25.8,93,994.7,False,False,0.029442713998513392,0.1826044,0.6905993306966839,0.8186796470946152,0.7546394888956496,Medium,False
2024-07-06 08:00:00,27.1,92,994.8,False,False,0.051111191644019616,0.16667037,0.4502585944630362,0.7795862488591421,0.6149224216610891,Low,False
2024-07-06 09:00:00,28.5,85,995.1,False,False,0.05129699086957967,0.14246765,0.4482811073927594,0.7161545482202616,0.5822178278065104,Low,False
2024-07-06 10:00:00,29.8,78,994.8,False,False,0.04849200603555237,0.1929541,0.4840279890477639,0.8360206875570428,0.6600243383024034,Low,False
2024-07-06 11:00:00,31.5,70,994.6,False,False,0.04031660300577877,0.14318259,0.5781867964709462,0.7181320352905385,0.6481594158807423,Low,False
2024-07-06 12:00:00,33.0,63,994.1,False,False,0.026898469078130316,0.15006803,0.7170672345603895,0.7377547916032857,0.7274110130818376,Low,False
2024-07-06 13:00:00,34.3,59,993.3,False,False,0.021091203447922036,0.1586698,0.7637663522969274,0.759507149376331,0.7616367508366292,Medium,False
2024-07-06 14:00:00,35.4,56,992.2,False,False,0.014168598539238464,0.17743999,0.8081837541831457,0.8084879829631884,0.808335868573167,Medium,False
2024-07-06 15:00:00,34.9,57,991.7,False,False,0.030642270953880557,0.11046841,0.6781259507149376,0.5990264679038637,0.6385762093094007,Low,False
2024-07-06 16:00:00,31.5,69,992.9,True,False,-0.015358548091696789,0.2907664,0.9415880742318223,0.9263766352296927,0.9339823547307575,High,True
2024-07-06 17:00:00,28.5,87,992.4,True,False,-0.03315318447101823,0.20966522,0.9735320961362945,0.8588378460602373,0.9161849710982659,High,True
2024-07-06 18:00:00,30.7,71,993.4,True,True,-0.002758268334354441,0.5618091,0.89671432917554,0.9864618192881046,0.9415880742318223,High,True
2024-07-06 19:00:00,30.7,72,993.6,False,False,0.046692421288793196,0.13204026,0.506693033160937,0.6857316702160025,0.5962123516884696,Low,False
2024-07-06 20:00:00,30.7,72,994.5,False,False,0.03167685417096622,0.23062691,0.6693033160937025,0.8848494067538789,0.7770763614237908,Medium,False
2024-07-06 21:00:00,30.2,72,995.2,False,False,0.030435669421676192,0.20308396,0.6805597809552784,0.8492546394888957,0.7649072102220871,Medium,False
2024-07-06 22:00:00,29.9,74,995.5,False,False,0.04669730844622905,0.16372557,0.5065409187709158,0.7738059020383328,0.6401734104046243,Low,False
2024-07-06 23:00:00,26.8,91,996.7,True,True,-0.048556465366232815,0.40605405,0.9867660480681473,0.9672954061454213,0.9770307271067843,High,True
2024-07-07 00:00:00,26.5,92,995.5,False,True,0.018605168915912573,0.33704212,0.7806510495892911,0.9487374505628232,0.8646942500760572,Medium,True
2024-07-07 01:00:00,26.8,92,995.3,False,False,0.04369929856018784,0.118852645,0.54107088530575,0.6352296927289321,0.5881502890173411,Low,False
2024-07-07 02:00:00,27.4,86,994.8,False,False,0.03920412128681128,0.13794369,0.5915728627928202,0.7029205962884089,0.6472467295406146,Low,False
2024-07-07 03:00:00,26.8,86,996.4,False,True,0.01413812071362952,0.31985542,0.8084879829631884,0.9414359598418011,0.8749619714024948,Medium,True
2024-07-07 04:00:00,25.3,97,996.0,True,False,-0.007854949476064799,0.2767746,0.9166413142683298,0.9209005171889261,0.9187709157286279,High,True
2024-07-07 05:00:00,25.8,95,996.4,False,False,0.03363821575524112,0.11864728,0.6501369029510191,0.6341648919987831,0.6421508974749011,Low,False
2024-07-07 06:00:00,25.7,91,997.7,False,False,0.007371690117339347,0.17312281,0.8491025250988744,0.7967751749315485,0.8229388500152115,Medium,False
2024-07-07 07:00:00,25.1,96,999.0,True,False,-0.017993687183983198,0.24724877,0.9490416793428659,0.900821417706115,0.9249315485244904,High,True
2024-07-07 08:00:00,25.4,94,999.1,False,True,0.007260709217133454,0.4837504,0.8501673258290234,0.9788560997870398,0.9145117128080316,High,True
2024-07-07 09:00:00,26.6,88,999.2,False,False,0.008898826614164523,0.16073056,0.839671432917554,0.7639184666869486,0.8017949498022513,Medium,False
2024-07-07 10:00:00,27.6,83,998.7,False,False,0.006654186823130737,0.21560585,0.8548828719196836,0.8678125950714938,0.8613477334955887,Medium,False
2024-07-07 11:00:00,28.8,77,998.7,False,False,0.00460284499164787,0.10742709,0.8637055065409187,0.5851840584119258,0.7244447824764222,Low,False
2024-07-07 12:00:00,30.5,69,998.1,True,False,-0.007636870279693397,0.14546166,0.9155765135381807,0.7242166108913903,0.8198965622147856,Medium,True
2024-07-07 13:00:00,31.6,64,997.4,False,False,0.010097272610888941,0.13162513,0.8341953148767873,0.6840584119257682,0.7591268634012778,Medium,False
2024-07-07 14:00:00,32.6,60,996.8,False,False,0.01265355659143752,0.14463961,0.8189838758746577,0.7216306662610283,0.770307271067843,Medium,False
2024-07-07 15:00:00,33.0,59,996.5,False,False,0.03145565428082825,0.11672839,0.671585031944022,0.6257986005476118,0.6486918162458168,Low,False
2024-07-07 16:00:00,33.1,59,996.0,False,False,0.03708743118530533,0.07639714,0.6156069364161849,0.41846668694858535,0.5170368116823851,Low,False
2024-07-07 17:00:00,32.8,60,995.9,False,False,0.05380222843487459,0.08164978,0.4149680559780955,0.4507149376331001,0.4328414968055978,Low,False
2024-07-07 18:00:00,32.2,60,997.0,False,True,0.03289407408528905,0.3369456,0.6578947368421053,0.9485853361728019,0.8032400365074537,Medium,True
2024-07-07 19:00:00,31.3,65,997.6,False,False,0.04379869791047808,0.13295658,0.5398539701855796,0.6881655004563432,0.6140097353209614,Low,False
2024-07-07 20:00:00,30.4,70,998.1,False,False,0.03937052440444244,0.12586336,0.5900517188926072,0.661849710982659,0.6259507149376331,Low,False
2024-07-07 21:00:00,29.9,72,998.9,False,False,0.03852314984285987,0.1923755,0.5988743535138423,0.8346516580468513,0.7167630057803468,Low,False
2024-07-07 22:00:00,29.4,74,999.7,False,False,0.02691815778317247,0.18961793,0.7169151201703681,0.8306966839062976,0.7738059020383328,Medium,False
2024-07-07 23:00:00,29.1,75,1000.0,False,False,0.02554242797560058,0.15603751,0.7286279282020078,0.7532704593854579,0.7409491937937329,Low,False
2024-07-08 00:00:00,28.9,78,1000.1,False,False,0.05195860008490977,0.31526235,0.4405232735016733,0.9397627015515668,0.6901429875266201,Low,False
2024-07-08 01:00:00,28.8,79,1000.0,False,False,0.061281437854295684,0.24689211,0.3183754183145726,0.9003650745360511,0.6093702464253119,Low,False
2024-07-08 02:00:00,28.3,82,999.8,False,False,0.06333625237413376,0.18117481,0.2896257986005476,0.8167021600243383,0.553163979312443,Low,False
2024-07-08 03:00:00,27.5,87,1000.2,False,False,0.05076018551282996,0.15051596,0.4540614542135686,0.7392759355034987,0.5966686948585336,Low,False
2024-07-08 04:00:00,26.3,90,1000.4,False,False,0.06077298713220536,0.11253079,0.32582902342561604,0.607392759355035,0.4666108913903255,Low,False
2024-07-08 05:00:00,25.5,90,1001.0,False,False,0.05848896740773146,0.085103296,0.35199269850927895,0.4714024946759964,0.41169759659263766,Low,False
2024-07-08 06:00:00,28.2,84,1000.5,False,False,0.040788805264885375,0.18194787,0.5734712503802859,0.8173106175844235,0.6953909339823547,Low,False
2024-07-08 07:00:00,29.0,75,1001.2,False,False,0.06038701515424816,0.065346844,0.3305445695162762,0.34773349558868266,0.33913903255247946,Low,False
2024-07-08 08:00:00,29.7,69,1001.3,False,False,0.07134698336515194,0.033785395,0.17873440827502285,0.10845756008518406,0.14359598418010344,Low,False
2024-07-08 09:00:00,30.7,68,1001.6,False,False,0.05188224256662849,0.04018766,0.4417401886218436,0.16291451171280802,0.3023273501673258,Low,False
2024-07-08 10:00:00,32.1,63,1001.4,False,False,0.0544384367620529,0.010036369,0.4066017645269242,0.0036507453605111044,0.20512625494371767,Low,False
2024-07-08 11:00:00,33.2,59,1001.2,False,False,0.05303923176419534,0.013542892,0.42303011864922424,0.01186492242166109,0.21744752053544267,Low,False
2024-07-08 12:00:00,33.8,57,1000.8,False,False,0.061659196861913235,0.011294474,0.3141162153939763,0.006388804380894433,0.16025250988743536,Low,False
2024-07-08 13:00:00,34.5,57,1000.2,False,False,0.06428777179382933,0.024554307,0.27517493154852446,0.05308792211743231,0.16413142683297838,Low,False
2024-07-08 14:00:00,35.4,55,999.6,False,False,0.06092237380737359,0.046127375,0.32369942196531787,0.20657134164892,0.26513538180711893,Low,False
2024-07-08 15:00:00,36.0,52,998.8,False,False,0.05377230747318906,0.03911502,0.41542439914815943,0.15257073319135991,0.2839975661697597,Low,False
2024-07-08 16:00:00,35.3,54,998.3,False,False,0.062426365658675986,0.016805645,0.30392455126254947,0.020535442652874963,0.16222999695771223,Low,False
2024-07-08 17:00:00,34.4,57,998.1,False,False,0.0680887894507805,0.011991182,0.22330392455126258,0.007605719501064801,0.1154548220261637,Low,False
2024-07-08 18:00:00,33.6,58,999.2,False,False,0.058445799316479974,0.19196068,0.35260115606936415,0.8340432004867661,0.5933221782780651,Low,False
2024-07-08 19:00:00,32.6,62,999.5,False,False,0.07116507486340512,0.03982904,0.18132035290538484,0.1601764526924247,0.17074840279890477,Low,False
2024-07-08 20:00:00,31.8,64,1000.4,False,False,0.06304131979344518,0.13415737,0.2946455734712504,0.6915120170368116,0.49307879525403103,Low,False
2024-07-08 21:00:00,31.2,65,1001.1,False,False,0.06874340849184479,0.11547965,0.21448128993002735,0.6212351688469729,0.41785822938850015,Low,False
2024-07-08 22:00:00,30.5,67,1001.7,False,False,0.07074062217195626,0.100816496,0.18694858533617276,0.5536963796775175,0.37032248250684513,Low,False
2024-07-08 23:00:00,29.8,70,1001.9,False,False,0.0563836778976064,0.10503423,0.38211134773349564,0.5728627928202008,0.4774870702768482,Low,False
2024-07-09 00:00:00,29.3,72,1001.8,False,False,0.08819058841399363,0.12471279,0.030422878004259246,0.6581989656221479,0.34431092181320355,Low,False
2024-07-09 01:00:00,28.9,74,1001.8,False,False,0.08869786604026364,0.09275722,0.027836933373897144,0.509735320961363,0.26878612716763006,Low,False
2024-07-09 02:00:00,28.5,76,1001.9,False,False,0.09155828614610234,0.074795134,0.01581989656221483,0.409035594767265,0.2124277456647399,Low,False
2024-07-09 03:00:00,28.1,77,1001.9,False,False,0.09419387962569054,0.056148343,0.0077578338910860856,0.2836933373897171,0.14572558564040158,Low,False
2024-07-09 04:00:00,27.7,78,1002.4,False,False,0.0838452300482444,0.06432692,0.05613020991785822,0.3395193185275327,0.19782476422269546,Low,False
2024-07-09 05:00:00,27.3,80,1002.5,False,False,0.08786306655489551,0.07378702,0.031487678734408275,0.40173410404624277,0.21661089139032552,Low,False
2024-07-09 06:00:00,27.8,78,1002.9,False,False,0.0763844116572549,0.045611303,0.12169151201703676,0.20109522360815332,0.16139336781259506,Low,False
2024-07-09 07:00:00,28.6,75,1003.4,False,False,0.07433409246006328,0.057463147,0.14222695466991175,0.29327654396105873,0.21775174931548524,Low,False
2024-07-09 08:00:00,30.1,69,1003.4,False,False,0.07840625185846123,0.04313014,0.09887435351384244,0.18512321265591725,0.14199878308487984,Low,False
2024-07-09 09:00:00,31.8,62,1003.1,False,False,0.06916476194597476,0.031016247,0.20641922725889872,0.09096440523273501,0.14869181624581687,Low,False
2024-07-09 10:00:00,33.5,56,1003.4,False,False,0.05878283587291061,0.056130636,0.348950410708853,0.2833891086096745,0.31616975965926375,Low,False
2024-07-09 11:00:00,34.8,52,1003.0,False,False,0.0687621052841047,0.015483457,0.21387283236994215,0.016124125342257378,0.11499847885609976,Low,False
2024-07-09 12:00:00,35.7,50,1002.6,False,False,0.06894356344105318,0.021130828,0.21052631578947367,0.03513842409491938,0.12283236994219653,Low,False
2024-07-09 13:00:00,36.3,49,1001.7,False,False,0.05858718232679472,0.016202416,0.3503194402190447,0.018253726802555523,0.18428658351080013,Low,False
2024-07-09 14:00:00,36.8,47,1000.8,False,False,0.05657164894297634,0.022410102,0.37937328871311227,0.041679342865835106,0.21052631578947367,Low,False
2024-07-09 15:00:00,37.1,46,1000.2,False,False,0.06434612408373602,0.026956216,0.27395801642835416,0.06693033160937024,0.1704441740188622,Low,False
2024-07-09 16:00:00,36.8,47,999.4,False,False,0.05952183765925001,0.048089273,0.34043200486766045,0.22239123821113477,0.2814116215393976,Low,False
2024-07-09 17:00:00,36.3,48,998.9,False,False,0.0588519430480704,0.05184526,0.347885609978704,0.2532704593854579,0.30057803468208094,Low,False
2024-07-09 18:00:00,34.0,56,999.6,False,False,0.03566892579609093,0.029814685,0.631578947368421,0.0836629145117128,0.3576209309400669,Low,False
2024-07-09 19:00:00,32.8,62,999.7,False,False,0.0686338421904803,0.03472713,0.21585031944021904,0.11515059324612108,0.16550045634317007,Low,False
2024-07-09 20:00:00,31.9,65,1000.1,False,False,0.07278321875935057,0.051630843,0.1598722239123821,0.25174931548524493,0.2058107696988135,Low,False
2024-07-09 21:00:00,31.3,67,1001.3,False,False,0.07219665412929965,0.13496245,0.16641314268329788,0.6937937328871311,0.4301034377852145,Low,False
2024-07-09 22:00:00,30.8,69,1001.6,False,False,0.08728398704927187,0.04368582,0.034377852144812926,0.18862184362640705,0.11149984788560999,Low,False
2024-07-09 23:00:00,30.3,72,1002.0,False,False,0.06789175067445002,0.045555368,0.22604198357164584,0.20079099482811075,0.2134164891998783,Low,False
2024-07-10 00:00:00,29.8,74,1002.1,False,False,0.08822339594092649,0.044848613,0.03027076361423786,0.19607544873745056,0.11317310617584421,Low,False
2024-07-10 01:00:00,29.5,75,1002.3,False,False,0.09151726319646453,0.034280173,0.016276239732278652,0.11210830544569517,0.06419227258898691,Low,False
2024-07-10 02:00:00,29.2,78,1002.1,False,False,0.09001216433273185,0.03628524,0.0211439002129602,0.1297535746881655,0.07544873745056285,Low,False
2024-07-10 03:00:00,28.8,80,1001.9,False,False,0.09504846709617304,0.028096452,0.006236689990873123,0.07468816550045634,0.040462427745664734,Low,False
2024-07-10 04:00:00,28.3,83,1001.7,False,False,0.08470292279077668,0.032690138,0.05156677821721933,0.10161241253422573,0.07658959537572253,Low,False
2024-07-10 05:00:00,28.1,84,1001.7,False,False,0.09174111564498572,0.03163889,0.015059324612108349,0.09507149376331,0.05506540918770918,Low,False
2024-07-10 06:00:00,29.4,81,1002.5,False,False,0.08683371875372015,0.038650993,0.036507453605111095,0.14724672954061455,0.09187709157286282,Low,False
2024-07-10 07:00:00,30.6,76,1003.2,False,False,0.07952015073712637,0.03297514,0.08974749011256467,0.10358989960450259,0.09666869485853363,Low,False
2024-07-10 08:00:00,32.1,70,1003.3,False,False,0.08969494519325749,0.033197615,0.02266504411317316,0.10511104350471555,0.06388804380894436,Low,False
2024-07-10 09:00:00,33.5,64,1003.2,False,False,0.08314073346563766,0.027710868,0.060237298448433174,0.07164587770003042,0.0659415880742318,Low,False
2024-07-10 10:00:00,34.7,59,1003.1,False,False,0.08542383181504765,0.031744014,0.04609066017645269,0.0955278369333739,0.0708092485549133,Low,False
2024-07-10 11:00:00,35.8,55,1002.5,False,False,0.07734865067821173,0.031235147,0.11226041983571644,0.09324612108305445,0.10275327045938545,Low,False
2024-07-10 12:00:00,36.7,51,1001.9,False,False,0.0737931531177699,0.035289314,0.1477030727106784,0.12123516884697293,0.13446912077882567,Low,False
2024-07-10 13:00:00,37.3,50,1000.9,False,False,0.05864403940402119,0.03899293,0.3498630970489809,0.15104958929114695,0.25045634317006393,Low,False
2024-07-10 14:00:00,37.7,47,999.8,False,False,0.03977877534456348,0.051457167,0.585336172801947,0.25007605719501064,0.4177061149984789,Low,False
2024-07-10 15:00:00,37.8,46,998.9,False,False,0.03369278835219375,0.061480634,0.6493763310009126,0.3203529053848494,0.484864618192881,Low,False
2024-07-10 16:00:00,37.4,48,998.3,False,False,0.05006723729868745,0.07080245,0.46257986005476115,0.38043808944326135,0.4215089747490113,Low,False
2024-07-10 17:00:00,36.9,50,998.2,False,False,0.05490529971548053,0.08280283,0.40066930331609374,0.456343170063888,0.4285062366899909,Low,False
2024-07-10 18:00:00,35.3,56,998.9,False,False,0.03478411442073642,0.039225027,0.6408579251597202,0.15378764831153027,0.3973227867356252,Low,False
2024-07-10 19:00:00,34.2,62,999.4,False,False,0.0516896468569929,0.049794402,0.444478247642227,0.23699421965317918,0.3407362336477031,Low,False
2024-07-10 20:00:00,33.0,67,999.4,False,False,0.060910470969451236,0.112315856,0.32385153635533925,0.6064800730149073,0.46516580468512325,Low,False
2024-07-10 21:00:00,32.0,75,1000.1,False,False,0.044825430838361935,0.09299417,0.5281411621539398,0.5109522360815333,0.5195466991177365,Low,False
2024-07-10 22:00:00,31.7,75,1000.4,False,False,0.07655115935180046,0.18604568,0.12001825372680253,0.8249163370854883,0.4724672954061454,Low,False
2024-07-10 23:00:00,31.3,76,1000.2,False,False,0.06000404888199268,0.23662224,0.3349558868268938,0.8919987830848798,0.6134773349558869,Low,False
2024-07-11 00:00:00,31.2,74,999.8,False,False,0.07118341903807512,0.13545714,0.1810161241253423,0.695314876787344,0.43816550045634317,Low,False
2024-07-11 01:00:00,30.8,75,999.5,False,False,0.0726368460050712,0.11348824,0.161849710982659,0.6136294493459081,0.38773958016428356,Low,False
2024-07-11 02:00:00,30.2,78,999.1,False,False,0.0623837450480374,0.109603554,0.3049893519926985,0.59507149376331,0.45003042287800427,Low,False
2024-07-11 03:00:00,29.8,81,999.0,False,False,0.07349053294335367,0.11293034,0.15257073319135994,0.609978703985397,0.38127471858837847,Low,False
2024-07-11 04:00:00,29.5,82,999.1,False,False,0.07963457379828126,0.117451,0.0876178886522665,0.6292972315181016,0.35845756008518403,Low,False
2024-07-11 05:00:00,29.2,83,999.1,False,False,0.07696880158961894,0.114533715,0.11651962275631278,0.6180407666565257,0.36728019470641926,Low,False
2024-07-11 06:00:00,29.9,83,999.8,False,False,0.06503596675132195,0.113449894,0.2646790386370551,0.6133252205658656,0.43900212960146034,Low,False
2024-07-11 07:00:00,31.0,78,999.8,False,False,0.08127408066693226,0.112298965,0.07377547916032856,0.6063279586248859,0.3400517188926072,Low,False
2024-07-11 08:00:00,32.8,70,999.8,False,False,0.07646115266356934,0.1033825,0.12108305445695167,0.5646486157590508,0.3428658351080012,Low,False
2024-07-11 09:00:00,34.0,64,999.4,False,False,0.07128306160753245,0.10204265,0.17979920900517188,0.5590203833282629,0.3694097961667174,Low,False
2024-07-11 10:00:00,35.4,56,998.9,False,False,0.054457323270129476,0.07397279,0.4058411925768177,0.40325524794645573,0.4045482202616367,Low,False
2024-07-11 11:00:00,36.9,50,998.4,False,False,0.048993760862692304,0.091781884,0.476878612716763,0.5045634317006389,0.49072102220870095,Low,False
2024-07-11 12:00:00,38.1,46,997.9,False,False,0.03352108879282406,0.15567213,0.6512017036811683,0.7525098874353514,0.7018557955582598,Low,False
2024-07-11 13:00:00,39.1,42,996.7,False,False,0.0022801769002087635,0.098709814,0.8737450562823244,0.5418314572558564,0.7077882567690903,Low,False
2024-07-11 14:00:00,39.5,41,995.8,False,False,0.004051093542187523,0.08497438,0.8656829936111956,0.47048980833586856,0.6680864009735321,Low,False
2024-07-11 15:00:00,39.4,41,994.6,True,False,-0.018954844703535367,0.17505732,0.9510191664131427,0.8028597505324003,0.8769394584727714,Medium,True
2024-07-11 16:00:00,39.3,41,993.8,True,False,-0.015347756027385695,0.27872005,0.9412838454517798,0.9216610891390326,0.9314724672954062,High,True
2024-07-11 17:00:00,37.1,48,993.6,True,False,-0.017205593723274237,0.27255678,0.9469120778825677,0.9174018862184362,0.932156982050502,High,True
2024-07-11 18:00:00,36.6,47,993.8,True,True,-0.0018228006807126107,0.47483763,0.8929114694250077,0.9774870702768482,0.9351992698509279,High,True
2024-07-11 19:00:00,35.0,53,993.7,True,True,-0.01895256888422392,0.54851544,0.9508670520231214,0.9855491329479769,0.9682080924855492,High,True
2024-07-11 20:00:00,33.8,59,993.7,True,True,-0.008806941443839422,0.7090252,0.9199878308487983,0.9949802251292972,0.9574840279890477,High,True
2024-07-11 21:00:00,32.5,70,994.2,True,True,-0.03960602880542363,0.61163586,0.9790082141770612,0.9910252509887435,0.9850167325829023,High,True
2024-07-11 22:00:00,32.0,69,994.7,False,True,0.0010163196913784978,0.71182585,0.8798296318831762,0.9954365682993611,0.9376331000912687,High,True
2024-07-11 23:00:00,31.6,71,995.0,False,True,0.0044120028777760445,0.5884758,0.8641618497109826,0.9882871919683602,0.9262245208396714,High,True
2024-07-12 00:00:00,31.2,71,995.1,False,True,0.026686185560286457,0.72363645,0.7178278065104959,0.995892911469425,0.8568603589899605,Medium,True
2024-07-12 01:00:00,31.1,70,994.5,False,True,0.00992142008359681,0.83740866,0.8348037724368725,0.9969577121995741,0.9158807423182234,High,True
2024-07-12 02:00:00,30.8,71,994.2,False,True,0.01015196198407925,0.7377894,0.8338910860967448,0.9961971402494676,0.9150441131731062,High,True
2024-07-12 03:00:00,30.8,70,994.1,False,True,0.02668020286239564,0.72649354,0.7179799209005172,0.9960450258594463,0.8570124733799818,Medium,True
2024-07-12 04:00:00,31.2,67,993.7,False,True,0.018665068611553814,0.8117175,0.780042592029206,0.9966534834195315,0.8883480377243688,Medium,True
2024-07-12 05:00:00,30.9,62,993.9,False,True,0.032043450352024216,0.71011466,0.6645877700030423,0.9951323395193186,0.8298600547611804,Medium,True
2024-07-12 06:00:00,31.3,61,994.5,False,True,0.037574368590125695,0.4558812,0.6104350471554609,0.9752053544265288,0.7928202007909948,Medium,True
2024-07-12 07:00:00,29.2,71,995.8,True,False,-0.002925832981739207,0.19619969,0.8977791299056891,0.8413446912077882,0.8695619105567387,Medium,True
2024-07-12 08:00:00,28.7,74,996.9,False,False,0.039533263138539554,0.059135843,0.5876178886522665,0.30362032248250687,0.4456191055673867,Low,False
2024-07-12 09:00:00,29.1,74,997.3,False,False,0.06209978085608059,0.09032491,0.30909644052327345,0.4968055978095528,0.4029510191664131,Low,False
2024-07-12 10:00:00,31.2,66,996.8,False,False,0.049256723803529356,0.19038102,0.47277152418618806,0.8317614846364466,0.6522665044113174,Low,False
2024-07-12 11:00:00,33.5,60,995.3,False,True,0.021115032416430368,0.3740605,0.763614237906906,0.9598418010343779,0.8617280194706419,Medium,True
2024-07-12 12:00:00,36.3,52,994.5,False,False,0.014249631296829213,0.1305693,0.8075752966230605,0.6805597809552784,0.7440675387891694,Low,False
2024-07-12 13:00:00,37.5,51,993.9,False,False,0.030700247801880076,0.10372757,0.677821721934895,0.5660176452692425,0.6219196836020687,Low,False
2024-07-12 14:00:00,38.7,46,993.0,True,False,-0.003165993888393781,0.10796188,0.8983875874657743,0.5882263462123517,0.743306966839063,Low,True
2024-07-12 15:00:00,38.4,41,992.4,False,False,0.0028999092816218153,0.10274571,0.871006997261941,0.5617584423486461,0.7163827198052936,Low,False
2024-07-12 16:00:00,37.7,43,991.9,False,False,0.010943610281918648,0.04394397,0.8296318831761484,0.1912077882567691,0.5104198357164588,Low,False
2024-07-12 17:00:00,37.8,43,991.9,False,False,0.01775505990426335,0.117405176,0.7861271676300579,0.6291451171280803,0.7076361423790691,Low,False
2024-07-12 18:00:00,30.1,69,994.8,True,True,-0.060559585706452035,0.9633012,0.9940675387891694,0.9987830848798296,0.9964253118344994,High,True
2024-07-12 19:00:00,29.9,68,995.4,False,False,0.060416357301170065,0.07183884,0.33024034073623365,0.3897170672345604,0.359978703985397,Low,False
2024-07-12 20:00:00,29.8,67,996.3,False,False,0.051184130492438806,0.08370036,0.44995436568299363,0.4624277456647399,0.45619105567386675,Low,False
2024-07-12 21:00:00,29.6,68,996.6,False,False,0.057627901173189555,0.08523208,0.3656829936111956,0.47216306662610286,0.41892303011864923,Low,False
2024-07-12 22:00:00,29.3,70,995.8,False,True,0.052091669750328584,0.32118726,0.4385457864313964,0.9423486461819288,0.6904472163066626,Low,True
2024-07-12 23:00:00,29.1,71,995.6,False,False,0.05675988341332028,0.17918773,0.37617888652266507,0.8121387283236994,0.5941588074231823,Low,False
2024-07-13 00:00:00,29.0,72,996.9,False,False,0.021599447704353902,0.17077038,0.7590508062062671,0.7920596288408883,0.7755552175235777,Medium,False
2024-07-13 01:00:00,28.7,74,996.6,False,False,0.05344026216358877,0.16663253,0.4187709157286279,0.7794341344691208,0.5991025250988744,Low,False
2024-07-13 02:00:00,28.4,76,995.8,False,False,0.057147952395837365,0.21022518,0.37055065409187704,0.859750532400365,0.615150593246121,Low,False
2024-07-13 03:00:00,26.9,85,996.6,False,False,0.01410130486694039,0.11263917,0.8087922117432309,0.6080012169151202,0.7083967143291756,Low,False
2024-07-13 04:00:00,25.2,94,997.5,True,False,-0.027965589200371288,0.14023088,0.9677517493154852,0.7096136294493459,0.8386826893824155,Medium,True
2024-07-13 05:00:00,25.5,94,996.8,False,True,0.012439596404014042,0.4326719,0.8202007909948281,0.9715546090660176,0.8958777000304229,Medium,True
2024-07-13 06:00:00,26.3,88,997.6,False,False,0.015568346346140571,0.20107102,0.8004259202920596,0.8475813811986614,0.8240036507453605,Medium,False
2024-07-13 07:00:00,27.2,84,997.9,False,False,0.034130221875922684,0.31171128,0.6464861575905081,0.9374809857012474,0.7919835716458777,Medium,False
2024-07-13 08:00:00,28.8,78,998.1,False,False,0.030507427302052914,0.24400692,0.6797992090051719,0.898235473075753,0.7890173410404624,Medium,False
2024-07-13 09:00:00,30.6,71,998.1,False,False,0.040931794499277085,0.19754523,0.5725585640401583,0.8434742926680864,0.7080164283541224,Low,False
2024-07-13 10:00:00,32.2,64,997.9,False,False,0.039516274722015465,0.19051288,0.5877700030422879,0.8319135990264679,0.7098418010343779,Low,False
2024-07-13 11:00:00,33.4,59,997.5,False,False,0.04136719175853304,0.2024882,0.567386674779434,0.848950410708853,0.7081685427441435,Low,False
2024-07-13 12:00:00,34.5,56,996.9,False,False,0.04781313138986465,0.22310658,0.4928506236689991,0.8781563735929419,0.6855034986309705,Low,False
2024-07-13 13:00:00,35.1,54,996.2,False,False,0.04580457071522237,0.23198766,0.5165804685123212,0.8863705506540919,0.7014755095832066,Low,False
2024-07-13 14:00:00,35.6,53,995.4,False,False,0.04840873601238882,0.17168926,0.48509278977791304,0.7932765439610587,0.6391846668694858,Low,False
2024-07-13 15:00:00,35.5,53,994.7,False,False,0.041398711661185084,0.13197213,0.566778217219349,0.6848189838758747,0.6257986005476118,Low,False
2024-07-13 16:00:00,35.5,52,994.1,False,False,0.03859410878873376,0.12835565,0.597657438393672,0.6723456038941283,0.6350015211439002,Low,False
2024-07-13 17:00:00,33.1,64,994.1,False,False,0.004321871656689735,0.07243558,0.8646181928810466,0.39443261332522056,0.6295254031031335,Low,False
2024-07-13 18:00:00,32.8,59,994.5,False,False,0.04685451875660396,0.2572665,0.5045634317006389,0.9081229084271372,0.706343170063888,Low,False
2024-07-13 19:00:00,30.9,72,994.8,False,False,0.014151237835746011,0.11467081,0.808335868573167,0.6188013386066322,0.7135686035898996,Low,False
2024-07-13 20:00:00,30.3,71,995.3,False,False,0.05891741908283349,0.17081873,0.34758138119866144,0.7922117432309096,0.5698965622147856,Low,False
2024-07-13 21:00:00,29.7,72,996.2,False,False,0.051701277983334015,0.18028638,0.4443261332522057,0.8147246729540615,0.6295254031031337,Low,False
2024-07-13 22:00:00,29.2,76,996.7,False,False,0.0554647499074275,0.10803645,0.3918466686948585,0.5888348037724369,0.4903407362336477,Low,False
2024-07-13 23:00:00,29.1,74,996.8,False,False,0.05704958690780065,0.16189854,0.37191968360206873,0.7668086400973532,0.569364161849711,Low,False
2024-07-14 00:00:00,29.0,75,996.4,False,False,0.06909286807530624,0.08262021,0.20748402798904775,0.45558259811378155,0.33153331305141465,Low,False
2024-07-14 01:00:00,28.7,77,996.0,False,False,0.06727938320346999,0.07277693,0.23379981746273193,0.3973227867356252,0.31556130209917854,Low,False
2024-07-14 02:00:00,28.4,79,995.9,False,False,0.07716854045761173,0.06970564,0.11439002129601461,0.37283236994219654,0.24361119561910557,Low,False
2024-07-14 03:00:00,28.0,82,996.0,False,False,0.0788050366719279,0.07023581,0.09583206571341651,0.37602677213264374,0.23592941892303013,Low,False
2024-07-14 04:00:00,28.0,82,996.2,False,False,0.0797115207545146,0.052212738,0.08685731670216001,0.2558564040158199,0.17135686035898995,Low,False
2024-07-14 05:00:00,27.8,83,996.3,False,False,0.0808695491311317,0.0392945,0.07879525403103138,0.15439610587161545,0.11659567995132342,Low,False
2024-07-14 06:00:00,26.9,92,997.8,True,False,-0.007095567705385997,0.2555734,0.914207484027989,0.9072102220870094,0.9107088530574992,High,True
2024-07-14 07:00:00,26.0,87,998.9,False,False,0.022142061779227618,0.15816973,0.7557042896257986,0.7584423486461819,0.7570733191359902,Medium,False
2024-07-14 08:00:00,26.4,89,998.6,False,False,0.049449552174438194,0.21660839,0.4706419227258899,0.8691816245816855,0.6699117736537876,Low,False
2024-07-14 09:00:00,26.9,89,998.0,False,False,0.050933560949054046,0.25892863,0.4519318527532704,0.9096440523273501,0.6807879525403102,Low,False
2024-07-14 10:00:00,29.3,79,997.3,False,False,0.031218134356696126,0.23594604,0.6731061758442349,0.8909339823547308,0.7820200790994829,Medium,False
2024-07-14 11:00:00,31.8,68,996.9,False,False,0.03871650830222145,0.12079128,0.5964405232735017,0.6442044417401886,0.6203224825068452,Low,False
2024-07-14 12:00:00,33.1,64,996.8,False,False,0.057387829716872785,0.08100036,0.3682689382415576,0.4472163066626103,0.4077426224520839,Low,False
2024-07-14 13:00:00,33.9,62,996.3,False,False,0.05818295905845028,0.076359525,0.3568603589899605,0.4180103437785214,0.38743535138424096,Low,False
2024-07-14 14:00:00,34.3,59,995.5,False,False,0.05161716302558972,0.07476202,0.44523881959233347,0.4088834803772437,0.4270611499847886,Low,False
2024-07-14 15:00:00,34.6,57,994.8,False,False,0.0380603880122502,0.06390348,0.6064800730149071,0.3364770307271068,0.47147855187100696,Low,False
2024-07-14 16:00:00,34.3,57,994.3,False,False,0.03898368762083504,0.05057829,0.5940066930331609,0.24277456647398843,0.41839062975357466,Low,False
2024-07-14 17:00:00,34.3,57,993.7,False,False,0.03503584864610082,0.09094238,0.6381198661393368,0.4993915424399148,0.5687557042896259,Low,False
2024-07-14 18:00:00,34.9,54,994.3,False,False,0.029428003737164088,0.31594384,0.6909035594767265,0.9399148159415881,0.8154091877091574,Medium,False
2024-07-14 19:00:00,33.1,61,995.2,False,False,0.0218733451583365,0.0958006,0.7576817766960755,0.5273805902038333,0.6425311834499544,Low,False
2024-07-14 20:00:00,32.5,60,995.6,False,False,0.04970820831613604,0.12461476,0.46714329175540004,0.6575905080620627,0.5623668999087313,Low,False
2024-07-14 21:00:00,31.9,64,996.6,False,False,0.042878087676196164,0.1527903,0.5506540918770916,0.7436872528141162,0.6471706723456039,Low,False
2024-07-14 22:00:00,31.4,67,997.5,False,False,0.04332104059527897,0.15062755,0.5460906601764527,0.73942804989352,0.6427593550349864,Low,False
2024-07-14 23:00:00,31.0,69,998.0,False,False,0.03880849005554199,0.11600232,0.5956799513233952,0.6235168846972924,0.6095984180103438,Low,False
2024-07-15 00:00:00,30.6,71,997.9,False,False,0.06866034829421869,0.19905624,0.2155460906601765,0.8448433221782781,0.5301947064192273,Low,False
2024-07-15 01:00:00,30.2,72,997.7,False,False,0.06905789983373106,0.15518191,0.2083967143291755,0.7508366291451172,0.47961667173714634,Low,False
2024-07-15 02:00:00,29.9,73,997.7,False,False,0.06827479104108286,0.1190914,0.22041375114085793,0.6358381502890174,0.42812595071493764,Low,False
2024-07-15 03:00:00,29.4,75,997.6,False,False,0.07592549214997307,0.09492,0.12716763005780352,0.5222087009431092,0.32468816550045637,Low,False
2024-07-15 04:00:00,29.0,77,998.1,False,False,0.07498553955871812,0.08370675,0.13477334955886822,0.4625798600547612,0.2986766048068147,Low,False
2024-07-15 05:00:00,28.9,78,998.8,False,False,0.06427650071590729,0.08464701,0.2754791603285671,0.46729540614542137,0.3713872832369942,Low,False
2024-07-15 06:00:00,30.0,72,999.5,False,False,0.04715066293265907,0.03382953,0.5019774870702769,0.10921813203529054,0.3055978095527837,Low,False
2024-07-15 07:00:00,30.9,70,999.9,False,False,0.04824717127934297,0.04529499,0.48691816245816855,0.1994219653179191,0.34317006388804383,Low,False
2024-07-15 08:00:00,32.6,64,1000.1,False,False,0.027437032473959455,0.034718074,0.7114390021296015,0.11484636446607849,0.41314268329784,Low,False
2024-07-15 09:00:00,34.4,57,1000.2,False,False,0.000588865788520021,0.07100554,0.8819592333434743,0.3819592333434743,0.6319592333434743,Low,False
2024-07-15 10:00:00,35.8,50,999.9,False,False,0.0008917832363060096,0.055986352,0.8804380894432613,0.2824764222695467,0.581457255856404,Low,False
2024-07-15 11:00:00,36.6,48,999.8,False,False,0.026643626386434638,0.05577603,0.7187404928506237,0.28171585031944024,0.500228171585032,Low,False
2024-07-15 12:00:00,37.2,46,999.3,False,False,0.0297875600476476,0.016099185,0.6869485853361728,0.017493154852449042,0.3522208700943109,Low,False
2024-07-15 13:00:00,37.5,45,998.8,False,False,0.03254323038542489,0.019931225,0.6607849102525098,0.030422878004259205,0.34560389412838455,Low,False
2024-07-15 14:00:00,37.5,45,998.1,False,False,0.04528322482108593,0.008635098,0.522056586553088,0.001673258290234256,0.2618649224216611,Low,False
2024-07-15 15:00:00,37.6,45,997.3,False,False,0.05055808231688175,0.034662362,0.45619105567386675,0.1145421356860359,0.2853665956799513,Low,False
2024-07-15 16:00:00,37.3,45,996.8,False,False,0.06102158354945009,0.034810606,0.3217219348950411,0.11667173714633404,0.21919683602068757,Low,False
2024-07-15 17:00:00,36.9,46,996.5,False,False,0.05376253733593589,0.033449356,0.415728627928202,0.10602372984484332,0.26087617888652265,Low,False
2024-07-15 18:00:00,34.7,53,997.3,False,False,0.036806002464786824,0.026586706,0.6180407666565257,0.06434438697900821,0.341192576817767,Low,False
2024-07-15 19:00:00,33.3,59,997.9,False,False,0.06540094703992888,0.02511715,0.2601156069364162,0.05613020991785823,0.15812290842713722,Low,False
2024-07-15 20:00:00,32.4,62,998.2,False,False,0.08217214516057258,0.03475087,0.06677821721934896,0.11560693641618497,0.09119257681776696,Low,False
2024-07-15 21:00:00,31.6,66,998.9,False,False,0.06093063175868546,0.062375706,0.3233951931852753,0.32506845147550956,0.32423182233039244,Low,False
2024-07-15 22:00:00,31.0,68,999.5,False,False,0.06872491991140839,0.06085546,0.21463340432004863,0.313964101003955,0.2642987526620018,Low,False
2024-07-15 23:00:00,30.4,72,999.8,False,False,0.055093063182016844,0.092873834,0.3977791299056891,0.5104958929114695,0.4541375114085793,Low,False
2024-07-16 00:00:00,29.8,75,999.9,False,False,0.07454891081339177,0.092475414,0.14024946759963497,0.50821417706115,0.3242318223303925,Low,False
2024-07-16 01:00:00,29.7,76,999.5,False,False,0.07618303003920929,0.07422784,0.12366899908731366,0.40492850623668997,0.2642987526620018,Low,False
2024-07-16 02:00:00,29.5,78,999.1,False,False,0.07828775317039299,0.068692945,0.10085184058411922,0.3661393367812595,0.23349558868268935,Low,False
2024-07-16 03:00:00,29.2,81,999.1,False,False,0.08043436675854526,0.07606003,0.08214177061149985,0.41572862792820203,0.24893519926985094,Low,False
2024-07-16 04:00:00,29.1,82,999.6,False,False,0.07535141966478492,0.09328463,0.13142683297839974,0.5130818375418315,0.3222543352601156,Low,False
2024-07-16 05:00:00,29.0,83,1000.4,False,False,0.06514661988270287,0.10798998,0.26254943717675694,0.588378460602373,0.42546394888956496,Low,False
2024-07-16 06:00:00,30.2,78,1001.1,False,False,0.06451852767692673,0.05724827,0.2712199574079708,0.29160328567082444,0.2814116215393976,Low,False
2024-07-16 07:00:00,31.1,73,1001.6,False,False,0.06430903748534067,0.08142554,0.27471858837846064,0.4493459081229084,0.36203224825068453,Low,False
2024-07-16 08:00:00,32.5,67,1001.8,False,False,0.06749340791115876,0.05930826,0.2309096440523274,0.3049893519926985,0.26794949802251294,Low,False
2024-07-16 09:00:00,33.4,63,1001.9,False,False,0.06613250161247253,0.0641179,0.24961971402494676,0.33754183145725586,0.2935807727411013,Low,False
2024-07-16 10:00:00,34.4,61,1001.6,False,False,0.06763100161321856,0.06641296,0.22984484332217825,0.3544265287496197,0.292135686035899,Low,False
2024-07-16 11:00:00,35.6,57,1001.3,False,False,0.07417845028017866,0.033693228,0.14420444174018865,0.10784910252509887,0.12602677213264377,Low,False
2024-07-16 12:00:00,36.7,53,1000.5,False,False,0.05603184997199001,0.03774873,0.38652266504411315,0.1414663827198053,0.2639945238819592,Low,False
2024-07-16 13:00:00,37.2,51,999.7,False,False,0.06387657419210846,0.050573107,0.2801947064192273,0.24216610891390325,0.26118040766656525,Low,False
2024-07-16 14:00:00,36.6,53,998.9,False,False,0.0673890423945826,0.04872041,0.23227867356251897,0.22695466991177365,0.2296166717371463,Low,False
2024-07-16 15:00:00,37.3,50,998.2,False,False,0.06840980538266672,0.06816094,0.21752357773045328,0.36400973532096137,0.2907666565257073,Low,False
2024-07-16 16:00:00,36.6,51,997.5,False,False,0.05807608953887444,0.05283571,0.35898996045025855,0.25905080620626714,0.30902038332826287,Low,False
2024-07-16 17:00:00,36.0,53,997.0,False,False,0.05583250879906182,0.06315326,0.3880438089443261,0.33084879829631886,0.3594463036203225,Low,False
2024-07-16 18:00:00,35.7,53,997.6,False,False,0.05574985322346687,0.1270233,0.38895649528445386,0.6648919987830849,0.5269242470337694,Low,False
2024-07-16 19:00:00,34.5,58,997.8,False,False,0.05270643456848323,0.018840207,0.42728932156982047,0.027228475813811985,0.22725889869181623,Low,False
2024-07-16 20:00:00,33.5,62,998.1,False,False,0.06104424118138474,0.03200164,0.3214177061149984,0.09689686644356556,0.20915728627928198,Low,False
2024-07-16 21:00:00,32.8,65,998.6,False,False,0.06548226297747062,0.041986354,0.2588986918162458,0.17614846364466077,0.21752357773045328,Low,False
2024-07-16 22:00:00,32.2,68,999.3,False,False,0.062121073921959036,0.049227074,0.30864009735320963,0.23212655917249772,0.27038332826285366,Low,False
2024-07-16 23:00:00,31.7,70,999.8,False,False,0.05710909031312261,0.046844542,0.3714633404320049,0.2137207179799209,0.2925920292059629,Low,False
2024-07-17 00:00:00,31.2,73,999.5,False,False,0.07193755697608684,0.045442995,0.1694554304837238,0.20003042287800427,0.18474292668086403,Low,False
2024-07-17 01:00:00,30.9,74,999.3,False,False,0.07745937302144074,0.025179302,0.11043504715546093,0.056434438697900824,0.08343474292668088,Low,False
2024-07-17 02:00:00,30.6,76,999.1,False,False,0.07785885565747175,0.017583728,0.10693641618497107,0.022969272893215698,0.06495284453909339,Low,False
2024-07-17 03:00:00,30.4,77,998.8,False,False,0.08126106022205115,0.022805793,0.07407970794037111,0.04396105871615455,0.05902038332826283,Low,False
2024-07-17 04:00:00,30.1,79,999.5,False,False,0.0809636316471593,0.041234978,0.07681776696075449,0.171128688773958,0.12397322786735625,Low,False
2024-07-17 05:00:00,29.9,80,999.9,False,False,0.08492534690553483,0.008515948,0.05034986309704903,0.0015211439002129601,0.025935503498630996,Low,False
2024-07-17 06:00:00,31.0,77,1000.3,False,False,0.07949500139542454,0.012716451,0.09020383328262849,0.010039549741405538,0.050121691512017015,Low,False
2024-07-17 07:00:00,32.0,74,1001.0,False,False,0.0723868666837541,0.024859289,0.16397931244295716,0.05491329479768786,0.10944630362032251,Low,False
2024-07-17 08:00:00,33.4,68,1001.4,False,False,0.07320264096351303,0.014152982,0.1560693641618497,0.01292972315181016,0.08449954365682992,Low,False
2024-07-17 09:00:00,34.5,63,1001.3,False,False,0.07825560218583139,0.02411812,0.10130818375418316,0.050501977487070276,0.07590508062062672,Low,False
2024-07-17 10:00:00,35.3,59,1001.1,False,False,0.07677434043169878,0.028802093,0.11788865226650436,0.07879525403103134,0.09834195314876784,Low,False
2024-07-17 11:00:00,36.3,55,1000.8,False,False,0.06551866523786215,0.025145888,0.25859446303620326,0.05628232430787952,0.15743839367204138,Low,False
2024-07-17 12:00:00,37.2,51,1000.1,False,False,0.05983043116772413,0.015282855,0.3364770307271068,0.01566778217219349,0.17607240644965014,Low,False
2024-07-17 13:00:00,37.9,48,999.3,False,False,0.05305716860922627,0.016638208,0.42287800425920297,0.019318527532704594,0.22109826589595377,Low,False
2024-07-17 14:00:00,38.4,47,998.3,False,False,0.044432639485249614,0.020152314,0.532400365074536,0.031183449954365682,0.2817919075144509,Low,False
2024-07-17 15:00:00,38.6,45,997.3,False,False,0.029361102346665724,0.03993814,0.6913599026467904,0.16124125342257378,0.4263005780346821,Low,False
2024-07-17 16:00:00,38.3,45,996.3,False,False,0.03004128537833156,0.08509305,0.6839062975357468,0.47125038028597505,0.577578338910861,Low,False
2024-07-17 17:00:00,37.7,45,995.8,False,False,0.026995108313976057,0.1011068,0.716306662610283,0.5543048372376027,0.6353057499239428,Low,False
2024-07-17 18:00:00,36.4,51,996.0,False,False,0.02974589317426357,0.053358886,0.6874049285062367,0.2637663522969273,0.475585640401582,Low,False
2024-07-17 19:00:00,34.8,59,996.4,False,False,0.027876482988909657,0.060144383,0.7068755704289627,0.3095527836933374,0.50821417706115,Low,False
2024-07-17 20:00:00,33.7,65,997.2,False,False,0.03714914162703303,0.08087625,0.6148463644660784,0.4459993915424399,0.5304228780042591,Low,False
2024-07-17 21:00:00,33.0,68,997.9,False,False,0.04989368706281788,0.11828181,0.46501369029510187,0.6323395193185275,0.5486766048068147,Low,False
2024-07-17 22:00:00,32.4,71,998.5,False,False,0.05849514242521131,0.11792393,0.35184058411925767,0.6309704898083359,0.4914055369637968,Low,False
2024-07-17 23:00:00,31.9,74,999.1,False,False,0.047666228796143295,0.10615873,0.49452388195923336,0.5795558259811379,0.5370398539701856,Low,False
2024-07-18 00:00:00,31.3,75,999.2,False,False,0.06738769177063059,0.089214295,0.23243078795254035,0.49072102220870095,0.36157590508062065,Low,False
2024-07-18 01:00:00,30.8,76,999.0,False,False,0.06998451033985353,0.08986444,0.19592333434742926,0.49528445390933984,0.34560389412838455,Low,False
2024-07-18 02:00:00,30.4,77,998.5,False,False,0.06815226290956766,0.114332676,0.22239123821113482,0.6172801947064193,0.41983571645877704,Low,False
2024-07-18 03:00:00,30.1,79,998.1,False,False,0.07246572704639259,0.10646024,0.16352296927289323,0.5809248554913294,0.37222391238211133,Low,False
2024-07-18 04:00:00,29.9,79,998.6,False,False,0.07518557674092158,0.071655236,0.13279586248859143,0.3880438089443261,0.26041983571645877,Low,False
2024-07-18 05:00:00,29.6,80,998.5,False,False,0.08101789415044197,0.081645824,0.07651353818071194,0.4505628232430788,0.2635381807118954,Low,False
2024-07-18 06:00:00,30.4,76,998.6,False,False,0.07590700437588044,0.10751606,0.1273197444478248,0.5854882871919683,0.35640401581989656,Low,False
2024-07-18 07:00:00,31.4,72,999.1,False,False,0.07421890300059708,0.07672952,0.143900212960146,0.4201399452388196,0.2820200790994828,Low,False
2024-07-18 08:00:00,32.8,67,999.1,False,False,0.07961552420950996,0.10868084,0.08777000304228777,0.5914207484027989,0.33959537572254334,Low,False
2024-07-18 09:00:00,34.5,61,999.3,False,False,0.07443240068067819,0.036339074,0.14161849710982655,0.1303620322482507,0.13599026467903863,Low,False
2024-07-18 10:00:00,36.2,55,999.1,False,False,0.05809068417617269,0.03856919,0.35838150289017345,0.14679038637055064,0.25258594463036205,Low,False
2024-07-18 11:00:00,37.4,49,998.7,False,False,0.05549827941294555,0.061017666,0.39108609674475203,0.31563735929418923,0.35336172801947063,Low,False
2024-07-18 12:00:00,38.5,44,998.1,False,False,0.0422497517424682,0.08667552,0.5578034682080926,0.4800730149072102,0.5189382415576513,Low,False
2024-07-18 13:00:00,38.9,42,997.0,False,False,0.02818424762206323,0.072419986,0.7030727106784302,0.3942804989351993,0.5486766048068148,Low,False
2024-07-18 14:00:00,39.2,40,995.9,False,False,0.007228741051812926,0.08068975,0.850471554609066,0.44447824764222693,0.6474749011256464,Low,False
2024-07-18 15:00:00,39.2,40,995.0,False,False,0.004325317950151453,0.09029886,0.8644660784910252,0.49665348341953147,0.6805597809552784,Low,False
2024-07-18 16:00:00,39.0,39,994.0,True,False,-0.02186206562493842,0.1800931,0.956799513233952,0.8138119866139337,0.8853057499239428,Medium,True
2024-07-18 17:00:00,38.5,40,993.5,True,False,-0.00987239217006386,0.20376024,0.9234864618192881,0.8507757833891086,0.8871311226041984,Medium,True
2024-07-18 18:00:00,35.9,49,995.1,True,False,-0.029936973372211795,0.15400311,0.9697292363857621,0.7467295406145421,0.8582293885001522,Medium,True
2024-07-18 19:00:00,34.7,55,995.6,False,False,0.02774402568327855,0.09446481,0.7091572862792821,0.520535442652875,0.6148463644660785,Low,False
2024-07-18 20:00:00,33.7,60,996.0,False,False,0.04397716683076025,0.13124198,0.5371159111651962,0.6828414968055978,0.609978703985397,Low,False
2024-07-18 21:00:00,33.1,63,996.8,False,False,0.04206338446138519,0.17909601,0.5594767264983267,0.8116823851536356,0.6855795558259812,Low,False
2024-07-18 22:00:00,32.8,63,997.4,False,False,0.0575054382620776,0.21935783,0.36720413751140857,0.8738971706723456,0.620550654091877,Low,False
2024-07-18 23:00:00,32.7,63,997.5,False,False,0.05537358411775034,0.1969651,0.39275935503498627,0.8425616063279586,0.6176604806814725,Low,False
2024-07-19 00:00:00,32.3,65,997.5,False,False,0.06777785197008229,0.17761737,0.22801947064192274,0.8087922117432309,0.5184058411925768,Low,False
2024-07-19 01:00:00,31.9,68,997.1,False,False,0.0687499379852673,0.14870507,0.21432917554000608,0.7348646181928811,0.4745968968664436,Low,False
2024-07-19 02:00:00,31.5,71,996.6,False,False,0.06347369816021892,0.12712416,0.2876483115302708,0.66550045634317,0.4765743839367204,Low,False
2024-07-19 03:00:00,31.2,73,996.5,False,False,0.07316177735146151,0.08815511,0.15637359294189235,0.4860054761180408,0.32118953452996657,Low,False
2024-07-19 04:00:00,30.9,75,996.4,False,False,0.07243149596244225,0.078177534,0.16382719805293577,0.4307879525403103,0.29730757529662305,Low,False
2024-07-19 05:00:00,30.6,76,996.8,False,False,0.06820116856590608,0.052336384,0.22163066626102834,0.25631274718588376,0.23897170672345605,Low,False
2024-07-19 06:00:00,31.5,70,996.7,False,False,0.07055346824005021,0.11934454,0.18953452996653486,0.6378156373592941,0.4136750836629145,Low,False
2024-07-19 07:00:00,32.4,66,997.1,False,False,0.06905030928517819,0.060185734,0.20870094310921816,0.31000912686340126,0.25935503498630974,Low,False
2024-07-19 08:00:00,33.7,60,997.1,False,False,0.0706960459699813,0.08107506,0.18816550045634317,0.4476726498326742,0.3179190751445087,Low,False
2024-07-19 09:00:00,35.1,56,997.3,False,False,0.06700345894762894,0.042017136,0.23699421965317924,0.17660480681472468,0.20679951323395196,Low,False
2024-07-19 10:00:00,36.3,51,996.8,False,False,0.05054891617211932,0.048612926,0.4564952844539093,0.22588986918162457,0.34119257681776693,Low,False
2024-07-19 11:00:00,37.4,47,996.3,False,False,0.046672446172757454,0.05541804,0.5069972619409796,0.278521448128993,0.39275935503498627,Low,False
2024-07-19 12:00:00,38.2,44,995.9,False,False,0.04745189998307653,0.07700858,0.4975661697596593,0.42242166108913903,0.45999391542439916,Low,False
2024-07-19 13:00:00,38.8,43,995.0,False,False,0.034550643466566,0.06414598,0.6429875266200182,0.33769394584727713,0.4903407362336477,Low,False
2024-07-19 14:00:00,39.3,42,994.3,False,False,0.022655541589751416,0.056287065,0.7509887435351384,0.2855187100699726,0.5182537268025555,Low,False
2024-07-19 15:00:00,39.5,40,993.3,True,False,-0.005168904779825345,0.091428734,0.9062975357468817,0.5027380590203834,0.7045177973836325,Low,True
2024-07-19 16:00:00,39.2,41,992.3,True,False,-0.006890196494547585,0.14438874,0.9134469120778825,0.7208700943109219,0.8171585031944022,Medium,True
2024-07-19 17:00:00,38.7,42,992.2,False,False,0.00706362992882037,0.13561586,0.8515363553392151,0.6959233343474293,0.7737298448433222,Medium,False
2024-07-19 18:00:00,37.0,46,993.8,True,False,-0.01786819254036054,0.2435454,0.9488895649528445,0.8977791299056891,0.9233343474292668,High,True
2024-07-19 19:00:00,35.7,52,994.6,False,False,0.01753010720334952,0.0354119,0.7873440827502282,0.1221478551871007,0.4547459689686644,Low,False
2024-07-19 20:00:00,35.0,54,995.3,False,False,0.03573070918640142,0.085003436,0.6309704898083359,0.47079403711591117,0.5508822634621235,Low,False
2024-07-19 21:00:00,34.6,56,996.0,False,False,0.04096552215268673,0.096664935,0.5722543352601156,0.5316397931244295,0.5519470641922726,Low,False
2024-07-19 22:00:00,34.0,60,996.5,False,False,0.04618678657517139,0.050783694,0.5114085792515972,0.244599939154244,0.3780042592029206,Low,False
2024-07-19 23:00:00,33.5,62,997.0,False,False,0.033048341419289695,0.06178847,0.6560693641618497,0.32187404928506236,0.488971706723456,Low,False
2024-07-20 00:00:00,33.1,64,997.0,False,False,0.058244647660333826,0.11531955,0.356099787039854,0.620778825676909,0.4884393063583815,Low,False
2024-07-20 01:00:00,31.8,69,997.0,False,False,0.050391581785523276,0.10335528,0.4584727715241862,0.5644965013690295,0.5114846364466079,Low,False
2024-07-20 02:00:00,31.0,73,996.9,False,False,0.049239090287964526,0.073610604,0.47353209613629454,0.4006693033160937,0.43710069972619414,Low,False
2024-07-20 03:00:00,30.9,74,996.5,False,False,0.053768194700228644,0.09439676,0.4155765135381807,0.5197748707027685,0.4676756921204746,Low,False
2024-07-20 04:00:00,30.7,75,996.9,False,False,0.05284353585366741,0.027117245,0.42561606327958623,0.0684514755095832,0.2470337693945847,Low,False
2024-07-20 05:00:00,30.6,75,997.1,False,False,0.061094169732911374,0.04654138,0.3209613629449346,0.21128688773958015,0.2661241253422574,Low,False
2024-07-20 06:00:00,29.8,78,997.7,False,False,0.0462459272388247,0.047340274,0.5103437785214482,0.2172193489504107,0.36378156373592946,Low,False
2024-07-20 07:00:00,31.2,75,997.9,False,False,0.0424068798547122,0.126248,0.5558259811378157,0.6626102829327655,0.6092181320352905,Low,False
2024-07-20 08:00:00,33.2,66,998.1,False,False,0.0354078258559094,0.059800703,0.6346212351688469,0.3080316397931244,0.4713264374809857,Low,False
2024-07-20 09:00:00,35.0,60,998.5,False,False,0.034861493680951705,0.031186894,0.6404015819896562,0.09309400669303317,0.3667477943413447,Low,False
2024-07-20 10:00:00,36.6,53,998.2,False,False,0.024241934886471916,0.039795004,0.7397322786735625,0.15972010952236082,0.44972619409796166,Low,False
2024-07-20 11:00:00,38.0,48,997.6,False,False,0.02408377971209874,0.04496428,0.7411013081837542,0.19729236385762092,0.46919683602068757,Low,False
2024-07-20 12:00:00,38.8,45,996.9,False,False,0.03834417123040279,0.06362445,0.6010039549741406,0.33480377243687254,0.4679038637055066,Low,False
2024-07-20 13:00:00,39.3,43,996.1,False,False,0.02971836577230985,0.07438152,0.6878612716763006,0.40599330696683905,0.5469272893215699,Low,False
2024-07-20 14:00:00,39.8,40,995.0,False,False,0.015524982014611055,0.105448745,0.8010343778521448,0.5756008518405841,0.6883176148463644,Low,False
2024-07-20 15:00:00,39.9,38,994.5,False,False,0.00715377340521578,0.08818007,0.8507757833891086,0.48630970489808334,0.668542744143596,Low,False
2024-07-20 16:00:00,39.6,37,994.2,False,False,0.01128052539443819,0.08052015,0.8268938241557651,0.4431092181320353,0.6350015211439002,Low,False
2024-07-20 17:00:00,39.0,38,993.8,False,False,0.007285512828673346,0.07014853,0.8497109826589595,0.37526620018253726,0.6124885914207484,Low,False
2024-07-20 18:00:00,37.2,46,995.2,False,False,0.001742299102454603,0.15689659,0.8760267721326438,0.7560085184058412,0.8160176452692425,Medium,False
2024-07-20 19:00:00,36.0,51,995.7,False,False,0.044826619230826314,0.049951706,0.5278369333738971,0.23805902038332827,0.3829479768786127,Low,False
2024-07-20 20:00:00,35.1,54,996.3,False,False,0.059521976517352915,0.07494599,0.3402798904776392,0.4096440523273502,0.37496197140249465,Low,False
2024-07-20 21:00:00,34.6,56,997.0,False,False,0.05828268594515107,0.11527067,0.3554913294797688,0.6201703681168238,0.4878308487982963,Low,False
2024-07-20 22:00:00,34.0,60,997.9,False,False,0.05157362929778447,0.12633975,0.44539093398235474,0.6627623973227867,0.5540766656525707,Low,False
2024-07-20 23:00:00,33.4,63,998.3,False,False,0.04523223978865676,0.1102717,0.522665044113173,0.5975053240036508,0.5600851840584119,Low,False
2024-07-21 00:00:00,32.9,65,998.3,False,False,0.06908623649488288,0.14731139,0.20809248554913296,0.7299969577121995,0.46904472163066624,Low,False
2024-07-21 01:00:00,32.5,67,997.8,False,False,0.05761921630510097,0.13819222,0.3658351080012169,0.7038332826285366,0.5348341953148767,Low,False
2024-07-21 02:00:00,32.0,69,997.5,False,False,0.06737374459918577,0.08488396,0.2327350167325829,0.4692728932156982,0.35100395497414055,Low,False
2024-07-21 03:00:00,31.7,70,997.1,False,False,0.07599954386005114,0.072155386,0.1259507149376331,0.3918466686948585,0.2588986918162458,Low,False
2024-07-21 04:00:00,31.3,71,997.5,False,False,0.07529375514710251,0.03801461,0.13218740492850622,0.14313964101003954,0.13766352296927287,Low,False
2024-07-21 05:00:00,31.0,72,997.5,False,False,0.08080746248467163,0.043935604,0.07940371159111648,0.1910556738667478,0.13522969272893215,Low,False
2024-07-21 06:00:00,31.7,71,997.4,False,False,0.07772672077961529,0.0549514,0.10845756008518403,0.27547916032856706,0.19196836020687555,Low,False
2024-07-21 07:00:00,32.5,68,997.9,False,False,0.05622759922257159,0.024829218,0.384393063583815,0.05445695162762397,0.21942500760571948,Low,False
2024-07-21 08:00:00,33.7,64,998.1,False,False,0.06228187781153305,0.054723114,0.30651049589291146,0.2739580164283541,0.2902342561606328,Low,False
2024-07-21 09:00:00,35.4,56,997.9,False,False,0.04906221320659815,0.03684603,0.4762701551566778,0.1343170063888044,0.3052935807727411,Low,False
2024-07-21 10:00:00,36.9,50,997.9,False,False,0.041648877387495065,0.030075476,0.5634317006388805,0.08609674475205355,0.324764222695467,Low,False
2024-07-21 11:00:00,38.1,45,997.6,False,False,0.04158950227561037,0.03753346,0.5648007301490721,0.13979312442957104,0.35229692728932155,Low,False
2024-07-21 12:00:00,39.0,42,996.8,False,False,0.03963750776168323,0.052066952,0.5859446303620323,0.2549437176756921,0.4204441740188622,Low,False
2024-07-21 13:00:00,39.7,40,995.8,False,False,0.02005068009782729,0.060416024,0.7706114998478856,0.31168238515363555,0.5411469425007606,Low,False
2024-07-21 14:00:00,40.0,39,995.0,False,False,0.022358810722406308,0.05420356,0.7531183449954366,0.2701551566778217,0.5116367508366292,Low,False
2024-07-21 15:00:00,40.1,39,994.4,False,False,0.008474865904999518,0.05832844,0.8427137207179799,0.2987526620018254,0.5707331913599026,Low,False
2024-07-21 16:00:00,40.0,39,993.7,False,False,0.0002808268703252681,0.09022123,0.8839367204137512,0.4965013690295102,0.6902190447216306,Low,False
2024-07-21 17:00:00,39.5,39,993.7,False,False,0.003122300179389914,0.0944768,0.869942196531792,0.5206875570428963,0.695314876787344,Low,False
2024-07-21 18:00:00,37.8,43,994.7,False,False,0.0038247757181230635,0.08984617,0.866899908731366,0.4951323395193185,0.6810161241253423,Low,False
2024-07-21 19:00:00,36.5,49,995.1,False,False,0.01685993992682533,0.022744147,0.7911469425007606,0.04350471554609066,0.41732582902342563,Low,False
2024-07-21 20:00:00,35.4,52,995.6,False,False,0.041731412932691614,0.046440452,0.5625190142987526,0.2100699726194098,0.3862944934590812,Low,False
2024-07-21 21:00:00,34.7,55,996.4,False,False,0.0460843573618564,0.07264061,0.5126254943717676,0.39656221478551873,0.4545938545786432,Low,False
2024-07-21 22:00:00,34.0,57,996.9,False,False,0.05120417515211495,0.064891994,0.44965013690295097,0.34423486461819286,0.3969425007605719,Low,False
2024-07-21 23:00:00,33.6,57,997.1,False,False,0.04500332726356532,0.09199451,0.5250988743535139,0.5059324612108306,0.5155156677821722,Low,False
2024-07-22 00:00:00,33.4,61,997.1,False,False,0.0660702755416282,0.082894646,0.2505324003650745,0.4574079707940371,0.35397018557955584,Low,False
2024-07-22 01:00:00,32.8,66,996.7,False,False,0.06074956081085703,0.06269203,0.32643748098570124,0.327350167325829,0.3268938241557651,Low,False
2024-07-22 02:00:00,32.5,68,996.3,False,False,0.0664651336585898,0.036564372,0.24383936720413746,0.13173106175844235,0.1877852144812899,Low,False
2024-07-22 03:00:00,32.2,69,996.2,False,False,0.07502072390403164,0.022303442,0.13416489199878312,0.04122299969577122,0.08769394584727717,Low,False
2024-07-22 04:00:00,31.8,70,996.6,False,False,0.07401494083420213,0.0278721,0.14526924247033768,0.07286279282020079,0.10906601764526924,Low,False
2024-07-22 05:00:00,31.3,72,996.7,False,False,0.06937883191905475,0.03003113,0.20428962579860055,0.08579251597201096,0.14504107088530577,Low,False
2024-07-22 06:00:00,31.9,70,997.3,False,False,0.061735686615146834,0.024962056,0.3133556434438698,0.055369637967751746,0.18436264070581077,Low,False
2024-07-22 07:00:00,32.6,68,997.7,False,False,0.054979687517484055,0.02876173,0.3994523881959233,0.07864313964101004,0.2390477639184667,Low,False
2024-07-22 08:00:00,33.8,63,997.9,False,False,0.06125587570902058,0.04659333,0.31883176148463643,0.21143900212960146,0.26513538180711893,Low,False
2024-07-22 09:00:00,35.5,57,997.5,False,False,0.05134468224358529,0.062427513,0.4475205354426529,0.32537268025555216,0.38644660784910256,Low,False
2024-07-22 10:00:00,37.1,51,997.5,False,False,0.04663445807739047,0.03115553,0.5073014907210223,0.09263766352296927,0.2999695771219958,Low,False
2024-07-22 11:00:00,38.3,47,997.3,False,False,0.045851267816476804,0.040624127,0.5156677821721936,0.16610891390325525,0.3408883480377244,Low,False
2024-07-22 12:00:00,39.4,43,996.7,False,False,0.02848575262668862,0.038677305,0.6998783084879829,0.14785518710069973,0.4238667477943413,Low,False
2024-07-22 13:00:00,40.0,38,996.1,False,False,0.024587971111020346,0.06643766,0.7376026772132644,0.354578643139641,0.5460906601764527,Low,False
2024-07-22 14:00:00,40.4,36,995.0,False,False,0.011980851357899447,0.049166795,0.8230909644052328,0.23121387283236994,0.5271524186188014,Low,False
2024-07-22 15:00:00,40.5,36,994.3,False,False,0.0009713104067280431,0.038801316,0.8801338606632187,0.14922421661089139,0.5146790386370551,Low,False
2024-07-22 16:00:00,39.9,38,993.7,False,False,0.006939392300111258,0.0397504,0.8527532704593854,0.15895953757225434,0.5058564040158199,Low,False
2024-07-22 17:00:00,39.5,39,993.3,False,False,0.007675126851348413,0.06328178,0.8475813811986614,0.3320657134164892,0.5898235473075754,Low,False
2024-07-22 18:00:00,37.2,41,994.2,True,False,-0.004713702986997692,0.12365805,0.9047763918466687,0.6548524490416794,0.779814420444174,Medium,True
2024-07-22 19:00:00,35.2,52,994.6,True,False,-0.011052201922396532,0.045657367,0.9268329783997566,0.20139945238819593,0.5641162153939763,Low,True
2024-07-22 20:00:00,34.6,53,995.1,False,False,0.04959628535181748,0.09089047,0.468664435655613,0.49908731365987224,0.4838758746577426,Low,False
2024-07-22 21:00:00,34.0,59,996.1,False,False,0.04147879941494126,0.09569012,0.566321874049285,0.5269242470337694,0.5466230605415272,Low,False
2024-07-22 22:00:00,33.4,64,997.0,False,False,0.045206122458035736,0.08286991,0.5228171585031944,0.4571037420139945,0.48996045025859447,Low,False
2024-07-22 23:00:00,32.9,66,997.9,False,False,0.030137817973816483,0.0849022,0.6831457255856404,0.4697292363857621,0.5764374809857012,Low,False
2024-07-23 00:00:00,32.6,68,998.0,False,False,0.055059984408954765,0.10966776,0.3983875874657743,0.5953757225433526,0.49688165500456344,Low,False
2024-07-23 01:00:00,32.2,69,997.3,False,False,0.046224453097327256,0.15697084,0.510800121691512,0.7561606327958625,0.6334803772436872,Low,False
2024-07-23 02:00:00,31.9,69,996.7,False,False,0.0578966843510037,0.10480356,0.36157590508062065,0.5717979920900517,0.46668694858533616,Low,False
2024-07-23 03:00:00,32.0,68,996.8,False,False,0.07192087429924682,0.04104826,0.16960754487374508,0.17036811682385153,0.16998783084879832,Low,False
2024-07-23 04:00:00,31.6,68,996.4,False,False,0.07179185636217833,0.07381788,0.1720413751140858,0.402342561606328,0.2871919683602069,Low,False
2024-07-23 05:00:00,31.0,71,996.8,False,False,0.06532013382093893,0.034959123,0.2608761788865227,0.118192881046547,0.18953452996653486,Low,False
2024-07-23 06:00:00,31.4,68,997.7,False,False,0.04803828002277594,0.043572437,0.489199878308488,0.18801338606632187,0.33860663218740494,Low,False
2024-07-23 07:00:00,31.8,67,998.1,False,False,0.06362560653216154,0.054169104,0.2850623668999087,0.26954669911773654,0.27730453300882263,Low,False
2024-07-23 08:00:00,33.0,63,998.5,False,False,0.05445611715671178,0.057157025,0.4059933069668391,0.29114694250076056,0.34857012473379984,Low,False
2024-07-23 09:00:00,34.3,58,998.2,False,False,0.06154649952297925,0.078635946,0.3153331305141467,0.43322178278065104,0.37427745664739887,Low,False
2024-07-23 10:00:00,35.8,52,997.7,False,False,0.04953231217943005,0.06128922,0.46957712199574075,0.3182233039245513,0.393900212960146,Low,False
2024-07-23 11:00:00,37.0,48,997.0,False,False,0.043662412886741664,0.067430615,0.5415272284758138,0.35959841801034376,0.4505628232430788,Low,False
2024-07-23 12:00:00,38.0,45,996.3,False,False,0.03954747443760176,0.07566958,0.587313659872224,0.41314268329784,0.500228171585032,Low,False
2024-07-23 13:00:00,38.9,43,995.2,False,False,0.026667555747935112,0.10591988,0.7181320352905385,0.5784910252509887,0.6483115302707636,Low,False
2024-07-23 14:00:00,39.4,41,993.8,True,False,-0.007102754960166213,0.17683141,0.9143595984180104,0.8072710678430179,0.8608153331305142,Medium,True
2024-07-23 15:00:00,39.7,40,993.0,False,False,0.003594832672716264,0.16304167,0.8678125950714938,0.7700030422878005,0.8189078186796471,Medium,False
2024-07-23 16:00:00,39.8,39,992.3,True,False,-0.011684706301908099,0.22635514,0.9285062366899909,0.8798296318831762,0.9041679342865836,High,True
2024-07-23 17:00:00,39.6,38,991.8,True,False,-0.013569444413561116,0.2889858,0.9359598418010344,0.9253118344995437,0.930635838150289,High,True
2024-07-23 18:00:00,28.8,87,994.6,True,True,-0.12221676522295699,1.1773916,0.9998478856099787,0.9990873136598722,0.9994675996349255,High,True
2024-07-23 19:00:00,29.1,85,994.9,True,True,-0.0018902523635262458,0.49622104,0.8933678125950715,0.9812899300273806,0.937328871311226,High,True
2024-07-23 20:00:00,29.4,86,994.9,False,True,0.012676613372210488,0.5577811,0.8185275327045939,0.9863097048980833,0.9024186188013386,High,True
2024-07-23 21:00:00,29.3,87,995.4,False,True,0.0129909892171296,0.48945376,0.8159415880742318,0.9800730149072102,0.898007301490721,Medium,True
2024-07-23 22:00:00,29.2,88,995.5,False,True,0.007896730211826852,0.6043906,0.8465165804685123,0.9898083358685732,0.9181624581685428,High,True
2024-07-23 23:00:00,28.9,88,995.6,True,True,-0.00022662287556252103,0.64444935,0.8865226650441131,0.9923942804989352,0.9394584727715242,High,True
2024-07-24 00:00:00,28.8,87,995.5,False,False,0.023767072614861162,0.3113111,0.7438393672041375,0.937328871311226,0.8405841192576817,Medium,False
2024-07-24 01:00:00,28.9,83,995.2,False,True,0.016201103087974622,0.40062413,0.7963188317614847,0.9662306054152723,0.8812747185883785,Medium,True
2024-07-24 02:00:00,28.7,84,995.1,False,True,0.027679163710584653,0.36564073,0.7094615150593246,0.9564952844539093,0.8329783997566169,Medium,True
2024-07-24 03:00:00,28.6,85,994.7,False,True,0.02117651894227629,0.45286945,0.7628536659567995,0.9747490112564648,0.8688013386066322,Medium,True
2024-07-24 04:00:00,28.5,85,994.5,False,True,0.01995211050194806,0.49009126,0.7710678430179495,0.9803772436872528,0.8757225433526011,Medium,True
2024-07-24 05:00:00,28.4,87,994.6,False,True,0.022135511288098653,0.49119455,0.7558564040158199,0.980985701247338,0.868421052631579,Medium,True
2024-07-24 06:00:00,26.5,90,995.8,True,True,-0.0176131637624245,0.4800572,0.9482811073927594,0.9782476422269547,0.963264374809857,High,True
2024-07-24 07:00:00,26.6,92,996.0,False,True,0.026501927942759518,0.5089525,0.7193489504107089,0.9831153027076361,0.8512321265591725,Medium,True
2024-07-24 08:00:00,27.8,88,994.9,True,True,-0.0002573084345330878,0.8831497,0.8871311226041984,0.9983267417097658,0.9427289321569821,High,True
2024-07-24 09:00:00,30.9,75,994.9,True,True,-0.002333254967907483,0.6748214,0.8950410708853057,0.9937633100091269,0.9444021904472163,High,True
2024-07-24 10:00:00,33.3,65,994.6,True,True,-0.0029118146442789206,0.6063336,0.8976270155156678,0.9904167934286584,0.9440219044721632,High,True
2024-07-24 11:00:00,35.0,59,994.1,False,True,0.007029887970449011,0.60581744,0.8518405841192577,0.990264679038637,0.9210526315789473,High,True
2024-07-24 12:00:00,36.1,55,993.3,False,True,0.00394381898735191,0.56367385,0.8661393367812595,0.986613933678126,0.9263766352296927,High,True
2024-07-24 13:00:00,37.1,51,992.2,True,True,-0.019260969250871618,0.4910997,0.9522360815333131,0.9806814724672954,0.9664587770003042,High,True
2024-07-24 14:00:00,37.6,48,991.1,True,True,-0.029767485450776454,0.44062114,0.9695771219957408,0.9730757529662306,0.9713264374809857,High,True
2024-07-24 15:00:00,37.7,47,990.2,True,True,-0.04110794216663205,0.41813472,0.9812899300273806,0.970185579555826,0.9757377547916033,High,True
2024-07-24 16:00:00,37.4,48,989.5,True,True,-0.026771512110166706,0.435134,0.9662306054152723,0.9720109522360816,0.9691207788256769,High,True
2024-07-24 17:00:00,37.2,48,989.2,True,True,-0.03127125048714818,0.5032666,0.9706419227258899,0.9826589595375722,0.976650441131731,High,True
2024-07-24 18:00:00,35.5,54,990.5,True,True,-0.050342393426631826,0.39434552,0.9885914207484028,0.9651658046851233,0.976878612716763,High,True
2024-07-24 19:00:00,34.9,55,990.8,True,True,-0.00316820440223875,0.41895044,0.8985397018557956,0.9703376939458472,0.9344386979008215,High,True
2024-07-24 20:00:00,34.3,59,991.8,True,True,-0.010723995413911891,0.3702189,0.925463948889565,0.957864313964101,0.941664131426833,High,True
2024-07-24 21:00:00,33.7,62,992.7,True,True,-0.012191501146245232,0.33531332,0.9303316093702464,0.9479768786127167,0.9391542439914815,High,True
2024-07-24 22:00:00,31.7,68,992.9,True,False,-0.004903720747185369,0.28488356,0.9050806206267112,0.9233343474292668,0.914207484027989,High,True
2024-07-24 23:00:00,30.9,71,992.8,False,True,0.010455493311282815,0.39977252,0.8325220565865531,0.966078491025251,0.899300273805902,Medium,True
2024-07-25 00:00:00,30.8,72,992.8,False,True,0.037642309577288646,0.48476818,0.6098265895953757,0.9791603285670825,0.7944934590812291,Medium,True
2024-07-25 01:00:00,30.4,74,992.7,False,True,0.040633734385290776,0.41342196,0.5756008518405842,0.9688165500456343,0.7722087009431092,Medium,True
2024-07-25 02:00:00,29.9,75,992.4,False,True,0.03177194555157975,0.37847054,0.6683906297535747,0.9610587161545482,0.8147246729540614,Medium,True
2024-07-25 03:00:00,29.6,76,992.5,False,False,0.04483833254814101,0.30207035,0.5276848189838759,0.9323090964405233,0.7299969577121996,Low,False
2024-07-25 04:00:00,29.3,77,992.6,False,False,0.042847984057031385,0.26435667,0.5511104350471554,0.9135990264679039,0.7323547307575297,Low,False
2024-07-25 05:00:00,29.2,78,992.8,False,False,0.04728628675396307,0.22271502,0.5003042287800425,0.877700030422878,0.6890021296014603,Low,False
2024-07-25 06:00:00,29.0,81,993.3,False,False,0.04471238695534108,0.14203313,0.5289017341040463,0.7155460906601765,0.6222239123821114,Low,False
2024-07-25 07:00:00,28.3,80,994.2,False,False,0.032264744363199205,0.118480615,0.662914511712808,0.6338606632187405,0.6483875874657743,Low,False
2024-07-25 08:00:00,28.3,82,993.6,False,False,0.04233478574707972,0.2578764,0.5565865530879222,0.9088834803772436,0.7327350167325829,Low,False
2024-07-25 09:00:00,29.9,76,993.5,False,False,0.04372275394792885,0.18788473,0.5404624277456647,0.8278065104958929,0.6841344691207788,Low,False
2024-07-25 10:00:00,32.2,68,993.4,False,False,0.043411555709909344,0.1403031,0.5448737450562824,0.7097657438393672,0.6273197444478248,Low,False
2024-07-25 11:00:00,33.8,62,993.3,False,False,0.0464211274246033,0.115273684,0.5091268634012778,0.6203224825068452,0.5647246729540615,Low,False
2024-07-25 12:00:00,35.5,56,992.7,False,False,0.030743855683007193,0.13307993,0.6773653787648312,0.6887739580164284,0.6830696683906298,Low,False
2024-07-25 13:00:00,36.4,53,991.8,False,False,0.02832503716615481,0.1514555,0.7020079099482811,0.7415576513538181,0.7217827806510496,Low,False
2024-07-25 14:00:00,37.1,51,991.0,False,False,0.03191826832618261,0.1433471,0.6665652570733192,0.7190447216306662,0.6928049893519928,Low,False
2024-07-25 15:00:00,37.2,50,990.3,False,False,0.02477329167109188,0.12463295,0.735320961362945,0.6577426224520839,0.6965317919075145,Low,False
2024-07-25 16:00:00,36.9,52,990.0,False,False,0.026386815608499203,0.10260325,0.7204137511408579,0.5613020991785823,0.6408579251597202,Low,False
2024-07-25 17:00:00,36.5,53,990.0,False,False,0.02838860946602917,0.11357299,0.7010952236081534,0.6139336781259507,0.6575144508670521,Low,False
2024-07-25 18:00:00,35.8,53,990.9,False,False,0.017080564298314782,0.24980393,0.7897779129905689,0.9032552479464557,0.8465165804685123,Medium,False
2024-07-25 19:00:00,35.2,55,991.1,False,False,0.033676280821893556,0.10796111,0.6498326741709766,0.5880742318223304,0.6189534529966535,Low,False
2024-07-25 20:00:00,34.3,67,991.6,False,False,0.004829898872018845,0.20954935,0.8620322482506845,0.8585336172801947,0.8602829327654395,Medium,False
2024-07-25 21:00:00,33.8,66,992.6,False,False,0.028786366808866926,0.25372815,0.6966839062975357,0.9067538789169456,0.8017188926072407,Medium,False
2024-07-25 22:00:00,33.0,65,993.1,False,False,0.028918535210652574,0.16899386,0.6948585336172801,0.7871919683602069,0.7410252509887435,Low,False
2024-07-25 23:00:00,32.0,69,993.6,False,False,0.017872231332205557,0.14147954,0.7853665956799514,0.7134164891998783,0.7493915424399149,Low,False
2024-07-26 00:00:00,31.7,71,993.5,False,False,0.051916385096012097,0.14671995,0.4411317310617584,0.7277152418618801,0.5844234864618192,Low,False
2024-07-26 01:00:00,31.3,72,993.3,False,False,0.048907630521698164,0.118465014,0.4776391846668695,0.6337085488287192,0.5556738667477943,Low,False
2024-07-26 02:00:00,30.6,75,993.2,False,False,0.047805378707590884,0.106207065,0.4930027380590204,0.5800121691512017,0.5365074536051111,Low,False
2024-07-26 03:00:00,30.3,76,993.4,False,False,0.05455214554769572,0.08597182,0.4047763918466687,0.4765743839367204,0.4406753878916946,Low,False
2024-07-26 04:00:00,30.1,77,993.5,False,False,0.05145847455142705,0.08021827,0.4461515059324612,0.441435959841801,0.4437937328871311,Low,False
2024-07-26 05:00:00,29.8,77,994.3,False,False,0.04539613732407288,0.099970005,0.5211439002129601,0.5488287191968361,0.5349863097048981,Low,False
2024-07-26 06:00:00,30.5,79,994.1,False,False,0.048764253411545666,0.13503304,0.47976878612716767,0.6939458472771525,0.58685731670216,Low,False
2024-07-26 07:00:00,28.4,87,995.7,True,False,-0.02665685899301451,0.2518307,0.9659263766352297,0.9053848494067539,0.9356556130209919,High,True
2024-07-26 08:00:00,29.4,83,995.3,False,False,0.03848918541842111,0.30275065,0.599178582293885,0.9330696683906298,0.7661241253422574,Medium,False
2024-07-26 09:00:00,31.1,76,995.3,False,False,0.03315020515073608,0.10385014,0.6550045634317007,0.5670824459993915,0.611043504715546,Low,False
2024-07-26 10:00:00,33.1,67,995.0,False,False,0.02467206400184241,0.09529252,0.7365378764831153,0.52464253118345,0.6305902038332827,Low,False
2024-07-26 11:00:00,35.1,59,994.8,False,False,0.023966807511638044,0.069586955,0.7424703376939459,0.37222391238211133,0.5573471250380286,Low,False
2024-07-26 12:00:00,36.6,54,994.2,False,False,0.016338469120210364,0.06762172,0.7952540310313356,0.36096744752053544,0.5781107392759355,Low,False
2024-07-26 13:00:00,37.8,50,993.4,False,False,0.012016777094271291,0.092609756,0.8226346212351688,0.5089747490112565,0.6658046851232127,Low,False
2024-07-26 14:00:00,38.5,48,992.7,False,False,0.010238407877258271,0.09666236,0.8334347429266808,0.5314876787344083,0.6824612108305446,Low,False
2024-07-26 15:00:00,38.8,46,991.9,False,False,0.007793392134801402,0.099108875,0.8466686948585336,0.5450258594463037,0.6958472771524187,Low,False
2024-07-26 16:00:00,38.7,45,991.3,False,False,0.006670506783957808,0.10692506,0.8547307575296623,0.5830544569516276,0.718892607240645,Low,False
2024-07-26 17:00:00,38.5,46,991.2,False,False,0.01708069592996858,0.11760036,0.7896257986005476,0.6296014602981442,0.7096136294493459,Low,False
2024-07-26 18:00:00,36.6,52,992.2,True,False,-0.003483313604689675,0.13512097,0.8999087313659873,0.694250076057195,0.7970794037115911,Medium,True
2024-07-26 19:00:00,35.5,59,992.7,False,False,0.01522800414884673,0.099249735,0.8020991785822938,0.5459385457864314,0.6740188621843626,Low,False
2024-07-26 20:00:00,34.8,60,993.2,False,False,0.028908341563235296,0.13958585,0.6950106480073015,0.707636142379069,0.7013233951931852,Low,False
2024-07-26 21:00:00,34.3,62,994.1,False,False,0.029877516241695323,0.20704941,0.6857316702160025,0.8548828719196836,0.770307271067843,Medium,False
2024-07-26 22:00:00,33.2,66,994.9,False,False,0.02906660126693983,0.1591045,0.694250076057195,0.761028293276544,0.7276391846668695,Low,False
2024-07-26 23:00:00,32.7,66,995.0,False,False,0.0395962128292528,0.17425036,0.58685731670216,0.8011864922421661,0.694021904472163,Low,False
2024-07-27 00:00:00,32.6,65,995.0,False,False,0.060971226876405105,0.15897861,0.3221782780651049,0.76057195010648,0.5413751140857925,Low,False
2024-07-27 01:00:00,32.2,67,994.9,False,False,0.06160728017943412,0.14895992,0.3144204441740188,0.7357773045330088,0.5250988743535139,Low,False
2024-07-27 02:00:00,32.0,67,994.9,False,False,0.06711362812612598,0.11502531,0.23516884697292362,0.6194097961667173,0.42728932156982047,Low,False
2024-07-27 03:00:00,32.0,69,994.4,False,False,0.059620696685969254,0.110276744,0.33921508974749015,0.597657438393672,0.4684362640705811,Low,False
2024-07-27 04:00:00,27.7,90,996.2,True,True,-0.07074729977663363,0.60634613,0.9966534834195315,0.9905689078186797,0.9936111956191056,High,True
2024-07-27 05:00:00,28.1,92,995.6,False,True,0.02088666874564893,0.33175036,0.7652874961971403,0.947064192272589,0.8561758442348646,Medium,True
2024-07-27 06:00:00,31.7,72,995.3,False,True,0.0063682631009922,0.3268893,0.856099787039854,0.944021904472163,0.9000608457560085,High,True
2024-07-27 07:00:00,32.8,66,996.1,False,False,0.044236930639597605,0.09112292,0.5346820809248555,0.501064800730149,0.5178734408275023,Low,False
2024-07-27 08:00:00,33.4,64,996.7,False,False,0.04391684682564062,0.08511226,0.5374201399452387,0.47155460906601765,0.5044873745056282,Low,False
2024-07-27 09:00:00,34.9,58,996.8,False,False,0.0339137865714666,0.04446391,0.648463644660785,0.19409796166717372,0.42128080316397937,Low,False
2024-07-27 10:00:00,36.3,53,996.9,False,False,0.015825943184408164,0.05416065,0.7989047763918466,0.26939458472771527,0.534149680559781,Low,False
2024-07-27 11:00:00,37.3,51,996.5,False,False,0.02721151387710341,0.05465703,0.7140249467599635,0.2738059020383328,0.49391542439914815,Low,False
2024-07-27 12:00:00,38.2,49,996.0,False,False,0.027229419156262424,0.058190536,0.7135686035898996,0.2973836324916337,0.5054761180407666,Low,False
2024-07-27 13:00:00,39.1,46,995.3,False,False,0.027456832815959065,0.07677823,0.7111347733495589,0.4207484027989048,0.5659415880742318,Low,False
2024-07-27 14:00:00,39.4,45,994.6,False,False,0.020145968856343177,0.06358052,0.7701551566778218,0.33434742926680866,0.5522512929723152,Low,False
2024-07-27 15:00:00,39.5,43,994.2,False,False,0.016731626258361276,0.07606375,0.792363857620931,0.4158807423182233,0.6041222999695771,Low,False
2024-07-27 16:00:00,39.0,43,994.4,False,False,0.02306838778687398,0.09811434,0.7480985701247338,0.5387891694554305,0.6434438697900822,Low,False
2024-07-27 17:00:00,37.8,47,994.6,False,False,0.02728211269544023,0.07225376,0.7134164891998783,0.3924551262549437,0.552935807727411,Low,False
2024-07-27 18:00:00,35.6,56,994.7,False,False,0.01513769559765954,0.115291424,0.802707636142379,0.6206267112868877,0.7116671737146334,Low,False
2024-07-27 19:00:00,34.8,58,995.3,False,False,0.04346235764671558,0.14319985,0.5438089443261332,0.7182841496805598,0.6310465470033465,Low,False
2024-07-27 20:00:00,34.4,60,995.9,False,False,0.05167017709415245,0.17949234,0.4449345908122908,0.8125950714937633,0.6287648311530271,Low,False
2024-07-27 21:00:00,34.2,61,996.6,False,False,0.044355972019577916,0.19629452,0.5330088226346212,0.8418010343778521,0.6874049285062367,Low,False
2024-07-27 22:00:00,33.7,62,997.1,False,False,0.042908936073115245,0.17191313,0.5505019774870703,0.7938850015211439,0.6721934895041071,Low,False
2024-07-27 23:00:00,33.2,64,997.4,False,False,0.03593250062274844,0.16718622,0.62792820200791,0.7812595071493763,0.7045938545786432,Low,False
2024-07-28 00:00:00,32.8,67,997.0,False,False,0.05798971485945248,0.17661528,0.36081533313051417,0.8066626102829327,0.5837389717067234,Low,False
2024-07-28 01:00:00,32.4,69,996.6,False,False,0.05788539473052118,0.12740299,0.3617280194706419,0.6673258290234256,0.5145269242470338,Low,False
2024-07-28 02:00:00,32.1,70,996.4,False,False,0.06272417995669555,0.10195544,0.29890477639184665,0.5582598113781564,0.4285822938850015,Low,False
2024-07-28 03:00:00,31.7,71,996.2,False,False,0.06977814246648611,0.10771933,0.1982050501977487,0.5871615454822026,0.39268329783997563,Low,False
2024-07-28 04:00:00,31.2,74,996.5,False,False,0.06858773577274441,0.1261376,0.21630666261028297,0.6624581685427442,0.4393824155765136,Low,False
2024-07-28 05:00:00,30.9,78,997.0,False,False,0.05361421208002376,0.1483253,0.41664131426832973,0.7337998174627319,0.5752205658655308,Low,False
2024-07-28 06:00:00,30.6,81,997.7,False,False,0.047523518802071674,0.15652476,0.4961971402494676,0.7544873745056282,0.6253422573775479,Low,False
2024-07-28 07:00:00,30.2,81,998.4,False,False,0.04738116077791288,0.12694682,0.4987830848798296,0.6645877700030423,0.5816854274414359,Low,False
2024-07-28 08:00:00,31.5,74,998.1,False,False,0.05489038051145079,0.15438671,0.4009735320961363,0.7480985701247338,0.574536051110435,Low,False
2024-07-28 09:00:00,33.7,65,998.2,False,False,0.053839199433262264,0.049400054,0.4143595984180103,0.23334347429266808,0.3238515363553392,Low,False
2024-07-28 10:00:00,35.4,59,998.0,False,False,0.05212308262088172,0.04248959,0.43778521448128993,0.18010343778521448,0.3089443261332522,Low,False
2024-07-28 11:00:00,36.9,54,997.4,False,False,0.04548219122222841,0.04430445,0.5203833282628536,0.19303316093702463,0.3567082445999391,Low,False
2024-07-28 12:00:00,38.2,50,996.6,False,False,0.04014161749536527,0.047524184,0.5800121691512017,0.21889260724064497,0.3994523881959233,Low,False
2024-07-28 13:00:00,38.6,48,995.9,False,False,0.043771316273292504,0.052868202,0.5400060845756008,0.2596592637663523,0.39983267417097657,Low,False
2024-07-28 14:00:00,38.8,47,995.3,False,False,0.04790139856721659,0.035046883,0.49193793732887137,0.11956191055673866,0.30574992394280504,Low,False
2024-07-28 15:00:00,38.1,49,994.7,False,False,0.034169534837333426,0.026525375,0.6461819288104655,0.06343170063888044,0.354806814724673,Low,False
2024-07-28 16:00:00,36.9,53,994.6,False,False,0.02797843122097826,0.008945914,0.7053544265287497,0.0018253726802555522,0.3535898996045026,Low,False
2024-07-28 17:00:00,36.6,54,994.3,False,False,0.03063270128040546,0.03930819,0.6784301794949803,0.15485244904167933,0.41664131426832984,Low,False
2024-07-28 18:00:00,36.5,52,994.6,False,False,0.035952301244832174,0.11511664,0.6277760876178886,0.6195619105567387,0.6236689990873137,Low,False
2024-07-28 19:00:00,35.3,57,994.8,False,False,0.034494175730237386,0.024225082,0.6437480985701247,0.05095832065713417,0.3473532096136294,Low,False
2024-07-28 20:00:00,34.5,60,995.2,False,False,0.0498271118576209,0.0374157,0.4653179190751445,0.13872832369942195,0.30202312138728327,Low,False
2024-07-28 21:00:00,34.3,58,995.6,False,False,0.05254500224834374,0.11561257,0.4309400669303316,0.6218436264070581,0.5263918466686949,Low,False
2024-07-28 22:00:00,34.1,58,996.2,False,False,0.0558251367875332,0.10185468,0.38850015211439004,0.5578034682080925,0.47315181016124125,Low,False
2024-07-28 23:00:00,33.7,60,996.5,False,False,0.04815483335302756,0.0583911,0.4879829631883176,0.299056890781868,0.39351992698509275,Low,False
2024-07-29 00:00:00,33.2,62,996.5,False,False,0.0631211535648959,0.0792628,0.29312442957103746,0.43641618497109824,0.36477030727106785,Low,False
2024-07-29 01:00:00,32.7,65,996.3,False,False,0.0665355751024101,0.04315275,0.24307879525403098,0.18542744143595985,0.2142531183449954,Low,False
2024-07-29 02:00:00,32.3,66,996.0,False,False,0.07066543969281641,0.017622262,0.18877395801642838,0.02327350167325829,0.10602372984484333,Low,False
2024-07-29 03:00:00,32.1,68,995.8,False,False,0.06872321800136155,0.009513784,0.21478551871007,0.0027380590203833284,0.10876178886522667,Low,False
2024-07-29 04:00:00,31.8,69,996.2,False,False,0.06887892605589291,0.033463623,0.2121995740797079,0.10617584423486462,0.15918770915728625,Low,False
2024-07-29 05:00:00,31.5,70,996.4,False,False,0.07422329931317595,0.013122742,0.14374809857012472,0.010800121691512017,0.07727411013081836,Low,False
2024-07-29 06:00:00,27.8,94,999.2,True,True,-0.08412178105233481,1.0011215,0.9986309704898083,0.998935199269851,0.9987830848798296,High,True
2024-07-29 07:00:00,27.9,95,998.9,False,True,0.025600908245692278,0.33811295,0.7280194706419227,0.9490416793428659,0.8385305749923944,Medium,True
2024-07-29 08:00:00,28.2,94,998.6,False,True,0.027710720541233913,0.32768047,0.7093094006693033,0.9446303620322483,0.8269698813507758,Medium,True
2024-07-29 09:00:00,29.4,89,999.0,False,False,0.027861719838424448,0.18539476,0.7073319135990265,0.8233951931852753,0.7653635533921509,Medium,False
2024-07-29 10:00:00,31.1,80,998.2,False,True,0.02812295505372142,0.51251096,0.7039853970185579,0.9837237602677213,0.8438545786431396,Medium,True
2024-07-29 11:00:00,33.0,71,997.6,False,False,0.04356902444160027,0.22921678,0.5428962579860055,0.883328262853666,0.7131122604198357,Low,False
2024-07-29 12:00:00,34.9,61,996.7,False,False,0.02608918318596204,0.20717691,0.7229996957712199,0.8550349863097049,0.7890173410404624,Medium,False
2024-07-29 13:00:00,36.4,56,995.8,False,False,0.031567584543702176,0.173135,0.6706723456038941,0.7970794037115911,0.7338758746577426,Low,False
2024-07-29 14:00:00,36.6,55,995.0,False,False,0.05254839952796381,0.12388545,0.43063583815028905,0.6551566778217219,0.5428962579860055,Low,False
2024-07-29 15:00:00,37.2,53,994.4,False,False,0.03474453469235572,0.1439736,0.6416184971098267,0.7204137511408579,0.6810161241253423,Low,False
2024-07-29 16:00:00,37.1,52,993.6,False,False,0.02741370330920423,0.16294403,0.7117432309096441,0.7695466991177365,0.7406449650136904,Low,False
2024-07-29 17:00:00,36.9,51,993.5,False,False,0.0329330239076156,0.16764396,0.6571341648919988,0.7833891086096745,0.7202616367508367,Low,False
2024-07-29 18:00:00,36.8,46,994.9,False,True,0.011141570268687673,0.6772542,0.8276543961058715,0.9940675387891694,0.9108609674475205,High,True
2024-07-29 19:00:00,35.9,49,995.5,False,False,0.03346943073778663,0.11071784,0.6519622756312747,0.5996349254639489,0.6257986005476118,Low,False
2024-07-29 20:00:00,35.5,51,996.2,False,False,0.03942491993924818,0.16212848,0.5892911469425008,0.7678734408275023,0.6785822938850016,Low,False
2024-07-29 21:00:00,35.1,54,996.7,False,False,0.03903702720325791,0.134883,0.5930940066930331,0.6936416184971098,0.6433678125950715,Low,False
2024-07-29 22:00:00,34.7,56,997.0,False,False,0.0499397207605371,0.14145789,0.46455734712503804,0.713264374809857,0.5889108609674476,Low,False
2024-07-29 23:00:00,34.2,57,997.4,False,False,0.02569007001589363,0.16277577,0.7261940979616672,0.7693945847277153,0.7477943413446912,Low,False
2024-07-30 00:00:00,33.6,60,997.6,False,True,0.049087357065958515,0.3784919,0.4750532400365075,0.9612108305445695,0.7181320352905385,Low,True
2024-07-30 01:00:00,33.2,63,997.3,False,True,0.05242795622844992,0.32044417,0.43322178278065104,0.9417401886218436,0.6874809857012474,Low,True
2024-07-30 02:00:00,32.8,64,996.1,False,True,0.027204831596398582,0.3705539,0.7141770611499848,0.9581685427441436,0.8361728019470642,Medium,True
2024-07-30 03:00:00,32.5,66,995.4,False,False,0.052171800078254116,0.25317675,0.43702464253118345,0.9059933069668391,0.6715089747490113,Low,False
2024-07-30 04:00:00,32.2,67,996.8,False,True,0.042192267516567405,0.37196624,0.5588682689382416,0.9589291146942501,0.7588986918162459,Medium,True
2024-07-30 05:00:00,31.9,69,997.7,False,False,0.052756137210803966,0.22746488,0.4263766352296927,0.8811986613933678,0.6537876483115302,Low,False
2024-07-30 06:00:00,31.2,76,999.0,False,False,0.016315184617907263,0.22691146,0.7955582598113782,0.88028597505324,0.837922117432309,Medium,False
2024-07-30 07:00:00,29.8,84,1000.2,True,False,-0.001392582775367912,0.19950065,0.8907818679647095,0.846364466078491,0.8685731670216003,Medium,True
2024-07-30 08:00:00,30.2,85,999.9,False,True,0.028527437976506476,0.38159147,0.6991177365378765,0.9619714024946759,0.8305445695162762,Medium,True
2024-07-30 09:00:00,32.2,75,1000.2,False,False,0.012353644350670046,0.07139794,0.8211134773349559,0.38500152114390024,0.6030574992394281,Low,False
2024-07-30 10:00:00,34.3,66,999.3,False,False,0.015956794775192074,0.16805801,0.7976878612716762,0.7844539093398235,0.7910708853057499,Medium,False
2024-07-30 11:00:00,35.8,60,999.0,False,False,0.03342861144990422,0.022353884,0.6528749619714025,0.04152722847581381,0.34720109522360815,Low,False
2024-07-30 12:00:00,37.5,53,998.2,False,False,0.01907500398536849,0.049567614,0.7773045330088226,0.23501673258290234,0.5061606327958625,Low,False
2024-07-30 13:00:00,38.5,49,997.6,False,False,0.027799839969233964,0.04348607,0.7085488287191968,0.1874049285062367,0.44797687861271673,Low,False
2024-07-30 14:00:00,39.0,46,996.7,False,False,0.024756248660417257,0.064255975,0.7354730757529662,0.33860663218740494,0.5370398539701855,Low,False
2024-07-30 15:00:00,39.2,45,996.0,False,False,0.027828209584721486,0.060360257,0.7079403711591117,0.31107392759355035,0.509507149376331,Low,False
2024-07-30 16:00:00,39.2,44,995.3,False,False,0.028810133008714378,0.08534557,0.6962275631274719,0.4732278673562519,0.584727715241862,Low,False
2024-07-30 17:00:00,38.6,45,995.2,False,False,0.03776982293036413,0.05577221,0.608457560085184,0.2815637359294189,0.4450106480073015,Low,False
2024-07-30 18:00:00,35.7,56,997.4,True,False,-0.01632883927448059,0.3033441,0.9443261332522057,0.9335260115606936,0.9389260724064497,High,True
2024-07-30 19:00:00,34.1,62,997.4,False,False,0.05659880371834486,0.05892408,0.37891694554304833,0.3020991785822939,0.34050806206267115,Low,False
2024-07-30 20:00:00,33.1,65,998.0,False,False,0.06062356464546059,0.040282045,0.3279586248859142,0.1638271980529358,0.245892911469425,Low,False
2024-07-30 21:00:00,32.4,68,998.6,False,False,0.056687576312895394,0.038429238,0.3778521448128993,0.14572558564040158,0.26178886522665046,Low,False
2024-07-30 22:00:00,32.0,70,999.2,False,False,0.06022525370779003,0.04253023,0.33206571341648916,0.18071189534529966,0.2563888043808944,Low,False
2024-07-30 23:00:00,31.6,73,999.0,False,False,0.052240912807406226,0.14498556,0.4355034986309705,0.7225433526011561,0.5790234256160633,Low,False
2024-07-31 00:00:00,31.2,75,998.9,False,False,0.06894339158543744,0.073469594,0.21067843017949495,0.39975661697596593,0.30521752357773047,Low,False
2024-07-31 01:00:00,30.9,76,998.6,False,False,0.07362425017649438,0.07256723,0.1501369029510191,0.3962579860054761,0.2731974444782476,Low,False
2024-07-31 02:00:00,30.8,77,998.2,False,False,0.0749906927044734,0.06384369,0.13446912077882567,0.3363249163370855,0.23539701855795558,Low,False
2024-07-31 03:00:00,30.7,77,997.8,False,False,0.08518405275596735,0.05093448,0.04822026163675086,0.24612108305445696,0.1471706723456039,Low,False
2024-07-31 04:00:00,30.7,75,997.9,False,False,0.08806433883734333,0.046769112,0.03057499239428052,0.21296014602981442,0.12176756921204747,Low,False
2024-07-31 05:00:00,30.6,74,999.1,False,False,0.06244134849591859,0.13061616,0.3036203224825068,0.6807118953452996,0.4921661089139032,Low,False
2024-07-31 06:00:00,31.3,82,999.1,False,False,0.06335680937826504,0.17953818,0.28932156982050505,0.8127471858837846,0.5510343778521448,Low,False
2024-07-31 07:00:00,32.1,78,999.1,False,False,0.07700341547296552,0.0721696,0.1163675083662915,0.39199878308487984,0.25418314572558565,Low,False
2024-07-31 08:00:00,33.4,72,999.2,False,False,0.08105307989630739,0.057863016,0.076057195010648,0.2955582598113782,0.1858077274110131,Low,False
2024-07-31 09:00:00,34.7,67,998.7,False,False,0.07171659746422654,0.08966652,0.17280194706419227,0.49361119561910555,0.3332065713416489,Low,False
2024-07-31 10:00:00,36.0,62,998.7,False,False,0.07045616291116297,0.042637024,0.19044721630666261,0.18147246729540614,0.18595984180103436,Low,False
2024-07-31 11:00:00,37.3,57,998.6,False,False,0.06286333460021448,0.055231962,0.29707940371159114,0.27730453300882263,0.2871919683602069,Low,False
2024-07-31 12:00:00,37.9,54,998.1,False,False,0.05979564502654733,0.059034124,0.3369333738971707,0.30301186492242166,0.31997261940979616,Low,False
2024-07-31 13:00:00,38.6,51,997.5,False,False,0.05544752174093298,0.07159131,0.39215089747490117,0.38743535138424096,0.38979312442957104,Low,False
2024-07-31 14:00:00,38.8,49,996.3,False,False,0.02558095785035125,0.071316674,0.7283236994219653,0.3845451779738363,0.5564344386979008,Low,False
2024-07-31 15:00:00,38.9,48,995.1,False,False,0.018437697486933746,0.10532903,0.7823243078795254,0.5746881655004563,0.6785062366899909,Low,False
2024-07-31 16:00:00,38.4,49,994.6,False,False,0.017732373765233178,0.06787497,0.7862792820200791,0.36233647703072713,0.5743078795254031,Low,False
2024-07-31 17:00:00,37.9,50,994.4,False,False,0.018564846653692013,0.09359516,0.7809552783693338,0.5150593246121083,0.648007301490721,Low,False
2024-07-31 18:00:00,31.9,84,995.0,True,False,-0.05971587035363546,0.28099072,0.9936111956191056,0.9225737754791603,0.958092485549133,High,True
2024-07-31 19:00:00,29.1,95,996.1,True,False,-0.05803035768883502,0.27072254,0.9925463948889565,0.9161849710982659,0.9543656829936111,High,True
2024-07-31 20:00:00,29.7,91,995.4,False,True,0.007277412509557435,0.708784,0.8500152114390022,0.9948281107392759,0.922421661089139,High,True
2024-07-31 21:00:00,29.5,87,995.8,False,True,0.016364836715405118,0.49842465,0.7951019166413142,0.9817462731974445,0.8884240949193793,Medium,True
2024-07-31 22:00:00,29.6,88,996.2,False,True,0.024126503638024654,0.40942168,0.740492850623669,0.9680559780955278,0.8542744143595984,Medium,True
2024-07-31 23:00:00,28.3,90,998.0,True,True,-0.0116186950081133,0.32788888,0.9282020079099482,0.9447824764222695,0.9364922421661088,High,True
2024-08-01 00:00:00,27.4,88,996.4,False,True,0.0029177193491232156,0.4746694,0.8708548828719197,0.9773349558868268,0.9240949193793733,High,True
2024-08-01 01:00:00,27.9,86,996.2,False,False,0.03344896547278586,0.21842073,0.6527228475813812,0.8725281411621539,0.7626254943717676,Medium,False
2024-08-01 02:00:00,28.2,85,996.1,False,False,0.04924890780840668,0.23025572,0.4732278673562519,0.884393063583815,0.6788104654700334,Low,False
2024-08-01 03:00:00,28.2,87,995.2,False,True,0.021547121634884592,0.36117023,0.7596592637663523,0.9555825981137815,0.8576209309400669,Medium,True
2024-08-01 04:00:00,28.5,87,996.1,False,True,0.03546105558825163,0.33005622,0.6340127776087618,0.9463036203224825,0.7901581989656221,Medium,True
2024-08-01 05:00:00,27.4,92,997.6,True,True,-0.006703073481526323,0.3285117,0.912686340127776,0.9453909339823547,0.9290386370550654,High,True
2024-08-01 06:00:00,29.1,79,997.1,False,True,0.015966366747227123,0.51067024,0.7975357468816551,0.9832674170976574,0.8904015819896562,Medium,True
2024-08-01 07:00:00,29.0,81,998.2,False,False,0.03512082328367866,0.3129925,0.6372071797992089,0.9386979008214177,0.7879525403103134,Medium,False
2024-08-01 08:00:00,27.6,93,998.1,False,True,0.0018310152535281343,0.40624464,0.8754183145725586,0.9674475205354427,0.9214329175540006,High,True
2024-08-01 09:00:00,27.8,93,998.8,False,False,0.034578675429905226,0.31233084,0.642835412229997,0.9380894432613325,0.7904624277456647,Medium,False
2024-08-01 10:00:00,28.3,91,999.2,False,True,0.027999055072526702,0.36156186,0.7052023121387283,0.9557347125038028,0.8304685123212656,Medium,True
2024-08-01 11:00:00,28.7,87,998.3,False,True,0.025501202659283462,0.6395827,0.7290842713720718,0.9922421661089139,0.8606632187404928,Medium,True
2024-08-01 12:00:00,30.2,80,998.6,False,False,0.04727474364653628,0.24836813,0.5006084575600852,0.9017341040462428,0.701171280803164,Low,False
2024-08-01 13:00:00,29.7,83,998.3,False,True,0.047103959481319846,0.38835764,0.5022817158503194,0.9642531183449954,0.7332674170976574,Low,True
2024-08-01 14:00:00,28.7,89,997.2,False,True,0.029476480071931932,0.4117398,0.6898387587465774,0.9685123212655917,0.8291755400060845,Medium,True
2024-08-01 15:00:00,28.4,92,996.7,False,False,0.04888632717676272,0.17632258,0.47855187100699725,0.8059020383328263,0.6422269546699118,Low,False
2024-08-01 16:00:00,28.5,92,996.3,False,False,0.05172301296988041,0.10388452,0.4441740188621843,0.5672345603894129,0.5057042896257986,Low,False
2024-08-01 17:00:00,29.1,88,995.6,False,False,0.0022934462519757504,0.1500801,0.8734408275022817,0.737906905993307,0.8056738667477943,Medium,False
2024-08-01 18:00:00,28.5,90,997.6,True,True,-0.0025824650867398713,0.49907902,0.8956495284453909,0.9818983875874657,0.9387739580164283,High,True
2024-08-01 19:00:00,27.1,92,998.9,True,False,-0.009109054147138695,0.23108682,0.9216610891390326,0.8854578643139641,0.9035594767264983,High,True
2024-08-01 20:00:00,26.9,93,999.2,False,False,0.02218704187130377,0.12314843,0.7547916032856709,0.6524186188013386,0.7036051110435046,Low,False
2024-08-01 21:00:00,26.8,96,999.5,False,False,0.014250297436031845,0.13319905,0.8074231822330392,0.6892303011864922,0.7483267417097657,Low,False
2024-08-01 22:00:00,26.6,97,999.6,False,False,0.014040588881167382,0.14451724,0.8095527836933374,0.7213264374809857,0.7654396105871615,Medium,False
2024-08-01 23:00:00,26.4,97,999.5,False,False,0.00628690055056591,0.16561171,0.8565561302099178,0.7776087617888652,0.8170824459993915,Medium,False
2024-08-02 00:00:00,26.4,96,999.0,False,False,0.014767152286251084,0.16328894,0.8045330088226346,0.7710678430179495,0.787800425920292,Medium,False
2024-08-02 01:00:00,26.4,95,998.4,False,False,0.019021989277754947,0.12120091,0.7777608761788866,0.6460298144204442,0.7118953452996654,Low,False
2024-08-02 02:00:00,26.2,94,998.1,False,False,0.0246927412932208,0.08610477,0.7360815333130515,0.4771828414968056,0.6066321874049285,Low,False
2024-08-02 03:00:00,25.4,96,998.0,False,False,0.026881608576903193,0.10059546,0.7172193489504107,0.5524794645573471,0.6348494067538789,Low,False
2024-08-02 04:00:00,25.2,96,997.9,False,False,0.029865869591065686,0.09977676,0.6858837846060237,0.5474596896866444,0.616671737146334,Low,False
2024-08-02 05:00:00,25.5,94,997.8,False,False,0.028998488850319304,0.09116732,0.694706419227259,0.5012169151201704,0.5979616671737147,Low,False
2024-08-02 06:00:00,26.8,95,997.9,False,False,0.03429630480841367,0.13486321,0.6449650136902951,0.6933373897170673,0.6691512017036811,Low,False
2024-08-02 07:00:00,27.3,92,997.9,False,False,0.031422121173974804,0.10348023,0.6718892607240645,0.5648007301490721,0.6183449954365683,Low,False
2024-08-02 08:00:00,27.9,89,998.4,False,False,0.03311458341794116,0.14655825,0.6557651353818071,0.7272588986918163,0.6915120170368116,Low,False
2024-08-02 09:00:00,29.0,85,998.3,False,False,0.0186883476278471,0.0814735,0.7798904776391846,0.449650136902951,0.6147703072710679,Low,False
2024-08-02 10:00:00,30.4,76,997.6,True,False,-0.010668447031549122,0.079158135,0.925007605719501,0.4355034986309705,0.6802555521752358,Low,True
2024-08-02 11:00:00,31.9,68,996.8,True,False,-0.012395134501086758,0.083104424,0.9307879525403103,0.45832065713416487,0.6945543048372376,Low,True
2024-08-02 12:00:00,32.6,67,995.9,True,False,-0.0018716177476115758,0.06259524,0.8932156982050502,0.3265895953757225,0.6099026467903863,Low,True
2024-08-02 13:00:00,33.3,66,995.4,False,False,0.01696730812867725,0.09903018,0.7905384849406754,0.5439610587161545,0.6672497718284149,Low,False
2024-08-02 14:00:00,33.8,63,994.4,True,False,-0.01674770651906976,0.15479107,0.9458472771524187,0.7493154852449042,0.8475813811986614,Medium,True
2024-08-02 15:00:00,33.2,64,993.7,True,False,-0.013511490547018612,0.17333743,0.9353513842409492,0.7979920900517189,0.866671737146334,Medium,True
2024-08-02 16:00:00,31.3,74,993.8,True,False,-0.0062221305408459715,0.14105578,0.9099482811073928,0.7118953452996654,0.8109218132035291,Medium,True
2024-08-02 17:00:00,30.2,76,994.5,False,False,0.010550305194601706,0.24170147,0.8322178278065104,0.8961058716154549,0.8641618497109826,Medium,False
2024-08-02 18:00:00,29.2,80,995.4,False,False,0.027156440695950856,0.2141398,0.7149376331000913,0.8665956799513234,0.7907666565257073,Medium,False
2024-08-02 19:00:00,28.6,84,995.8,False,False,0.04000422563935657,0.1979063,0.5818375418314572,0.843778521448129,0.7128080316397931,Low,False
2024-08-02 20:00:00,28.6,86,996.5,False,False,0.04650710581914702,0.27565128,0.5082141770611499,0.9202920596288409,0.7142531183449954,Low,False
2024-08-02 21:00:00,28.6,86,997.2,False,False,0.046305183627213586,0.18926251,0.5098874353513843,0.8297839975661697,0.6698357164587769,Low,False
2024-08-02 22:00:00,28.5,87,997.7,False,False,0.044445658974844426,0.12109418,0.5322482506845148,0.6455734712503803,0.5889108609674476,Low,False
2024-08-02 23:00:00,28.4,86,997.8,False,False,0.04247013982346298,0.12810765,0.5552175235777305,0.6715850319440219,0.6134012777608762,Low,False
2024-08-03 00:00:00,28.2,85,997.9,False,False,0.055122941686651106,0.14375447,0.3971706723456039,0.719957407970794,0.5585640401581989,Low,False
2024-08-03 01:00:00,27.8,86,997.6,False,False,0.0549120970309947,0.12766333,0.4002129601460298,0.6688469729236386,0.5345299665348342,Low,False
2024-08-03 02:00:00,27.6,87,997.3,False,False,0.05865870616689284,0.093464546,0.3497109826589595,0.5144508670520231,0.4320809248554913,Low,False
2024-08-03 03:00:00,27.4,88,996.9,False,False,0.0609551893462113,0.0728595,0.32263462123516884,0.39762701551566776,0.36013081837541827,Low,False
2024-08-03 04:00:00,27.2,89,997.0,False,False,0.07243941838207751,0.03944631,0.1636750836629145,0.1557651353818071,0.15972010952236082,Low,False
2024-08-03 05:00:00,27.1,90,997.4,False,False,0.06459679244336525,0.03590193,0.2706114998478856,0.12686340127776088,0.19873745056282321,Low,False
2024-08-03 06:00:00,28.1,88,997.4,False,False,0.06259442191129477,0.045736253,0.30133860663218737,0.2021600243383024,0.2517493154852449,Low,False
2024-08-03 07:00:00,28.9,85,997.8,False,False,0.05751079030093881,0.045666162,0.366899908731366,0.20155156677821723,0.28422573775479165,Low,False
2024-08-03 08:00:00,29.7,81,998.2,False,False,0.056667667679965394,0.035071187,0.37830848798296324,0.11986613933678127,0.24908731365987224,Low,False
2024-08-03 09:00:00,30.8,75,998.5,False,False,0.047015703725710734,0.043770745,0.5034986309704899,0.18953452996653483,0.34651658046851236,Low,False
2024-08-03 10:00:00,31.8,70,998.4,False,False,0.05019993700088571,0.0355872,0.4604502585944631,0.12427745664739884,0.292363857620931,Low,False
2024-08-03 11:00:00,32.9,65,998.0,False,False,0.03733790111531632,0.0321128,0.61149984788561,0.09811378156373593,0.35480681472467296,Low,False
2024-08-03 12:00:00,33.7,61,997.4,False,False,0.03916157948234589,0.03618144,0.5917249771828414,0.12868877395801642,0.36020687557042896,Low,False
2024-08-03 13:00:00,33.7,61,996.9,False,False,0.04240807607621461,0.045875385,0.5556738667477943,0.20368116823851537,0.3796775174931548,Low,False
2024-08-03 14:00:00,34.2,60,996.2,False,False,0.035739392188742114,0.037560374,0.6308183754183145,0.14009735320961364,0.3854578643139641,Low,False
2024-08-03 15:00:00,33.9,61,995.7,False,False,0.03903560080124091,0.025968332,0.5932461210830544,0.06008518405841193,0.32666565257073316,Low,False
2024-08-03 16:00:00,33.3,63,995.7,False,False,0.042193919999430174,0.03825355,0.5587161545482202,0.1446607849102525,0.35168846972923634,Low,False
2024-08-03 17:00:00,32.7,66,995.9,False,False,0.04427298092037035,0.06789073,0.533921508974749,0.3624885914207484,0.4482050501977487,Low,False
2024-08-03 18:00:00,31.7,70,997.1,False,False,0.034145972939104485,0.2734445,0.6463340432004867,0.9186188013386066,0.7824764222695466,Medium,False
2024-08-03 19:00:00,30.1,76,998.0,False,False,0.03231152347585897,0.20448291,0.6623060541527228,0.8515363553392151,0.756921204745969,Medium,False
2024-08-03 20:00:00,29.3,79,998.7,False,False,0.041663998567052996,0.13334902,0.5631274718588378,0.6895345299665349,0.6263310009126863,Low,False
2024-08-03 21:00:00,29.0,81,999.5,False,False,0.045596440384702674,0.12873918,0.5187100699726195,0.67371463340432,0.5962123516884698,Low,False
2024-08-03 22:00:00,29.0,82,1000.0,False,False,0.049442526973886625,0.114141256,0.47079403711591117,0.6160632795862488,0.54342865835108,Low,False
2024-08-03 23:00:00,28.9,83,1000.4,False,False,0.041723074441259334,0.119110286,0.562671128688774,0.6359902646790386,0.5993306966839063,Low,False
2024-08-04 00:00:00,28.7,84,1000.3,False,False,0.05432103165615121,0.18333672,0.4079707940371159,0.8200486766048068,0.6140097353209614,Low,False
2024-08-04 01:00:00,28.5,85,999.9,False,False,0.05633562891718291,0.16756126,0.3830240340736234,0.7827806510495893,0.5829023425616063,Low,False
2024-08-04 02:00:00,28.3,85,999.8,False,False,0.06817681509004542,0.10363886,0.2219348950410709,0.565257073319136,0.39359598418010344,Low,False
2024-08-04 03:00:00,27.5,90,1000.0,False,False,0.05399756974332215,0.09535318,0.4117736537876483,0.5250988743535139,0.4684362640705811,Low,False
2024-08-04 04:00:00,27.3,91,999.7,False,False,0.06240494996152168,0.100190595,0.3045330088226347,0.550349863097049,0.42744143595984185,Low,False
2024-08-04 05:00:00,27.2,92,1000.1,False,False,0.06361739736230204,0.038163714,0.28521448128993,0.14405232735016732,0.21463340432004865,Low,False
2024-08-04 06:00:00,28.5,85,1000.2,False,False,0.06579977482300942,0.105644524,0.2546394888956496,0.5766656525707332,0.4156525707331914,Low,False
2024-08-04 07:00:00,29.0,83,1001.0,False,False,0.05592795419167357,0.057807185,0.3872832369942196,0.29540614542135685,0.3413446912077882,Low,False
2024-08-04 08:00:00,30.0,77,1001.6,False,False,0.05261267636943723,0.022171756,0.42926680864009736,0.040614542135686035,0.2349406753878917,Low,False
2024-08-04 09:00:00,31.1,72,1001.8,False,False,0.04583222518450808,0.011470021,0.5158198965622147,0.0065409187709157286,0.26118040766656525,Low,False
2024-08-04 10:00:00,32.3,66,1001.5,False,False,0.04152014926415604,0.009722799,0.565257073319136,0.0030422878004259203,0.28414968055978096,Low,False
2024-08-04 11:00:00,33.0,64,1001.1,False,False,0.05279814634094093,0.01063755,0.42607240644965017,0.005019774870702769,0.21554609066017646,Low,False
2024-08-04 12:00:00,33.8,62,1000.6,False,False,0.05358111660664899,0.01719046,0.4169455430483724,0.021904472163066627,0.2194250076057195,Low,False
2024-08-04 13:00:00,34.1,60,999.6,False,False,0.03960882754357259,0.04597948,0.5867052023121387,0.20459385457864315,0.3956495284453909,Low,False
2024-08-04 14:00:00,34.5,59,998.7,False,False,0.0423362217097108,0.05193771,0.5564344386979008,0.25418314572558565,0.4053087922117432,Low,False
2024-08-04 15:00:00,34.3,59,998.0,False,False,0.04952002281225798,0.04687791,0.4698813507757834,0.21417706114998478,0.3420292059628841,Low,False
2024-08-04 16:00:00,34.3,58,997.6,False,False,0.05391983563195535,0.05933559,0.41344691207788253,0.3052935807727411,0.3593702464253118,Low,False
2024-08-04 17:00:00,33.4,62,997.7,False,False,0.058989630054942066,0.012360764,0.3472771524186188,0.008822634621235169,0.17804989351992698,Low,False
2024-08-04 18:00:00,32.6,62,999.0,False,False,0.05134837083564325,0.28684428,0.4473684210526315,0.9243991481594159,0.6858837846060237,Low,False
2024-08-04 19:00:00,31.5,66,999.7,False,False,0.0594490933955501,0.05480385,0.3414968055978096,0.2747185883784606,0.3081076969881351,Low,False
2024-08-04 20:00:00,30.9,70,1000.4,False,False,0.0707228122910995,0.06616791,0.18770915728627924,0.35290538484940676,0.270307271067843,Low,False
2024-08-04 21:00:00,30.4,72,1000.7,False,False,0.07938194547010069,0.033923876,0.0914207484027989,0.10997870398539702,0.10069972619409796,Low,False
2024-08-04 22:00:00,30.1,73,1000.9,False,False,0.08091055576310391,0.042090364,0.07788256769090351,0.17736537876483116,0.12762397322786734,Low,False
2024-08-04 23:00:00,29.8,73,1001.1,False,False,0.06753741516940531,0.057375576,0.23045330088226346,0.2920596288408884,0.26125646486157594,Low,False
2024-08-05 00:00:00,29.3,75,1001.1,False,False,0.08215840149075793,0.09193186,0.06693033160937023,0.5053240036507454,0.2861271676300578,Low,False
2024-08-05 01:00:00,29.0,77,1001.1,False,False,0.09284997537376544,0.062010065,0.011560693641618491,0.32354730757529665,0.16755400060845757,Low,False
2024-08-05 02:00:00,28.8,79,1000.7,False,False,0.08859326159358738,0.039160233,0.028901734104046284,0.1531791907514451,0.09104046242774569,Low,False
2024-08-05 03:00:00,28.6,80,1000.6,False,False,0.09650237625880226,0.015062479,0.004563431700638887,0.015211439002129602,0.009887435351384245,Low,False
2024-08-05 04:00:00,28.4,81,1000.9,False,False,0.09730691412100745,0.024940494,0.0033465165804684727,0.05521752357773045,0.029282020079099462,Low,False
2024-08-05 05:00:00,28.4,80,1001.1,False,False,0.0941490414576866,0.025647983,0.008062062671128634,0.058259811378156376,0.033160937024642505,Low,False
2024-08-05 06:00:00,28.8,81,1001.8,False,False,0.07769612772943418,0.054138485,0.10891390325524797,0.26924247033769394,0.18907818679647095,Low,False
2024-08-05 07:00:00,29.4,80,1001.9,False,False,0.0790561736490073,0.048748005,0.09400669303316089,0.22741101308183753,0.1607088530574992,Low,False
2024-08-05 08:00:00,30.4,76,1002.0,False,False,0.07317285998958672,0.054638922,0.15622147855187096,0.2735016732582902,0.2148615759050806,Low,False
2024-08-05 09:00:00,31.7,69,1002.2,False,False,0.06806282440487654,0.032375224,0.22391238211134779,0.09948281107392759,0.1616975965926377,Low,False
2024-08-05 10:00:00,32.8,65,1001.9,False,False,0.06012281365752342,0.022861566,0.3332826285366596,0.044417401886218434,0.18885001521143902,Low,False
2024-08-05 11:00:00,33.8,61,1001.4,False,False,0.06257023876070633,0.012363376,0.30209917858229385,0.008974749011256465,0.15553696379677515,Low,False
2024-08-05 12:00:00,34.0,60,1001.1,False,False,0.07014312401261752,0.02132522,0.19348950410708854,0.036051110435047155,0.11477030727106785,Low,False
2024-08-05 13:00:00,34.8,54,1000.1,False,False,0.04447618922889185,0.029886,0.5319440219044722,0.084271372071798,0.3081076969881351,Low,False
2024-08-05 14:00:00,34.7,56,999.0,False,False,0.04737838130738148,0.086465284,0.49893519926985097,0.47885609978703986,0.48889564952844544,Low,False
2024-08-05 15:00:00,34.7,57,997.7,False,False,0.039907026064787854,0.21954963,0.5841192576817766,0.8740492850623669,0.7290842713720718,Low,False
2024-08-05 16:00:00,34.8,57,997.4,False,False,0.05568387571411626,0.109542094,0.3894128384545178,0.5947672649832674,0.4920900517188926,Low,False
2024-08-05 17:00:00,34.4,58,997.0,False,False,0.04992011288670395,0.13202055,0.4647094615150593,0.6852753270459385,0.5749923942804989,Low,False
2024-08-05 18:00:00,32.8,62,997.9,False,False,0.040288026502144414,0.1152868,0.5786431396410101,0.6204745968968665,0.5995588682689383,Low,False
2024-08-05 19:00:00,31.7,66,998.2,False,False,0.05025294532649377,0.07598414,0.4596896866443566,0.41466382719805295,0.4371767569212048,Low,False
2024-08-05 20:00:00,31.2,68,998.8,False,False,0.06009334373919328,0.11027989,0.3337389717067235,0.5978095527836933,0.4657742622452084,Low,False
2024-08-05 21:00:00,30.7,70,999.2,False,False,0.0639271027661168,0.08478232,0.2798904776391846,0.4682080924855491,0.3740492850623669,Low,False
2024-08-05 22:00:00,30.2,71,999.5,False,False,0.06827701911691036,0.08422405,0.22026163675083665,0.4648615759050806,0.3425616063279586,Low,False
2024-08-05 23:00:00,29.9,72,999.6,False,False,0.06441674765712735,0.09744875,0.27258898691816247,0.5348341953148767,0.4037115911165196,Low,False
2024-08-06 00:00:00,29.5,73,999.5,False,False,0.08278529131572826,0.08561262,0.06282324307879528,0.4749011256464862,0.26886218436264075,Low,False
2024-08-06 01:00:00,29.0,75,999.1,False,False,0.07043055870536746,0.069544315,0.19090355947672655,0.37191968360206873,0.28141162153939764,Low,False
2024-08-06 02:00:00,28.7,77,998.7,False,False,0.07170087660366153,0.069158435,0.17310617584423482,0.3700943109218132,0.271600243383024,Low,False
2024-08-06 03:00:00,28.3,78,998.4,False,False,0.0768361056124593,0.077929854,0.11743230909644053,0.42926680864009736,0.27334955886826895,Low,False
2024-08-06 04:00:00,28.0,80,998.5,False,False,0.07946673209836869,0.06759155,0.09035594767264987,0.36051110435047157,0.22543352601156072,Low,False
2024-08-06 05:00:00,27.7,81,998.4,False,False,0.08224607269492912,0.067949645,0.06632187404928502,0.3630970489808336,0.21470946151505932,Low,False
2024-08-06 06:00:00,28.2,81,999.2,False,False,0.0766784058030095,0.07372161,0.11910556738667477,0.4015819896562215,0.26034377852144813,Low,False
2024-08-06 07:00:00,28.9,80,999.6,False,False,0.08563808717673771,0.02437634,0.04456951627623973,0.052175235777304534,0.048372376026772135,Low,False
2024-08-06 08:00:00,30.0,76,999.3,False,False,0.07682772026917689,0.051373195,0.11758442348646181,0.24931548524490416,0.18344995436568298,Low,False
2024-08-06 09:00:00,31.2,71,999.1,False,False,0.07975535906057951,0.022679226,0.08655308792211747,0.043048372376026774,0.06480073014907212,Low,False
2024-08-06 10:00:00,32.4,66,998.8,False,False,0.06460044448941271,0.008259698,0.2704593854578643,0.0013690295101916642,0.135914207484028,Low,False
2024-08-06 11:00:00,33.5,60,998.5,False,False,0.05237400468939818,0.009199847,0.4342865835108001,0.0022817158503194404,0.21828414968055976,Low,False
2024-08-06 12:00:00,34.2,56,997.9,False,False,0.04829684772309856,0.011983142,0.4864618192881046,0.0074536051110435046,0.24695771219957405,Low,False
2024-08-06 13:00:00,34.8,53,997.2,False,False,0.035623314336718226,0.024059396,0.6317310617584424,0.05019774870702769,0.340964405232735,Low,False
2024-08-06 14:00:00,34.6,53,996.5,False,False,0.040906844555949395,0.013511548,0.5728627928202008,0.011408579251597202,0.292135686035899,Low,False
2024-08-06 15:00:00,34.3,57,995.7,False,False,0.03558149921688453,0.036243167,0.6324916337085489,0.1294493459081229,0.3809704898083359,Low,False
2024-08-06 16:00:00,34.0,59,995.2,False,False,0.043312160565144864,0.070481874,0.546242774566474,0.3783084879829632,0.4622756312747186,Low,False
2024-08-06 17:00:00,33.8,59,995.1,False,False,0.05272445418799554,0.11700848,0.4269850927897779,0.6276239732278673,0.5273045330088226,Low,False
2024-08-06 18:00:00,32.8,61,995.3,False,False,0.04234563941273917,0.09435933,0.5561302099178582,0.5193185275327046,0.5377243687252814,Low,False
2024-08-06 19:00:00,31.6,65,996.0,False,False,0.04051127953047701,0.08049513,0.5766656525707332,0.44295710374201397,0.5098113781563736,Low,False
2024-08-06 20:00:00,31.1,67,996.9,False,False,0.0488411663579178,0.13645732,0.4788560997870398,0.6979008214177062,0.588378460602373,Low,False
2024-08-06 21:00:00,30.7,69,997.8,False,False,0.05547681419937983,0.097989336,0.39154243991481597,0.5381807118953453,0.46486157590508065,Low,False
2024-08-06 22:00:00,30.3,71,998.4,False,False,0.05940751652313392,0.03456291,0.3419531487678734,0.11393367812595072,0.22794341344691207,Low,False
2024-08-06 23:00:00,29.9,73,998.4,False,False,0.05482317392964953,0.06349815,0.4014298752662002,0.33404320048676606,0.36773653787648314,Low,False
2024-08-07 00:00:00,29.4,75,998.1,False,False,0.06352517789800638,0.053031936,0.28673562519014295,0.26041983571645877,0.27357773045330086,Low,False
2024-08-07 01:00:00,29.1,78,997.8,False,False,0.07023977673803206,0.029856928,0.1924247033769395,0.0839671432917554,0.13819592333434746,Low,False
2024-08-07 02:00:00,28.7,80,997.6,False,False,0.07351672316093749,0.012527978,0.15196227563127473,0.009278977791299057,0.08062062671128689,Low,False
2024-08-07 03:00:00,28.4,82,997.3,False,False,0.076045336368951,0.012542556,0.1253422573775479,0.009431092181320353,0.06738667477943412,Low,False
2024-08-07 04:00:00,28.2,83,997.5,False,False,0.08722597942385418,0.008104421,0.034682080924855474,0.001216915120170368,0.01794949802251292,Low,False
2024-08-07 05:00:00,27.9,85,997.8,False,False,0.084137452721396,0.009161194,0.054152722847581436,0.0021296014602981443,0.02814116215393979,Low,False
2024-08-07 06:00:00,28.5,84,998.3,False,False,0.07664888926195529,0.011858113,0.11940979616671732,0.007301490721022209,0.06335564344386976,Low,False
2024-08-07 07:00:00,29.1,83,998.4,False,False,0.0805067481460402,0.020784961,0.08153331305141465,0.03376939458472771,0.05765135381807118,Low,False
2024-08-07 08:00:00,30.2,80,998.9,False,False,0.06326739899582656,0.018765248,0.290842713720718,0.026772132643748097,0.15880742318223307,Low,False
2024-08-07 09:00:00,31.2,74,999.1,False,False,0.0678741443913849,0.021501431,0.2263462123516885,0.038028597505324,0.13218740492850625,Low,False
2024-08-07 10:00:00,32.1,73,999.5,False,False,0.060793533636151864,0.045703635,0.32506845147550956,0.2017036811682385,0.263386066321874,Low,False
2024-08-07 11:00:00,33.0,68,999.3,False,False,0.05528134345661895,0.025904637,0.3951931852753271,0.05993306966839063,0.22756312747185886,Low,False
2024-08-07 12:00:00,34.1,62,998.9,False,False,0.05127649900805392,0.019294726,0.4488895649528445,0.02859750532400365,0.23874353513842406,Low,False
2024-08-07 13:00:00,34.1,61,998.3,False,False,0.06238825568468859,0.01658787,0.30468512321265595,0.0191664131426833,0.16192576817766963,Low,False
2024-08-07 14:00:00,31.1,72,998.9,False,False,0.013562844764448967,0.1671355,0.8125950714937633,0.781107392759355,0.7968512321265592,Medium,False
2024-08-07 15:00:00,32.0,70,998.0,False,False,0.042305406506033205,0.0676803,0.5570428962579861,0.3614237906905993,0.4592333434742927,Low,False
2024-08-07 16:00:00,32.3,69,997.6,False,False,0.05473788488772641,0.009209058,0.4020383328262853,0.002433830240340736,0.20223608153331302,Low,False
2024-08-07 17:00:00,31.7,71,997.8,False,False,0.05221374029802056,0.024694234,0.4361119561910557,0.053696379677517496,0.2449041679342866,Low,False
2024-08-07 18:00:00,31.9,67,997.9,False,False,0.04805292380970949,0.081758484,0.4890477639184667,0.45193185275327047,0.4704898083358686,Low,False
2024-08-07 19:00:00,30.9,72,998.6,False,False,0.030594013537270037,0.23701298,0.6788865226650441,0.8921508974749012,0.7855187100699726,Medium,False
2024-08-07 20:00:00,30.5,73,999.2,False,False,0.046999458366752456,0.20343393,0.5036507453605111,0.8500152114390022,0.6768329783997566,Low,False
2024-08-07 21:00:00,30.2,74,1000.3,False,False,0.03506258922797728,0.29384845,0.6379677517493154,0.928049893519927,0.7830088226346212,Medium,False
2024-08-07 22:00:00,29.7,76,1000.7,False,False,0.03199415026159519,0.16892439,0.6653483419531487,0.7868877395801643,0.7261180407666565,Low,False
2024-08-07 23:00:00,29.2,78,1000.8,False,False,0.02889952094046494,0.1719172,0.6954669911773654,0.7940371159111652,0.7447520535442653,Low,False
2024-08-08 00:00:00,28.8,81,1000.7,False,False,0.050560369674404027,0.22129726,0.4560389412838455,0.8764831153027076,0.6662610282932766,Low,False
2024-08-08 01:00:00,28.4,84,1000.3,False,False,0.041330122582657225,0.16649154,0.5679951323395194,0.7791299056890781,0.6735625190142988,Low,False
2024-08-08 02:00:00,28.1,86,1000.2,False,False,0.05029772684264555,0.109757006,0.4592333434742927,0.5956799513233952,0.527456647398844,Low,False
2024-08-08 03:00:00,27.9,87,1000.2,False,False,0.06344340693032408,0.08886739,0.28795254031031337,0.4887435351384241,0.38834803772436877,Low,False
2024-08-08 04:00:00,27.8,88,1000.1,False,False,0.06436235634678855,0.0790463,0.27334955886826895,0.4350471554609066,0.3541983571645878,Low,False
2024-08-08 05:00:00,27.5,91,1000.4,False,False,0.06560379264150484,0.09919578,0.25722543352601157,0.5454822026163675,0.4013538180711895,Low,False
2024-08-08 06:00:00,27.7,89,1000.5,False,False,0.06859157613656786,0.061110105,0.2161545482202616,0.3168542744143596,0.2665044113173106,Low,False
2024-08-08 07:00:00,28.5,86,1001.2,False,False,0.06445183730908327,0.05150147,0.2716763005780347,0.25038028597505324,0.261028293276544,Low,False
2024-08-08 08:00:00,29.4,81,1001.8,False,False,0.06794121651340468,0.04437705,0.22558564040158202,0.19348950410708854,0.20953757225433528,Low,False
2024-08-08 09:00:00,30.2,79,1002.2,False,False,0.06385702485181405,0.056691423,0.2808031639793125,0.28795254031031337,0.2843778521448129,Low,False
2024-08-08 10:00:00,31.4,74,1001.9,False,False,0.05373318423862883,0.036512557,0.41588074231822325,0.13142683297839974,0.2736537876483115,Low,False
2024-08-08 11:00:00,32.5,70,1001.8,False,False,0.06197094406199577,0.025772396,0.3106175844234864,0.05871615454822026,0.18466686948585334,Low,False
2024-08-08 12:00:00,32.8,68,1001.4,False,False,0.05204521450514865,0.021142732,0.43900212960146034,0.03544265287496197,0.23722239123821115,Low,False
2024-08-08 13:00:00,33.3,67,1000.7,False,False,0.04017846087872712,0.014125043,0.5797079403711591,0.012625494371767569,0.29616671737146333,Low,False
2024-08-08 14:00:00,33.6,65,999.9,False,False,0.03395150283260617,0.012127391,0.6483115302707636,0.007909948281107393,0.3281107392759355,Low,False
2024-08-08 15:00:00,33.5,63,999.3,False,False,0.04769960599328171,0.0197066,0.4942196531791907,0.029966534834195317,0.262093094006693,Low,False
2024-08-08 16:00:00,33.3,65,998.8,False,False,0.04792575535395688,0.02005816,0.49148159415880743,0.030879221174323093,0.26118040766656525,Low,False
2024-08-08 17:00:00,32.2,70,999.0,False,False,0.05147642471045727,0.025022177,0.44584727715241856,0.05567386674779434,0.2507605719501065,Low,False
2024-08-08 18:00:00,32.1,69,1000.0,False,False,0.058147603088919975,0.21974081,0.357620930940067,0.8746577426224521,0.6161393367812595,Low,False
2024-08-08 19:00:00,30.8,78,1000.7,False,False,0.047430007088056114,0.15675272,0.4980225129297231,0.7557042896257986,0.6268634012777609,Low,False
2024-08-08 20:00:00,30.1,81,1001.4,False,False,0.061703655279280956,0.088304654,0.31365987222391234,0.48722239123821115,0.4004411317310618,Low,False
2024-08-08 21:00:00,29.7,80,1002.1,False,False,0.06511795785760555,0.098906495,0.2633100091268634,0.5430483723760268,0.4031791907514451,Low,False
2024-08-08 22:00:00,29.3,80,1002.5,False,False,0.06436075626863258,0.07813443,0.2735016732582902,0.43033160937024645,0.35191664131426836,Low,False
2024-08-08 23:00:00,28.9,81,1002.6,False,False,0.052979664076665156,0.09749003,0.42363857620930945,0.5352905384849407,0.47946455734712506,Low,False
2024-08-09 00:00:00,28.6,83,1002.4,False,False,0.062256048327059665,0.13550013,0.3069668390629754,0.6954669911773653,0.5012169151201704,Low,False
2024-08-09 01:00:00,28.3,85,1002.1,False,False,0.06596359980938732,0.09629904,0.25296623060541523,0.5296623060541528,0.391314268329784,Low,False
2024-08-09 02:00:00,28.0,88,1002.0,False,False,0.07608270466526318,0.07350599,0.12503802859750535,0.3999087313659872,0.26247337998174625,Low,False
2024-08-09 03:00:00,27.7,89,1002.1,False,False,0.08388253557627973,0.054365467,0.05567386674779429,0.27228475813811986,0.16397931244295708,Low,False
2024-08-09 04:00:00,27.5,90,1002.3,False,False,0.08194722878109312,0.0510219,0.06890781867964713,0.24672954061454214,0.15781867964709462,Low,False
2024-08-09 05:00:00,26.8,93,1002.9,False,False,0.05911176455306055,0.08532518,0.34560389412838455,0.4730757529662306,0.4093398235473076,Low,False
2024-08-09 06:00:00,27.3,90,1003.0,False,False,0.07880403895814314,0.047273885,0.09598418010343779,0.21676300578034682,0.1563735929418923,Low,False
2024-08-09 07:00:00,27.8,87,1003.4,False,False,0.07998454381238745,0.037910808,0.08518405841192578,0.14268329783997566,0.11393367812595072,Low,False
2024-08-09 08:00:00,28.6,82,1003.9,False,False,0.07515205598234614,0.04085017,0.13310009126863398,0.16915120170368117,0.15112564648615756,Low,False
2024-08-09 09:00:00,30.1,75,1004.2,False,False,0.059730726109051724,0.037448928,0.33784606023729846,0.13888043808944325,0.23836324916337087,Low,False
2024-08-09 10:00:00,31.3,71,1003.8,False,False,0.06700124201915869,0.029780941,0.2371463340432005,0.08320657134164892,0.16017645269242473,Low,False
2024-08-09 11:00:00,32.5,67,1003.2,False,False,0.059200758170905976,0.015487455,0.34423486461819286,0.016276239732278673,0.18025555217523576,Low,False
2024-08-09 12:00:00,33.3,65,1002.4,False,False,0.05602286107716242,0.019373382,0.3866747794341344,0.028749619714024947,0.2077121995740797,Low,False
2024-08-09 13:00:00,33.7,63,1001.9,False,False,0.06306997049487484,0.032573495,0.29388500152114394,0.10054761180407666,0.1972163066626103,Low,False
2024-08-09 14:00:00,34.2,60,1001.2,False,False,0.05677238073830748,0.038419258,0.37572254335260113,0.14557347125038028,0.26064800730149074,Low,False
2024-08-09 15:00:00,34.2,58,1000.3,False,False,0.04066689379487459,0.04815608,0.5749923942804989,0.22299969577121995,0.3989960450258594,Low,False
2024-08-09 16:00:00,33.7,60,999.5,False,False,0.04493998446031272,0.06574057,0.5258594463036204,0.34986309704898083,0.4378612716763006,Low,False
2024-08-09 17:00:00,33.2,61,999.7,False,False,0.05654775516271854,0.05788668,0.3798296318831762,0.29571037420139945,0.3377700030422878,Low,False
2024-08-09 18:00:00,32.0,67,1000.5,False,False,0.04594244933973379,0.055581648,0.5144508670520231,0.27973836324916335,0.39709461515059324,Low,False
2024-08-09 19:00:00,31.0,74,1001.3,False,False,0.06306608657773355,0.04746391,0.2940371159111652,0.21813203529053848,0.25608457560085185,Low,False
2024-08-09 20:00:00,30.5,77,1001.3,False,False,0.07840641287098282,0.03312795,0.09872223912382116,0.10435047155460907,0.10153635533921512,Low,False
2024-08-09 21:00:00,30.1,79,1001.8,False,False,0.08135298734694751,0.037674576,0.07316702160024335,0.14085792515972012,0.10701247337998174,Low,False
2024-08-09 22:00:00,29.6,79,1002.1,False,False,0.07844847178518488,0.037521463,0.09811378156373596,0.13964101003954973,0.11887739580164285,Low,False
2024-08-09 23:00:00,29.2,80,1002.6,False,False,0.06302804894225905,0.03683937,0.29494980225129297,0.1341648919987831,0.21455734712503804,Low,False
2024-08-10 00:00:00,29.0,80,1002.5,False,False,0.08600412439457322,0.0453091,0.04213568603589901,0.19972619409796166,0.12093094006693034,Low,False
2024-08-10 01:00:00,28.6,82,1002.0,False,False,0.08198178037357057,0.030185917,0.06860358989960447,0.08670520231213873,0.0776543961058716,Low,False
2024-08-10 02:00:00,28.2,84,1001.6,False,False,0.08310872381982154,0.010487088,0.06069364161849711,0.004411317310617584,0.032552479464557346,Low,False
2024-08-10 03:00:00,28.0,86,1001.9,False,False,0.09175810234226206,0.026848208,0.014907210222086964,0.06616975965926376,0.040538484940675364,Low,False
2024-08-10 04:00:00,27.6,89,1002.1,False,False,0.08924516044471292,0.017839704,0.02479464557347122,0.023881959233343474,0.02433830240340735,Low,False
2024-08-10 05:00:00,27.3,91,1002.0,False,False,0.08912316228614092,0.016933814,0.025250988743535152,0.02099178582293885,0.023121387283237003,Low,False
2024-08-10 06:00:00,28.2,83,1001.8,False,False,0.07873889077086255,0.058819193,0.09628840888348034,0.3010343778521448,0.19866139336781258,Low,False
2024-08-10 07:00:00,28.7,80,1002.1,False,False,0.0969474798172334,0.015558623,0.0034986309704898577,0.016580468512321266,0.010039549741405562,Low,False
2024-08-10 08:00:00,29.8,77,1002.3,False,False,0.09538972065905826,0.010526123,0.005476118040766642,0.004563431700638881,0.005019774870702761,Low,False
2024-08-10 09:00:00,31.0,74,1002.4,False,False,0.09141626961417526,0.014557618,0.016732582902342585,0.013386066321874049,0.015059324612108318,Low,False
2024-08-10 10:00:00,32.4,70,1002.3,False,False,0.07746704480955474,0.0141320005,0.11013081837541827,0.012777608761788866,0.06145421356860357,Low,False
2024-08-10 11:00:00,33.6,64,1001.9,False,False,0.06561581914863213,0.013623558,0.256921204745969,0.012169151201703681,0.13454517797383636,Low,False
2024-08-10 12:00:00,34.5,61,1001.2,False,False,0.060634186982315375,0.011100223,0.32780651049589293,0.005932461210830545,0.16686948585336173,Low,False
2024-08-10 13:00:00,35.2,59,1000.3,False,False,0.04603788439145051,0.012062644,0.5132339519318527,0.007757833891086097,0.2604958929114694,Low,False
2024-08-10 14:00:00,35.6,57,999.2,False,False,0.039505700502345475,0.030057069,0.5882263462123517,0.08594463036203225,0.337085488287192,Low,False
2024-08-10 15:00:00,35.6,57,998.2,False,False,0.04307092573028143,0.072473355,0.5483723760267721,0.39519318527532704,0.4717827806510496,Low,False
2024-08-10 16:00:00,34.8,58,997.6,False,False,0.04611914940818429,0.104225524,0.5121691512017037,0.5687557042896259,0.5404624277456648,Low,False
2024-08-10 17:00:00,33.3,62,998.2,False,False,0.048198368752635334,0.07788504,0.4873745056282325,0.42896257986005476,0.45816854274414365,Low,False
2024-08-10 18:00:00,33.3,65,999.1,False,False,0.05672333745851316,0.1870136,0.37693945847277155,0.8259811378156373,0.6014602981442044,Low,False
2024-08-10 19:00:00,29.1,80,1001.2,True,False,-0.00974721905007625,0.22674428,0.9231822330392455,0.8799817462731975,0.9015819896562215,High,True
2024-08-10 20:00:00,27.3,89,1001.0,False,False,0.037184023352745954,0.09251766,0.614085792515972,0.5085184058411926,0.5613020991785822,Low,False
2024-08-10 21:00:00,27.1,91,1001.0,False,False,0.06456700322579495,0.16677757,0.27076361423790696,0.780042592029206,0.5254031031335564,Low,False
2024-08-10 22:00:00,26.9,91,1000.9,False,False,0.06196279299936153,0.22035237,0.3109218132035291,0.8752662001825373,0.5930940066930332,Low,False
2024-08-10 23:00:00,26.6,91,1000.4,False,True,0.03701899852100915,0.33104825,0.6160632795862488,0.946607849102525,0.7813355643443869,Medium,True
2024-08-11 00:00:00,26.5,92,1000.2,False,False,0.06658458118167948,0.04373722,0.24262245208396716,0.18907818679647095,0.21585031944021904,Low,False
2024-08-11 01:00:00,26.5,92,1000.2,False,False,0.068231141146682,0.053214926,0.22102220870094313,0.2623973227867356,0.24170976574383937,Low,False
2024-08-11 02:00:00,25.8,94,1000.5,False,False,0.06948433055631031,0.057273045,0.20246425311834504,0.29175540006084577,0.2471098265895954,Low,False
2024-08-11 03:00:00,25.3,96,1000.8,False,False,0.0708999268952562,0.06336186,0.18512321265591725,0.3328262853665957,0.2589747490112565,Low,False
2024-08-11 04:00:00,25.8,93,1000.3,False,False,0.06418333051531566,0.14949524,0.2768481898387587,0.7365378764831153,0.506693033160937,Low,False
2024-08-11 05:00:00,25.6,95,999.8,False,False,0.06630771327785978,0.13673866,0.2467295406145421,0.6986613933678126,0.47269546699117737,Low,False
2024-08-11 06:00:00,27.1,95,999.4,False,False,0.059420221005117346,0.23398244,0.34180103437785214,0.8878916945543048,0.6148463644660784,Low,False
2024-08-11 07:00:00,28.2,91,999.6,False,False,0.07144798411443515,0.18911844,0.1776696075448737,0.8294797687861272,0.5035746881655004,Low,False
2024-08-11 08:00:00,29.7,85,999.3,False,False,0.06431916806936971,0.22393979,0.27456647398843925,0.8786127167630058,0.5765895953757225,Low,False
2024-08-11 09:00:00,31.3,77,1000.4,False,False,0.04505291630984337,0.2818161,0.5247946455734713,0.9227258898691816,0.7237602677213264,Low,False
2024-08-11 10:00:00,29.2,79,1001.5,False,True,0.032976504831044307,0.38316688,0.6563735929418923,0.9624277456647399,0.8094006693033161,Medium,True
2024-08-11 11:00:00,27.7,87,1000.2,False,False,0.024640363298912615,0.3011961,0.7369942196531791,0.9317006388804381,0.8343474292668086,Medium,False
2024-08-11 12:00:00,29.9,78,999.8,False,False,0.048317292483565866,0.15324074,0.4860054761180408,0.7447520535442653,0.6153787648311531,Low,False
2024-08-11 13:00:00,31.4,73,999.5,False,False,0.05530352801083821,0.110300735,0.39488895649528444,0.598113781563736,0.4965013690295102,Low,False
2024-08-11 14:00:00,32.4,69,998.5,False,False,0.03363027699117488,0.1245457,0.6502890173410405,0.6571341648919988,0.6537115911165197,Low,False
2024-08-11 15:00:00,32.7,69,997.4,False,False,0.030565651552932838,0.11678056,0.6790386370550654,0.6262549437176756,0.6526467903863705,Low,False
2024-08-11 16:00:00,32.7,68,997.2,False,False,0.049363578139416886,0.08015444,0.47155460906601765,0.44113173106175846,0.456343170063888,Low,False
2024-08-11 17:00:00,31.0,75,997.6,False,False,0.030855870973724775,0.06066321,0.6764526924247034,0.31350775783389107,0.49498022512929724,Low,False
2024-08-11 18:00:00,30.7,73,999.5,False,True,0.03672745790032156,0.655477,0.6188013386066322,0.9930027380590204,0.8059020383328264,Medium,True
2024-08-11 19:00:00,29.4,78,1000.1,False,False,0.050038588415096175,0.06891928,0.4627319744447824,0.36826893824155765,0.41550045634317,Low,False
2024-08-11 20:00:00,28.8,81,1000.5,False,False,0.06302125691153343,0.044891395,0.29510191664131424,0.19653179190751446,0.24581685427441435,Low,False
2024-08-11 21:00:00,28.4,84,1000.9,False,False,0.0609046774796414,0.051068455,0.3240036507453605,0.24749011256464862,0.28574688165500456,Low,False
2024-08-11 22:00:00,28.1,85,1001.0,False,False,0.06370193855989248,0.06234065,0.283693337389717,0.3249163370854883,0.30430483723760265,Low,False
2024-08-11 23:00:00,27.5,85,1000.9,False,False,0.05172537947932454,0.10546858,0.44402190447216305,0.5757529662306055,0.5098874353513843,Low,False
2024-08-12 00:00:00,27.1,84,1001.0,False,False,0.06832449006285601,0.108714946,0.21904472163066624,0.5915728627928202,0.4053087922117432,Low,False
2024-08-12 01:00:00,26.9,86,1000.7,False,False,0.06496690573235009,0.08105787,0.26559172497718286,0.4473684210526316,0.35648007301490725,Low,False
2024-08-12 02:00:00,26.7,87,1000.7,False,False,0.06920075272565052,0.06287241,0.2058107696988135,0.3284149680559781,0.2671128688773958,Low,False
2024-08-12 03:00:00,26.5,89,1000.8,False,False,0.06940131970849683,0.06597797,0.20383328262853662,0.3521448128993003,0.2779890477639184,Low,False
2024-08-12 04:00:00,26.3,90,1001.2,False,False,0.06929290141420541,0.07239193,0.20489808335868576,0.3939762701551567,0.2994371767569212,Low,False
2024-08-12 05:00:00,26.1,92,1001.6,False,False,0.060541219702847815,0.07746979,0.3285670824459994,0.42515972010952235,0.37686340127776086,Low,False
2024-08-12 06:00:00,26.5,89,1002.5,False,False,0.048894627071370766,0.09124402,0.4782476422269547,0.5018253726802555,0.4900365074536051,Low,False
2024-08-12 07:00:00,26.5,87,1002.7,False,False,0.059928390760827455,0.13795619,0.33541222999695774,0.7030727106784301,0.5192424703376939,Low,False
2024-08-12 08:00:00,27.6,83,1002.8,False,False,0.06213036806012967,0.0754158,0.30848798296318836,0.4120778825676909,0.36028293276543966,Low,False
2024-08-12 09:00:00,29.0,79,1003.1,False,False,0.04806591464995058,0.0669748,0.48874353513842406,0.3576209309400669,0.4231822330392455,Low,False
2024-08-12 10:00:00,30.7,73,1002.9,False,False,0.039537993000859806,0.05907445,0.5874657742622452,0.30346820809248554,0.4454669911773654,Low,False
2024-08-12 11:00:00,31.4,70,1002.8,False,False,0.054963941142607664,0.052367833,0.3996045025859446,0.2564648615759051,0.32803468208092484,Low,False
2024-08-12 12:00:00,32.2,68,1002.0,False,False,0.036386933320881665,0.037697546,0.6213872832369942,0.1410100395497414,0.3811986613933678,Low,False
2024-08-12 13:00:00,33.0,66,1001.2,False,False,0.04076024864828398,0.039099663,0.5736233647703073,0.1522665044113173,0.3629449345908123,Low,False
2024-08-12 14:00:00,33.2,65,1000.4,False,False,0.046574169784535435,0.048454657,0.5076057195010648,0.2248250684514755,0.3662153939762702,Low,False
2024-08-12 15:00:00,33.3,64,999.5,False,False,0.03997386409222192,0.06771051,0.5830544569516276,0.36157590508062065,0.47231518101612413,Low,False
2024-08-12 16:00:00,32.6,66,999.1,False,False,0.05173230471116208,0.041612834,0.44356556130209923,0.17356251901429876,0.308564040158199,Low,False
2024-08-12 17:00:00,30.3,80,999.4,False,False,0.007346021813396997,0.08590474,0.849406753878917,0.4762701551566778,0.6628384545177974,Low,False
2024-08-12 18:00:00,31.5,69,1000.2,False,True,0.03988673529199399,0.37013745,0.5844234864618193,0.9577121995740797,0.7710678430179495,Medium,True
2024-08-12 19:00:00,30.5,76,1000.7,False,False,0.05693167960070644,0.057435278,0.37298448433221787,0.29251597201095225,0.33275022817158506,Low,False
2024-08-12 20:00:00,29.8,79,1001.3,False,False,0.0667247218288412,0.039817967,0.24094919379373292,0.1600243383024034,0.20048676604806814,Low,False
2024-08-12 21:00:00,29.3,81,1002.0,False,False,0.06645008681519193,0.048806854,0.24399148159415884,0.22801947064192274,0.2360054761180408,Low,False
2024-08-12 22:00:00,28.9,81,1002.5,False,False,0.07168233580353311,0.04583601,0.17371463340432003,0.20322482506845146,0.18846972923638575,Low,False
2024-08-12 23:00:00,28.3,84,1002.7,False,False,0.053461192449336836,0.07275099,0.4181624581685427,0.3971706723456039,0.4076665652570733,Low,False
2024-08-13 00:00:00,27.8,87,1002.7,False,False,0.06876093923803622,0.10678664,0.21402494675996353,0.5825981137815638,0.39831153027076366,Low,False
2024-08-13 01:00:00,27.6,86,1002.5,False,False,0.07738341239294722,0.06515379,0.11134773349558869,0.34666869485853363,0.22900821417706116,Low,False
2024-08-13 02:00:00,27.3,87,1002.7,False,False,0.07998118836670226,0.061994568,0.08533617280194705,0.3233951931852753,0.2043656829936112,Low,False
2024-08-13 03:00:00,27.0,89,1002.5,False,False,0.08354436053672254,0.05171399,0.05825981137815639,0.2523577730453301,0.15530879221174324,Low,False
2024-08-13 04:00:00,26.8,90,1002.7,False,False,0.08502921870990948,0.03754796,0.04882871919683607,0.13994523881959234,0.0943869790082142,Low,False
2024-08-13 05:00:00,26.5,91,1002.8,False,False,0.0848005739842182,0.037494134,0.05111043504715551,0.13933678125950716,0.09522360815333133,Low,False
2024-08-13 06:00:00,27.1,93,1003.3,False,False,0.06967273439139471,0.050704934,0.19942196531791911,0.2435351384240949,0.221478551871007,Low,False
2024-08-13 07:00:00,27.9,89,1003.5,False,False,0.07850887438501869,0.03891991,0.09796166717371468,0.15013690295101917,0.12404928506236693,Low,False
2024-08-13 08:00:00,29.2,82,1003.8,False,False,0.08137875783273374,0.022746358,0.0728627928202008,0.04365682993611195,0.058259811378156376,Low,False
2024-08-13 09:00:00,30.4,75,1004.4,False,False,0.057762734067164256,0.06686022,0.3637055065409188,0.35686035898996044,0.36028293276543966,Low,False
2024-08-13 10:00:00,31.3,73,1004.5,False,False,0.062312331927346754,0.04633999,0.30590203833282625,0.209157286279282,0.2575296623060541,Low,False
2024-08-13 11:00:00,31.1,72,1004.3,False,False,0.07017100273242222,0.05335856,0.1930331609370246,0.26361423790690597,0.2283236994219653,Low,False
2024-08-13 12:00:00,30.8,73,1003.8,False,False,0.06736758923682246,0.05569239,0.23288713112260417,0.28080316397931243,0.25684514755095833,Low,False
2024-08-13 13:00:00,30.7,76,1002.6,False,True,0.0511507086616923,0.43233603,0.4501064800730149,0.9714024946759964,0.7107544873745056,Low,True
2024-08-13 14:00:00,31.4,73,1001.8,False,False,0.051405902450276264,0.073527314,0.44660784910252505,0.40006084575600853,0.4233343474292668,Low,False
2024-08-13 15:00:00,32.2,68,1000.9,False,False,0.03290345883615725,0.112700775,0.6577426224520839,0.6083054456951628,0.6330240340736233,Low,False
2024-08-13 16:00:00,32.4,67,1000.3,False,False,0.04455048199666861,0.0862928,0.5310313355643443,0.4779434134469121,0.5044873745056282,Low,False
2024-08-13 17:00:00,32.2,67,1000.2,False,False,0.061835093558700704,0.076640874,0.3125950714937633,0.419835716458777,0.3662153939762701,Low,False
2024-08-13 18:00:00,30.2,78,1001.5,False,False,0.005736139678125307,0.21152979,0.858685731670216,0.8623364770307271,0.8605111043504716,Medium,False
2024-08-13 19:00:00,29.5,82,1002.0,False,False,0.06289727469119022,0.04019693,0.2967751749315485,0.16306662610282932,0.2299209005171889,Low,False
2024-08-13 20:00:00,29.1,83,1002.6,False,False,0.06902305314249968,0.046721116,0.2090051718892607,0.21219957407970794,0.2106023729844843,Low,False
2024-08-13 21:00:00,28.8,85,1003.2,False,False,0.05954564781932048,0.04050631,0.33982354730757525,0.1648919987830849,0.2523577730453301,Low,False
2024-08-13 22:00:00,28.4,88,1003.3,False,False,0.060679290876449854,0.06013658,0.3271980529358077,0.3094006693033161,0.3182993611195619,Low,False
2024-08-13 23:00:00,28.4,87,1003.3,False,False,0.05526531896449599,0.067388214,0.3958016428354122,0.3594463036203225,0.37762397322786734,Low,False
2024-08-14 00:00:00,28.3,87,1003.3,False,False,0.0710584772539537,0.07841469,0.18299361119561908,0.4317006388804381,0.3073471250380286,Low,False
2024-08-14 01:00:00,28.1,87,1003.1,False,False,0.0716821102441621,0.059584904,0.1738667477943413,0.30681472467295406,0.24034073623364768,Low,False
2024-08-14 02:00:00,27.8,89,1002.8,False,False,0.06416822774794695,0.047003966,0.27715241861880135,0.21539397627015516,0.24627319744447826,Low,False
2024-08-14 03:00:00,27.5,92,1002.6,False,False,0.06803671086987645,0.040245436,0.2243687252814116,0.16352296927289323,0.19394584727715242,Low,False
2024-08-14 04:00:00,27.3,93,1002.5,False,False,0.06962744563077711,0.030837314,0.19972619409796166,0.08989960450258594,0.1448128993002738,Low,False
2024-08-14 05:00:00,27.1,93,1002.7,False,False,0.08083442630446308,0.037270196,0.0792515972010952,0.13705506540918772,0.10815333130514146,Low,False
2024-08-14 06:00:00,28.3,88,1003.8,False,False,0.048729627183297486,0.102990896,0.4802251292972315,0.5629753574688166,0.521600243383024,Low,False
2024-08-14 07:00:00,29.0,84,1004.7,False,False,0.06056262378423788,0.09554514,0.32826285366595676,0.5261636750836629,0.42721326437480983,Low,False
2024-08-14 08:00:00,30.2,80,1004.8,False,False,0.07831695961214241,0.051524315,0.1003954974140554,0.25068451475509584,0.17554000608457562,Low,False
2024-08-14 09:00:00,31.3,74,1004.9,False,False,0.05817388518424371,0.06520311,0.35716458777000304,0.3472771524186188,0.3522208700943109,Low,False
2024-08-14 10:00:00,32.2,69,1004.5,False,False,0.05737155416965123,0.045794554,0.368421052631579,0.2030727106784302,0.2857468816550046,Low,False
2024-08-14 11:00:00,32.7,66,1004.4,False,False,0.06720261975059416,0.06963274,0.2347125038028598,0.37237602677213266,0.30354426528749623,Low,False
2024-08-14 12:00:00,32.8,66,1003.6,False,False,0.05978340614981337,0.037656613,0.337085488287192,0.14055369637967752,0.23881959233343475,Low,False
2024-08-14 13:00:00,33.2,66,1002.5,False,False,0.046842143542312975,0.041815646,0.5048676604806814,0.1746273197444478,0.3397474901125646,Low,False
2024-08-14 14:00:00,33.3,64,1001.6,False,False,0.05361098210096438,0.03548315,0.4167934286583511,0.12366899908731366,0.2702312138728324,Low,False
2024-08-14 15:00:00,33.0,66,1000.9,False,False,0.05822689570337214,0.05222973,0.3562519014298753,0.2560085184058412,0.3061302099178582,Low,False
2024-08-14 16:00:00,33.0,66,1000.5,False,False,0.0669870069957118,0.06058368,0.23760267721326433,0.3128993002738059,0.27525098874353515,Low,False
2024-08-14 17:00:00,32.5,68,1000.4,False,False,0.06742671518201088,0.048637483,0.23121387283236994,0.22619409796166717,0.22870398539701856,Low,False
2024-08-14 18:00:00,32.1,66,1001.2,False,False,0.06605635424065914,0.21103814,0.2511408579251597,0.8614237906905994,0.5562823243078796,Low,False
2024-08-14 19:00:00,31.5,68,1001.6,False,False,0.0750636956700344,0.04311708,0.1337085488287192,0.18481898387587467,0.15926376635229694,Low,False
2024-08-14 20:00:00,30.5,78,1001.9,False,False,0.0608459892319993,0.06545666,0.3243078795254031,0.34849406753878914,0.3364009735320961,Low,False
2024-08-14 21:00:00,30.3,75,1002.5,False,False,0.07584631066860753,0.12291274,0.12792820200791,0.6513538180711895,0.38964101003954976,Low,False
2024-08-14 22:00:00,29.8,77,1002.7,False,False,0.07821366254190798,0.032187786,0.10191664131426836,0.09826589595375723,0.1000912686340128,Low,False
2024-08-14 23:00:00,29.4,78,1002.9,False,False,0.06508458474426276,0.046232086,0.26376635229692724,0.20763614237906905,0.23570124733799813,Low,False
2024-08-15 00:00:00,29.1,80,1002.7,False,False,0.07964632940799532,0.056600366,0.08731365987222395,0.28703985397018555,0.18717675692120475,Low,False
2024-08-15 01:00:00,28.8,82,1002.3,False,False,0.07923590501561073,0.035198674,0.09294189230301186,0.12077882567690904,0.10686035898996045,Low,False
2024-08-15 02:00:00,28.5,85,1002.0,False,False,0.07468172546990892,0.026474653,0.1393367812595071,0.06327958624885914,0.10130818375418313,Low,False
2024-08-15 03:00:00,28.2,87,1002.1,False,False,0.0836303769404842,0.032040305,0.05719501064800725,0.09796166717371463,0.07757833891086094,Low,False
2024-08-15 04:00:00,28.1,87,1002.1,False,False,0.08445993140391755,0.03202793,0.05247946455734709,0.09765743839367204,0.07506845147550956,Low,False
2024-08-15 05:00:00,27.8,89,1002.3,False,False,0.07721120605476461,0.036849994,0.11408579251597206,0.13446912077882567,0.12427745664739887,Low,False
2024-08-15 06:00:00,28.4,85,1002.8,False,False,0.07908109108663397,0.050967403,0.09385457864313962,0.24657742622452083,0.17021600243383023,Low,False
2024-08-15 07:00:00,28.6,85,1003.3,False,False,0.0857375189132451,0.04135631,0.04426528749619718,0.1717371463340432,0.10800121691512019,Low,False
2024-08-15 08:00:00,29.3,82,1003.9,False,False,0.07822917162589421,0.04385286,0.1016124125342257,0.1902951019166413,0.14595375722543352,Low,False
2024-08-15 09:00:00,30.4,79,1003.3,False,False,0.0677254408876502,0.08901961,0.22862792820200795,0.4902646790386371,0.3594463036203225,Low,False
2024-08-15 10:00:00,31.6,75,1003.8,False,False,0.07108482425462176,0.062462654,0.18238515363553387,0.3255247946455735,0.2539549741405537,Low,False
2024-08-15 11:00:00,31.9,72,1003.3,False,False,0.06493445084462274,0.05724115,0.26635229692728934,0.29145117128080317,0.2789017341040463,Low,False
2024-08-15 12:00:00,31.7,74,1001.9,False,False,0.03583632451924823,0.13316861,0.6297535746881655,0.6890781867964709,0.6594158807423183,Low,False
2024-08-15 13:00:00,32.9,68,1001.3,False,False,0.04017629148191593,0.026428975,0.5798600547611804,0.06297535746881655,0.3214177061149985,Low,False
2024-08-15 14:00:00,33.6,64,1000.7,False,False,0.03820159262008038,0.035707038,0.6040462427745665,0.12519014298752662,0.3646181928810466,Low,False
2024-08-15 15:00:00,33.3,64,1000.0,False,False,0.04285501010516557,0.039307926,0.5508062062671129,0.15470033465165806,0.3527532704593854,Low,False
2024-08-15 16:00:00,33.2,64,999.4,False,False,0.04624223415980583,0.06836564,0.5104958929114694,0.36507453605111045,0.43778521448128993,Low,False
2024-08-15 17:00:00,31.0,73,999.7,False,False,0.021399216350769967,0.070232496,0.7613325220565865,0.37587465774262246,0.5686035898996045,Low,False
2024-08-15 18:00:00,31.4,74,999.4,False,False,0.04261179895279105,0.14665334,0.5530879221174323,0.7275631274718588,0.6403255247946456,Low,False
2024-08-15 19:00:00,30.4,79,1000.2,False,False,0.039908502799851975,0.11532672,0.5838150289017341,0.6209309400669303,0.6023729844843322,Low,False
2024-08-15 20:00:00,29.5,83,1001.0,False,False,0.0454362150272099,0.084893495,0.5206875570428963,0.4694250076057195,0.4950562823243079,Low,False
2024-08-15 21:00:00,28.8,84,1001.7,False,False,0.04749692254380106,0.061429948,0.4968055978095528,0.3200486766048068,0.4084271372071798,Low,False
2024-08-15 22:00:00,28.5,85,1001.8,False,False,0.05931148626727545,0.05928846,0.3433221782780651,0.3048372376026772,0.32407970794037116,Low,False
2024-08-15 23:00:00,28.2,87,1001.3,False,False,0.036694632981657815,0.1875717,0.6192576817766962,0.8264374809857012,0.7228475813811988,Low,False
2024-08-16 00:00:00,28.0,88,1001.7,False,False,0.059305709029175924,0.075098544,0.3434742926680864,0.41086096744752054,0.37716763005780346,Low,False
2024-08-16 01:00:00,27.9,88,1000.8,False,False,0.05143897108233558,0.06579384,0.4463036203224825,0.3503194402190447,0.3983115302707636,Low,False
2024-08-16 02:00:00,27.7,89,1000.4,False,False,0.0635626604352052,0.03193241,0.2858229388500152,0.09613629449345908,0.19097961667173713,Low,False
2024-08-16 03:00:00,27.5,91,1000.3,False,False,0.0678326607744767,0.036631756,0.22710678430179498,0.13279586248859143,0.1799513233951932,Low,False
2024-08-16 04:00:00,27.3,92,1000.6,False,False,0.07884668836888536,0.047558196,0.09552783693337386,0.21919683602068757,0.1573623364770307,Low,False
2024-08-16 05:00:00,26.4,95,1001.0,False,False,0.06610283553059293,0.032426063,0.2499239428049893,0.10024338302403407,0.1750836629145117,Low,False
2024-08-16 06:00:00,28.1,89,1001.6,False,False,0.06803780791501635,0.046353456,0.22421661089139033,0.2093094006693033,0.21676300578034682,Low,False
2024-08-16 07:00:00,28.4,88,1002.0,False,False,0.08442700642159495,0.019194541,0.05278369333738975,0.02829327654396106,0.040538484940675405,Low,False
2024-08-16 08:00:00,28.0,88,1002.7,False,False,0.08166805738798533,0.05753717,0.07073319135990264,0.29342865835108,0.18208092485549132,Low,False
2024-08-16 09:00:00,28.5,87,1002.2,False,False,0.07349219368287696,0.0705654,0.15241861880133856,0.3786127167630058,0.26551566778217217,Low,False
2024-08-16 10:00:00,30.1,81,1001.9,False,False,0.07201608057932546,0.019690484,0.16869485853361732,0.029814420444174018,0.09925463948889567,Low,False
2024-08-16 11:00:00,31.6,77,1001.6,False,False,0.06809906347216943,0.016165707,0.22299969577121992,0.018101612412534225,0.12055065409187707,Low,False
2024-08-16 12:00:00,32.7,73,1001.1,False,False,0.06070322581805643,0.010930413,0.3267417097657438,0.0056282324307879526,0.16618497109826588,Low,False
2024-08-16 13:00:00,33.1,71,1000.1,False,False,0.038070415560700066,0.02326177,0.6061758442348646,0.046242774566473986,0.3262093094006693,Low,False
2024-08-16 14:00:00,32.9,71,998.9,False,False,0.04092255475183698,0.06793285,0.5727106784301794,0.362792820200791,0.46775174931548524,Low,False
2024-08-16 15:00:00,30.8,76,998.6,False,False,0.02797034568078638,0.026527671,0.7056586553087922,0.06373592941892303,0.38469729236385763,Low,False
2024-08-16 16:00:00,28.9,86,998.0,True,False,-0.0019479600219023396,0.053129844,0.8938241557651354,0.26178886522665046,0.5778065104958929,Low,True
2024-08-16 17:00:00,29.6,83,998.7,False,False,0.04264766616463722,0.25933504,0.5527836933373897,0.9099482811073928,0.7313659872223912,Low,False
2024-08-16 18:00:00,27.4,93,999.8,True,False,-0.02225084511991149,0.16354614,0.957864313964101,0.7725889869181625,0.8652266504411317,Medium,True
2024-08-16 19:00:00,27.3,95,999.7,False,False,0.04534231977528941,0.09109739,0.5214481289930027,0.5009126863401278,0.5111804076665653,Low,False
2024-08-16 20:00:00,26.9,95,1000.8,False,False,0.039028360016075514,0.11929382,0.5935503498630971,0.6373592941892303,0.6154548220261638,Low,False
2024-08-16 21:00:00,26.7,94,1001.9,False,False,0.037581864027322165,0.10506121,0.6102829327654395,0.5733191359902646,0.5918010343778521,Low,False
2024-08-16 22:00:00,26.0,96,1002.9,False,False,0.021164729725157816,0.07380937,0.7631578947368421,0.40219044721630665,0.5826741709765744,Low,False
2024-08-16 23:00:00,26.2,96,1002.9,False,False,0.029607406363642508,0.13678534,0.6883176148463644,0.6992698509278977,0.6937937328871311,Low,False
2024-08-17 00:00:00,26.1,96,1002.6,False,False,0.037278116095556535,0.14851926,0.6127167630057804,0.7342561606327959,0.6734864618192882,Low,False
2024-08-17 01:00:00,26.4,95,1002.4,False,False,0.050100318079342065,0.113079466,0.4621235168846973,0.6113477334955887,0.536735625190143,Low,False
2024-08-17 02:00:00,26.4,96,1002.0,False,False,0.0521131432619108,0.1125852,0.4379373288713112,0.6075448737450563,0.5227411013081837,Low,False
2024-08-17 03:00:00,26.3,96,1001.8,False,False,0.06957932864117744,0.0770628,0.20109522360815335,0.4225737754791603,0.31183449954365683,Low,False
2024-08-17 04:00:00,26.3,96,1002.1,False,False,0.06739146077778241,0.063465364,0.2321265591724977,0.3332826285366596,0.28270459385457863,Low,False
2024-08-17 05:00:00,26.2,95,1002.7,False,False,0.0583694798964286,0.08317143,0.35381807118953457,0.4587770003042288,0.40629753574688166,Low,False
2024-08-17 06:00:00,26.4,93,1003.2,False,False,0.058454426729351916,0.106780514,0.3521448128993002,0.5824459993915424,0.4672954061454213,Low,False
2024-08-17 07:00:00,26.9,92,1003.8,False,False,0.056848468417264764,0.13416846,0.37450562823243083,0.691664131426833,0.5330848798296319,Low,False
2024-08-17 08:00:00,27.6,88,1003.9,False,False,0.05409959002832465,0.06513588,0.410556738667478,0.34636446607849103,0.3784606023729845,Low,False
2024-08-17 09:00:00,28.8,81,1004.3,False,False,0.04081388289608717,0.07403152,0.5733191359902647,0.40355947672649833,0.4884393063583815,Low,False
2024-08-17 10:00:00,29.9,75,1004.8,False,False,0.030720020559035388,0.11662876,0.6776696075448738,0.6254943717675692,0.6515819896562215,Low,False
2024-08-17 11:00:00,30.7,70,1004.5,False,False,0.034783517267524766,0.055046238,0.6410100395497413,0.2763918466686949,0.4587009431092181,Low,False
2024-08-17 12:00:00,31.5,67,1003.9,False,False,0.03206938960929706,0.03541544,0.6641314268329783,0.12245208396714329,0.3932917554000608,Low,False
2024-08-17 13:00:00,32.2,64,1003.0,False,False,0.028358166357616454,0.03874913,0.7017036811682384,0.1484636446607849,0.42508366291451166,Low,False
2024-08-17 14:00:00,32.8,61,1002.1,False,False,0.032549140806979404,0.050426487,0.6606327958624886,0.2409491937937329,0.45079099482811075,Low,False
2024-08-17 15:00:00,32.7,61,1001.3,False,False,0.0474198232423651,0.04207911,0.49832674170976576,0.17706114998478856,0.3376939458472772,Low,False
2024-08-17 16:00:00,32.7,61,1001.3,False,False,0.067823468306898,0.06635339,0.22741101308183753,0.35366595679951324,0.29053848494067536,Low,False
2024-08-17 17:00:00,32.2,64,1001.5,False,False,0.05295723074062142,0.048636865,0.423942804989352,0.22604198357164587,0.3249923942804989,Low,False
2024-08-17 18:00:00,30.9,75,1002.8,False,False,0.019501955377318136,0.19396728,0.774414359598418,0.838150289017341,0.8062823243078795,Medium,False
2024-08-17 19:00:00,30.7,72,1003.4,False,False,0.06825064648525497,0.18095589,0.22087009431092186,0.8159415880742318,0.5184058411925768,Low,False
2024-08-17 20:00:00,29.3,82,1004.0,False,False,0.03998806521261422,0.17033285,0.5822938850015211,0.7912990568907818,0.6867964709461515,Low,False
2024-08-17 21:00:00,28.7,81,1004.7,False,False,0.06399892026209902,0.11195886,0.2786735625190143,0.6041983571645878,0.44143595984180106,Low,False
2024-08-17 22:00:00,28.2,81,1005.1,False,False,0.06346066011432183,0.08248412,0.2878004259202921,0.4549741405536964,0.3713872832369942,Low,False
2024-08-17 23:00:00,27.6,83,1005.3,False,False,0.055674213041261966,0.09177546,0.38956495284453907,0.5044113173106176,0.44698813507757834,Low,False
2024-08-18 00:00:00,27.2,85,1004.8,False,False,0.07462721223042379,0.14695036,0.13964101003954976,0.7283236994219653,0.4339823547307575,Low,False
2024-08-18 01:00:00,27.0,86,1004.7,False,False,0.07957337670676334,0.07579506,0.08868268938241552,0.41375114085792514,0.2512169151201703,Low,False
2024-08-18 02:00:00,26.7,88,1004.8,False,False,0.08626324245041855,0.060508315,0.040462427745664775,0.31213872832369943,0.1763005780346821,Low,False
2024-08-18 03:00:00,26.5,89,1004.5,False,False,0.08040043765813909,0.048710197,0.08259811378156379,0.22665044113173105,0.15462427745664742,Low,False
2024-08-18 04:00:00,26.3,90,1004.9,False,False,0.0835810870380797,0.037737656,0.058107696988135116,0.141314268329784,0.09971098265895956,Low,False
2024-08-18 05:00:00,26.3,90,1005.1,False,False,0.08872529375865645,0.032226495,0.02768481898387587,0.09857012473379982,0.06312747185883785,Low,False
2024-08-18 06:00:00,26.9,90,1005.0,False,False,0.08530539153730471,0.04435533,0.047307575296623106,0.19318527532704594,0.12024642531183452,Low,False
2024-08-18 07:00:00,27.7,87,1005.5,False,False,0.08317956561417539,0.029819798,0.0600851840584119,0.0838150289017341,0.071950106480073,Low,False
2024-08-18 08:00:00,28.9,81,1005.7,False,False,0.08523913985702503,0.024990229,0.047611804076665654,0.05552175235777305,0.05156677821721935,Low,False
2024-08-18 09:00:00,30.0,75,1006.0,False,False,0.07784528601052904,0.032314193,0.107392759355035,0.09887435351384241,0.10313355643443871,Low,False
2024-08-18 10:00:00,31.1,69,1005.9,False,False,0.07647948431392965,0.025312662,0.12077882567690901,0.057042896257986,0.0889108609674475,Low,False
2024-08-18 11:00:00,32.1,67,1005.7,False,False,0.07138432210504653,0.028473767,0.1784301794949802,0.07681776696075449,0.12762397322786734,Low,False
2024-08-18 12:00:00,32.9,64,1005.3,False,False,0.07190942140022916,0.019466728,0.16991177365378762,0.028901734104046242,0.09940675387891693,Low,False
2024-08-18 13:00:00,33.3,61,1004.6,False,False,0.05913772325442085,0.023352368,0.3451475509583206,0.04685123212655917,0.1959993915424399,Low,False
2024-08-18 14:00:00,33.4,60,1003.4,False,False,0.05571973653036144,0.061916675,0.3892607240644965,0.32248250684514757,0.35587161545482204,Low,False
2024-08-18 15:00:00,33.4,59,1002.3,False,False,0.04709722021032425,0.07780952,0.5024338302403407,0.428049893519927,0.46524186188013383,Low,False
2024-08-18 16:00:00,33.2,60,1001.9,False,False,0.06326829996990524,0.04722787,0.29069059933069663,0.21661089139032552,0.2536507453605111,Low,False
2024-08-18 17:00:00,32.6,63,1002.1,False,False,0.06417297569506414,0.043262754,0.2770003042287801,0.18603589899604503,0.23151810161241254,Low,False
2024-08-18 18:00:00,31.4,71,1002.8,False,False,0.05230511661296361,0.07130451,0.43504715546090655,0.38439306358381503,0.4097201095223608,Low,False
2024-08-18 19:00:00,29.9,81,1002.9,False,False,0.048026056122734695,0.05181158,0.48950410708853054,0.25281411621539396,0.37115911165196225,Low,False
2024-08-18 20:00:00,29.5,79,1003.3,False,False,0.08170070385328898,0.1131279,0.07027684818983881,0.6118040766656526,0.3410404624277457,Low,False
2024-08-18 21:00:00,29.1,79,1004.1,False,False,0.07303187030122799,0.09357584,0.15759050806206265,0.514907210222087,0.3362488591420748,Low,False
2024-08-18 22:00:00,29.0,77,1004.6,False,False,0.07834935045298425,0.068929866,0.09993915424399147,0.3684210526315789,0.2341801034377852,Low,False
2024-08-18 23:00:00,28.6,78,1004.9,False,False,0.07068082570713136,0.039288133,0.1886218436264071,0.15424399148159415,0.17143291755400064,Low,False
2024-08-19 00:00:00,28.3,80,1004.9,False,False,0.08979633698691503,0.07684255,0.022056586553087953,0.42090051718892607,0.221478551871007,Low,False
2024-08-19 01:00:00,28.0,82,1004.5,False,False,0.08675226798003577,0.04678352,0.03711591116519619,0.21311226041983572,0.12511408579251596,Low,False
2024-08-19 02:00:00,27.9,83,1004.2,False,False,0.0857713783058785,0.02671747,0.044113173106175796,0.06510495892911469,0.054609066017645244,Low,False
2024-08-19 03:00:00,27.6,84,1003.8,False,False,0.09218449688473063,0.022517653,0.01369029510191666,0.0419835716458777,0.027836933373897182,Low,False
2024-08-19 04:00:00,27.4,85,1003.5,False,False,0.09042853272594154,0.022051373,0.019622756312747236,0.039853970185579554,0.029738363249163395,Low,False
2024-08-19 05:00:00,27.2,87,1004.0,False,False,0.08976016465432923,0.057454925,0.0223608153331305,0.29297231518101613,0.15766656525707332,Low,False
2024-08-19 06:00:00,28.1,85,1004.5,False,False,0.08936805432264039,0.043120395,0.024186188013386012,0.18497109826589594,0.10457864313964098,Low,False
2024-08-19 07:00:00,28.6,84,1004.8,False,False,0.09656025121778378,0.03390608,0.004259202920596339,0.10967447520535442,0.05696683906297538,Low,False
2024-08-19 08:00:00,29.8,80,1004.8,False,False,0.09585815210783644,0.03199539,0.004867660480681435,0.09674475205354427,0.05080620626711285,Low,False
2024-08-19 09:00:00,27.9,84,1005.8,False,False,0.05210437529309736,0.19094186,0.43824155765135386,0.8325220565865531,0.6353818071189534,Low,False
2024-08-19 10:00:00,28.8,82,1005.3,False,False,0.08076816470267206,0.09984764,0.07970794037115914,0.5483723760267721,0.31404015819896564,Low,False
2024-08-19 11:00:00,30.6,77,1004.6,False,False,0.06957425853900534,0.071284965,0.2013994523881959,0.38424094919379376,0.2928202007909948,Low,False
2024-08-19 12:00:00,32.1,71,1003.8,False,False,0.05685394683234418,0.034913246,0.3742013994523882,0.11758442348646182,0.245892911469425,Low,False
2024-08-19 13:00:00,32.8,66,1002.7,False,False,0.049658991925856544,0.046271473,0.46775174931548524,0.20854882871919683,0.338150289017341,Low,False
2024-08-19 14:00:00,33.2,63,1001.6,False,False,0.040014361255437725,0.0762488,0.581685427441436,0.41679342865835106,0.4992394280498935,Low,False
2024-08-19 15:00:00,32.3,66,1001.1,False,False,0.051256711006689326,0.064600684,0.4490416793428659,0.34164891998783087,0.39534529966534837,Low,False
2024-08-19 16:00:00,32.0,67,1000.3,False,False,0.04301831938191736,0.18591939,0.5486766048068148,0.8246121083054457,0.6866443565561302,Low,False
2024-08-19 17:00:00,31.6,70,999.9,False,False,0.03833153085412433,0.24083802,0.6016124125342257,0.8950410708853057,0.7483267417097657,Low,False
2024-08-19 18:00:00,30.8,71,1001.0,False,True,0.031181836536696816,0.33849582,0.6735625190142988,0.9493459081229084,0.8114542135686036,Medium,True
2024-08-19 19:00:00,29.6,83,1000.7,False,False,0.008456147751801701,0.23644482,0.8428658351080012,0.8918466686948585,0.8673562519014298,Medium,False
2024-08-19 20:00:00,29.2,81,1001.5,False,True,0.0502225561601769,0.36910394,0.4598418010343779,0.9571037420139945,0.7084727715241862,Low,True
2024-08-19 21:00:00,29.0,82,1002.2,False,False,0.05400583349902177,0.222682,0.4113173106175845,0.8775479160328568,0.6444326133252206,Low,False
2024-08-19 22:00:00,28.7,83,1002.7,False,False,0.0542124169191151,0.14729731,0.40903559476726503,0.7298448433221782,0.5694402190447216,Low,False
2024-08-19 23:00:00,28.7,80,1002.7,False,False,0.039907286598896585,0.19378763,0.5839671432917555,0.8378460602372985,0.7109066017645269,Low,False
2024-08-20 00:00:00,28.5,79,1002.6,False,False,0.062056187063703916,0.19585763,0.3095527836933374,0.8410404624277457,0.5752966230605415,Low,False
2024-08-20 01:00:00,28.2,79,1002.0,False,False,0.052002787416406626,0.19055839,0.4397627015515668,0.8320657134164892,0.635914207484028,Low,False
2024-08-20 02:00:00,28.0,80,1001.8,False,False,0.05828135769517728,0.16130558,0.3556434438697901,0.7652874961971402,0.5604654700334651,Low,False
2024-08-20 03:00:00,27.8,81,1001.4,False,False,0.06095356488550874,0.16420494,0.3227867356251901,0.7748707027684819,0.548828719196836,Low,False
2024-08-20 04:00:00,27.6,82,1001.5,False,False,0.06666939499931329,0.16229819,0.24155765135381813,0.7681776696075449,0.5048676604806814,Low,False
2024-08-20 05:00:00,27.4,82,1001.7,False,False,0.06999205909856682,0.15318367,0.1956191055673867,0.7445999391542439,0.4701095223608153,Low,False
2024-08-20 06:00:00,28.1,81,1002.7,False,False,0.05671047732669354,0.19113745,0.3772436872528141,0.832978399756617,0.6051110435047156,Low,False
2024-08-20 07:00:00,28.8,81,1003.1,False,False,0.07003754906147636,0.12061745,0.1950106480073015,0.6435959841801034,0.41930331609370247,Low,False
2024-08-20 08:00:00,29.8,77,1003.1,False,False,0.07049171758081929,0.07654086,0.18999087313659868,0.4193793732887131,0.3046851232126559,Low,False
2024-08-20 09:00:00,30.9,73,1003.3,False,False,0.06285938460499257,0.070761144,0.2973836324916337,0.3799817462731974,0.3386826893824155,Low,False
2024-08-20 10:00:00,32.1,66,1003.5,False,False,0.04971579828498729,0.11005691,0.4668390629753575,0.596592637663523,0.5317158503194402,Low,False
2024-08-20 11:00:00,33.0,62,1003.5,False,False,0.0503676319604377,0.10591799,0.45862488591420747,0.5783389108609674,0.5184818983875874,Low,False
2024-08-20 12:00:00,33.6,62,1003.4,False,False,0.04994878687916304,0.107707836,0.4642531183449954,0.5870094310921813,0.5256312747185883,Low,False
2024-08-20 13:00:00,33.9,60,1002.7,False,False,0.045517686574338356,0.036818776,0.5199269850927898,0.1340127776087618,0.32696988135077576,Low,False
2024-08-20 14:00:00,34.0,60,1001.7,False,False,0.04749725367504826,0.03356715,0.4966534834195315,0.1067843017949498,0.30171889260724066,Low,False
2024-08-20 15:00:00,34.2,58,1000.8,False,False,0.0512898337193573,0.015925504,0.44858533617280194,0.017341040462427744,0.23296318831761484,Low,False
2024-08-20 16:00:00,32.8,63,1000.7,False,False,0.06543720598441094,0.030799571,0.2596592637663523,0.08959537572254335,0.1746273197444478,Low,False
2024-08-20 17:00:00,31.7,69,1001.1,False,False,0.06640745548574933,0.07797989,0.2449041679342866,0.42972315181016124,0.33731365987222395,Low,False
2024-08-20 18:00:00,29.3,75,1001.7,False,False,0.04709553480504003,0.12356121,0.502585944630362,0.6545482202616367,0.5785670824459994,Low,False
2024-08-20 19:00:00,28.6,79,1002.2,False,False,0.07069241625101808,0.07754305,0.18831761484636445,0.42576817766960756,0.307042896257986,Low,False
2024-08-20 20:00:00,28.6,81,1003.0,False,False,0.07384623433836673,0.10425785,0.14679038637055064,0.5690599330696684,0.3579251597201095,Low,False
2024-08-20 21:00:00,28.5,83,1003.8,False,False,0.06377278379203255,0.09441586,0.28278065104958927,0.5200790994828111,0.40142987526620016,Low,False
2024-08-20 22:00:00,28.5,83,1004.3,False,False,0.06940640833097311,0.082912505,0.20352905384849407,0.4575600851840584,0.3305445695162762,Low,False
2024-08-20 23:00:00,28.5,82,1004.7,False,False,0.058028069616888944,0.10031157,0.3600547611804077,0.5508062062671129,0.45543048372376027,Low,False
2024-08-21 00:00:00,28.3,83,1004.6,False,False,0.0711695463059227,0.16004264,0.18116823851536357,0.7631578947368421,0.47216306662610286,Low,False
2024-08-21 01:00:00,28.1,84,1004.1,False,False,0.07291270806698913,0.13260905,0.1592637663522969,0.6874049285062367,0.4233343474292668,Low,False
2024-08-21 02:00:00,28.2,82,1003.7,False,False,0.0860437175900044,0.071804844,0.04198357164587774,0.38956495284453907,0.2157742622452084,Low,False
2024-08-21 03:00:00,28.0,81,1003.5,False,False,0.09405206414675893,0.046688955,0.008366291451171293,0.21204745968968663,0.11020687557042896,Low,False
2024-08-21 04:00:00,27.7,82,1003.6,False,False,0.09888950091263976,0.04389595,0.0018253726802555104,0.1907514450867052,0.09628840888348035,Low,False
2024-08-21 05:00:00,27.6,82,1004.2,False,False,0.0951457943329096,0.07063669,0.005780346820809301,0.37937328871311227,0.19257681776696078,Low,False
2024-08-21 06:00:00,26.0,93,1005.1,False,False,0.009306219011565253,0.20579085,0.8378460602372985,0.8532096136294494,0.8455278369333739,Medium,False
2024-08-21 07:00:00,25.8,94,1006.1,False,False,0.052880712510952166,0.076904915,0.425007605719501,0.42166108913903255,0.4233343474292668,Low,False
2024-08-21 08:00:00,26.1,92,1005.6,False,False,0.06487352545011738,0.2285794,0.2672649832674171,0.8824155765135382,0.5748402798904777,Low,False
2024-08-21 09:00:00,28.0,85,1006.1,False,False,0.05540594946704397,0.02136944,0.39230301186492245,0.036811682385153636,0.21455734712503804,Low,False
2024-08-21 10:00:00,29.5,78,1006.1,False,False,0.061477841581076,0.027356101,0.316550045634317,0.06951627623973228,0.19303316093702463,Low,False
2024-08-21 11:00:00,31.1,73,1005.7,False,False,0.06209562149056991,0.026186759,0.3094006693033161,0.06145421356860359,0.18542744143595985,Low,False
2024-08-21 12:00:00,32.3,69,1004.9,False,False,0.05007519900315238,0.032378934,0.4622756312747186,0.09978703985397018,0.2810313355643444,Low,False
2024-08-21 13:00:00,33.1,66,1004.0,False,False,0.04684625675002774,0.042087115,0.5047155460906602,0.17721326437480986,0.340964405232735,Low,False
2024-08-21 14:00:00,33.5,64,1003.2,False,False,0.05045145360280373,0.053113982,0.45756008518405844,0.261028293276544,0.3592941892303012,Low,False
2024-08-21 15:00:00,33.5,65,1002.4,False,False,0.048379489281164534,0.07720563,0.4858533617280195,0.4237906905993307,0.4548220261636751,Low,False
2024-08-21 16:00:00,32.7,68,1001.6,False,False,0.045700770569139515,0.16997531,0.517949498022513,0.7902342561606328,0.6540918770915729,Low,False
2024-08-21 17:00:00,32.7,67,1001.2,False,False,0.053629683874161005,0.14171946,0.41648919987830846,0.7146334043200486,0.5655613020991785,Low,False
2024-08-21 18:00:00,31.6,70,1002.4,False,False,0.04358831857681772,0.20184734,0.542592029205963,0.8481898387587465,0.6953909339823547,Low,False
2024-08-21 19:00:00,30.5,76,1002.7,False,False,0.06684442802195434,0.056917526,0.23927593550349868,0.28977791299056893,0.26452692424703383,Low,False
2024-08-21 20:00:00,29.9,80,1003.2,False,False,0.06974463098331651,0.058282424,0.19866139336781263,0.2982963188317615,0.24847885609978707,Low,False
2024-08-21 21:00:00,29.4,82,1003.9,False,False,0.06689719665384763,0.06415952,0.23866747794341348,0.33799817462731974,0.2883328262853666,Low,False
2024-08-21 22:00:00,28.9,87,1004.1,False,False,0.06308414735883167,0.07671875,0.2935807727411013,0.4199878308487983,0.3567843017949498,Low,False
2024-08-21 23:00:00,28.6,89,1004.3,False,False,0.05686449493427487,0.07594069,0.3740492850623669,0.41435959841801034,0.39420444174018865,Low,False
2024-08-22 00:00:00,28.3,91,1004.4,False,False,0.07434865937826324,0.07673496,0.14207484027989048,0.4204441740188622,0.2812595071493763,Low,False
2024-08-22 01:00:00,28.2,91,1004.0,False,False,0.0775866413435739,0.06196475,0.10937024642531179,0.32293885001521144,0.21615454822026162,Low,False
2024-08-22 02:00:00,27.9,92,1003.9,False,False,0.0820618815702378,0.042669874,0.06829936111956192,0.18223303924551262,0.12526620018253726,Low,False
2024-08-22 03:00:00,27.6,93,1003.7,False,False,0.08162783594810497,0.036349427,0.07118953452996657,0.130514146638272,0.10085184058411928,Low,False
2024-08-22 04:00:00,27.3,94,1003.6,False,False,0.08415459577492129,0.0318258,0.05400060845756005,0.09583206571341649,0.07491633708548827,Low,False
2024-08-22 05:00:00,27.1,95,1003.9,False,False,0.08389521974132658,0.034241118,0.05506540918770919,0.11195619105567386,0.08351080012169153,Low,False
2024-08-22 06:00:00,27.9,89,1004.1,False,False,0.08475239416189784,0.04839655,0.05141466382719806,0.22421661089139033,0.1378156373592942,Low,False
2024-08-22 07:00:00,28.6,85,1004.4,False,False,0.08794586952296624,0.030997053,0.031031335564344342,0.09081229084271372,0.06092181320352903,Low,False
2024-08-22 08:00:00,30.0,78,1004.1,False,False,0.07672009085765924,0.039570667,0.11864922421661084,0.15713416489199877,0.1378916945543048,Low,False
2024-08-22 09:00:00,31.1,72,1004.5,False,False,0.0737840714248213,0.06368083,0.14800730149072105,0.335564344386979,0.24178582293885004,Low,False
2024-08-22 10:00:00,31.8,67,1004.5,False,False,0.08022486823680586,0.05845392,0.08351080012169154,0.29920900517188925,0.1913599026467904,Low,False
2024-08-22 11:00:00,32.4,65,1004.1,False,False,0.07520436668661645,0.049816743,0.13249163370854888,0.23714633404320049,0.1848189838758747,Low,False
2024-08-22 12:00:00,33.2,63,1003.3,False,False,0.05876989904775476,0.034939438,0.3491025250988744,0.11788865226650441,0.2334955886826894,Low,False
2024-08-22 13:00:00,33.8,61,1002.4,False,False,0.04734081711888016,0.026949696,0.4998478856099787,0.06677821721934896,0.28331305141466384,Low,False
2024-08-22 14:00:00,34.1,60,1001.8,False,False,0.059589932880469765,0.021911487,0.3393672041375114,0.039245512625494375,0.1893063583815029,Low,False
2024-08-22 15:00:00,34.2,59,1000.5,False,False,0.03483652408853283,0.10314765,0.6405536963796775,0.5638880438089443,0.6022208700943109,Low,False
2024-08-22 16:00:00,33.4,63,999.8,False,False,0.04388575633630687,0.0860308,0.5384849406753879,0.4770307271067843,0.5077578338910861,Low,False
2024-08-22 17:00:00,33.1,64,999.9,False,False,0.06255672684997993,0.12257346,0.30225129297231523,0.6501369029510191,0.4761940979616672,Low,False
2024-08-22 18:00:00,31.8,68,1000.5,False,False,0.05174909820079532,0.07154897,0.4432613325220566,0.38682689382415575,0.4150441131731062,Low,False
2024-08-22 19:00:00,30.8,73,1001.3,False,False,0.05409107735054647,0.067942314,0.41086096744752054,0.3629449345908123,0.3869029510191664,Low,False
2024-08-22 20:00:00,30.4,74,1002.1,False,False,0.06738466543517185,0.14698893,0.23258290234256163,0.7287800425920292,0.4806814724672954,Low,False
2024-08-22 21:00:00,30.0,75,1002.6,False,False,0.07656837063759286,0.08624286,0.11986613933678125,0.4777912990568908,0.298828719196836,Low,False
2024-08-22 22:00:00,29.7,76,1003.3,False,False,0.07191370158772253,0.08550018,0.16975965926376635,0.47444478247642224,0.3221022208700943,Low,False
2024-08-22 23:00:00,29.2,78,1003.5,False,False,0.062447267471744505,0.05256155,0.30331609370246426,0.25768177669607545,0.2804989351992698,Low,False
2024-08-23 00:00:00,28.7,80,1003.4,False,False,0.08214846432655332,0.09753836,0.06723456038941289,0.5355947672649832,0.30141466382719806,Low,False
2024-08-23 01:00:00,27.2,87,1003.4,False,False,0.06546361854553007,0.071547806,0.2590508062062671,0.3866747794341345,0.3228627928202008,Low,False
2024-08-23 02:00:00,26.3,92,1003.5,False,False,0.06652032458184837,0.030987438,0.2435351384240949,0.09066017645269242,0.16709765743839367,Low,False
2024-08-23 03:00:00,26.2,95,1003.5,False,False,0.07253279721242983,0.03503553,0.16291451171280802,0.11940979616671737,0.1411621539397627,Low,False
2024-08-23 04:00:00,26.0,96,1003.3,False,False,0.07129924481657174,0.054182485,0.17934286583510806,0.2696988135077578,0.22452083967143294,Low,False
2024-08-23 05:00:00,25.7,97,1003.5,False,False,0.07315552999364888,0.028283926,0.15652570733191362,0.07590508062062672,0.11621539397627018,Low,False
2024-08-23 06:00:00,26.3,94,1004.1,False,False,0.06382135937886807,0.022675332,0.28171585031944024,0.04289625798600548,0.16230605415272287,Low,False
2024-08-23 07:00:00,26.9,92,1004.6,False,False,0.07114248421386254,0.035526812,0.1816245816854274,0.12397322786735625,0.15279890477639183,Low,False
2024-08-23 08:00:00,28.2,85,1004.8,False,False,0.08111310303606406,0.061334696,0.0754487374505628,0.31898387587465776,0.19721630666261028,Low,False
2024-08-23 09:00:00,29.9,78,1004.9,False,False,0.0809555065409841,0.018200766,0.07696988135077576,0.025250988743535138,0.05111043504715545,Low,False
2024-08-23 10:00:00,31.3,72,1005.0,False,False,0.07764215069283298,0.018649384,0.10921813203529052,0.026620018253726802,0.06791907514450866,Low,False
2024-08-23 11:00:00,32.0,69,1004.6,False,False,0.0774550737802458,0.02632809,0.1105871615454822,0.06251901429875266,0.08655308792211744,Low,False
2024-08-23 12:00:00,32.6,67,1004.1,False,False,0.07269926042532243,0.026583701,0.16093702464253123,0.06419227258898692,0.11256464861575907,Low,False
2024-08-23 13:00:00,33.2,65,1003.4,False,False,0.06628010826049235,0.035351843,0.24733799817462732,0.12169151201703682,0.18451475509583207,Low,False
2024-08-23 14:00:00,33.6,64,1002.6,False,False,0.060498448943058614,0.03990514,0.32887131122604196,0.16078491025250988,0.2448281107392759,Low,False
2024-08-23 15:00:00,33.6,64,1001.6,False,False,0.05107753438691526,0.07676282,0.45056282324307884,0.42059628840888347,0.4355795558259812,Low,False
2024-08-23 16:00:00,33.4,63,1001.0,False,False,0.06445513192671554,0.06196398,0.27152418618801344,0.32278673562519017,0.29715546090660183,Low,False
2024-08-23 17:00:00,32.9,65,1000.5,False,False,0.0636014038299928,0.07019228,0.2853665956799514,0.37557042896257986,0.3304685123212656,Low,False
2024-08-23 18:00:00,32.1,68,1001.8,False,False,0.05599565229953457,0.20520218,0.3868268938241558,0.8526011560693642,0.61971402494676,Low,False
2024-08-23 19:00:00,30.8,74,1002.3,False,False,0.07736630352024171,0.02782837,0.11195619105567389,0.0724064496501369,0.0921813203529054,Low,False
2024-08-23 20:00:00,30.3,76,1003.1,False,False,0.07209965403826585,0.07749459,0.16778217219348945,0.4253118344995437,0.29654700334651657,Low,False
2024-08-23 21:00:00,29.6,79,1003.6,False,False,0.0786299313736652,0.027713016,0.09704898083358682,0.07179799209005172,0.08442348646181927,Low,False
2024-08-23 22:00:00,28.9,82,1003.8,False,False,0.0781111497758098,0.040827546,0.10389412838454515,0.168542744143596,0.13621843626407057,Low,False
2024-08-23 23:00:00,28.5,83,1004.2,False,False,0.0675117958813572,0.043960858,0.230757529662306,0.1913599026467904,0.2110587161545482,Low,False
2024-08-24 00:00:00,28.1,84,1004.2,False,False,0.08536416534704638,0.07211605,0.04685123212655917,0.39108609674475203,0.2189686644356556,Low,False
2024-08-24 01:00:00,27.8,85,1003.9,False,False,0.08253041106518605,0.046917014,0.06449650136902951,0.21493763310009126,0.1397170672345604,Low,False
2024-08-24 02:00:00,27.5,87,1003.7,False,False,0.08671227461966319,0.029986652,0.03742013994523885,0.08533617280194707,0.06137815637359296,Low,False
2024-08-24 03:00:00,27.2,89,1003.8,False,False,0.09282994284200763,0.026223216,0.011712808031639765,0.061758442348646185,0.03673562519014298,Low,False
2024-08-24 04:00:00,26.8,91,1004.0,False,False,0.08767393397305051,0.02789975,0.032552479464557305,0.07316702160024338,0.05285975053240034,Low,False
2024-08-24 05:00:00,26.6,92,1004.2,False,False,0.08563637832015497,0.0267756,0.044721630666261,0.06556130209917858,0.05514146638271979,Low,False
2024-08-24 06:00:00,27.7,84,1004.6,False,False,0.08027469677516913,0.038629163,0.08335868573167027,0.14694250076057194,0.1151505932461211,Low,False
2024-08-24 07:00:00,28.5,82,1005.4,False,False,0.08093782882403683,0.06539271,0.07757833891086097,0.34803772436872527,0.21280803163979312,Low,False
2024-08-24 08:00:00,30.0,76,1005.5,False,False,0.08389137291181431,0.032768633,0.055217523577730465,0.10206875570428962,0.07864313964101005,Low,False
2024-08-24 09:00:00,31.5,71,1005.6,False,False,0.07016676413982936,0.038758207,0.19333738971706727,0.1487678734408275,0.1710526315789474,Low,False
2024-08-24 10:00:00,32.4,66,1005.6,False,False,0.07253563652178546,0.05166796,0.16276239732278674,0.2520535442652875,0.2074079707940371,Low,False
2024-08-24 11:00:00,33.2,64,1005.4,False,False,0.06638454818207651,0.044987053,0.24520839671432915,0.19759659263766352,0.22140249467599632,Low,False
2024-08-24 12:00:00,33.9,61,1004.5,False,False,0.05247749017667597,0.02079699,0.43200486766048063,0.033921508974749014,0.2329631883176148,Low,False
2024-08-24 13:00:00,34.4,59,1003.6,False,False,0.053266395786158216,0.023602024,0.42135686035899,0.04806814724672954,0.23471250380285977,Low,False
2024-08-24 14:00:00,34.6,56,1002.4,False,False,0.05202914084893101,0.061305188,0.4391542439914816,0.31867964709461516,0.3789169455430484,Low,False
2024-08-24 15:00:00,34.6,55,1001.4,False,False,0.052462238948280615,0.07882903,0.43246121083054456,0.4339823547307575,0.43322178278065104,Low,False
2024-08-24 16:00:00,34.5,55,1000.6,False,False,0.05267438305838307,0.11120914,0.4278977791299057,0.6016124125342257,0.5147550958320657,Low,False
2024-08-24 17:00:00,33.9,57,1000.2,False,False,0.050147830237333435,0.11214336,0.4616671737146334,0.6051110435047156,0.5333891086096745,Low,False
2024-08-24 18:00:00,32.5,65,1000.9,False,False,0.0490064234060934,0.06101994,0.47672649832674174,0.3157894736842105,0.3962579860054761,Low,False
2024-08-24 19:00:00,31.2,70,1001.3,False,False,0.06897611518195756,0.0762685,0.2097657438393672,0.4169455430483724,0.3133556434438698,Low,False
2024-08-24 20:00:00,30.6,73,1001.9,False,False,0.07332866027582158,0.10728741,0.15454822026163673,0.5844234864618193,0.369485853361728,Low,False
2024-08-24 21:00:00,29.9,77,1002.6,False,False,0.0713092482883037,0.083433524,0.17919075144508667,0.46045025859446304,0.3198205050197749,Low,False
2024-08-24 22:00:00,29.2,81,1002.8,False,False,0.07560214816353777,0.12059906,0.1291451171280803,0.6434438697900822,0.38629449345908123,Low,False
2024-08-24 23:00:00,28.6,84,1002.8,False,False,0.0585477218218432,0.19295895,0.3509278977791299,0.8361728019470642,0.5935503498630971,Low,False
2024-08-25 00:00:00,28.1,87,1002.6,False,False,0.07004767589576233,0.08859588,0.19470641922725895,0.48798296318831763,0.3413446912077883,Low,False
2024-08-25 01:00:00,27.7,89,1002.5,False,False,0.07515435445823432,0.08346504,0.1329479768786127,0.4609066017645269,0.2969272893215698,Low,False
2024-08-25 02:00:00,27.4,91,1002.2,False,False,0.06317284343369844,0.10360666,0.292363857620931,0.5651049589291147,0.42873440827502285,Low,False
2024-08-25 03:00:00,27.0,93,1002.2,False,False,0.06903911492950249,0.09339039,0.20885305749923944,0.5139945238819592,0.3614237906905993,Low,False
2024-08-25 04:00:00,26.9,93,1002.5,False,False,0.0717590502330776,0.09243004,0.17234560389412834,0.5079099482811074,0.34012777608761785,Low,False
2024-08-25 05:00:00,26.8,94,1002.6,False,False,0.07146355521980952,0.08708159,0.1772132643748099,0.4814420444174019,0.3293276543961059,Low,False
2024-08-25 06:00:00,27.8,89,1003.4,False,False,0.07102261616491407,0.10133487,0.183449954365683,0.5552175235777305,0.36933373897170674,Low,False
2024-08-25 07:00:00,28.7,86,1003.5,False,False,0.08511278535069938,0.09759513,0.04867660480681468,0.5360511104350472,0.2923638576209309,Low,False
2024-08-25 08:00:00,30.1,79,1003.7,False,False,0.09179753569866306,0.0564851,0.01475509583206569,0.2864313964101004,0.15059324612108305,Low,False
2024-08-25 09:00:00,30.4,76,1003.6,False,False,0.08868975745386387,0.11876364,0.027989047763918418,0.6349254639488896,0.331457255856404,Low,False
2024-08-25 10:00:00,31.6,69,1003.4,False,False,0.0800248709569173,0.037276745,0.08487982963188323,0.1373592941892303,0.11111956191055676,Low,False
2024-08-25 11:00:00,32.4,67,1002.8,False,False,0.06432355250616995,0.06092716,0.2742622452083967,0.31426832978399755,0.2942652874961971,Low,False
2024-08-25 12:00:00,33.1,63,1002.0,False,False,0.05683406725486784,0.05684797,0.3746577426224521,0.2891694554304837,0.3319135990264679,Low,False
2024-08-25 13:00:00,34.0,59,1001.3,False,False,0.052730066455874025,0.070465565,0.42668086400973537,0.3775479160328567,0.402114390021296,Low,False
2024-08-25 14:00:00,34.1,60,1000.5,False,False,0.05413099283480832,0.03963072,0.4099482811073928,0.15743839367204138,0.2836933373897171,Low,False
2024-08-25 15:00:00,33.9,61,999.8,False,False,0.05712315540815294,0.041523233,0.371006997261941,0.17280194706419227,0.2719044721630666,Low,False
2024-08-25 16:00:00,33.8,61,998.9,False,False,0.043618243661588674,0.11437143,0.5418314572558565,0.6174323090964405,0.5796318831761484,Low,False
2024-08-25 17:00:00,33.3,62,998.4,False,False,0.045930843223889184,0.13040872,0.5150593246121082,0.6796470946151506,0.5973532096136294,Low,False
2024-08-25 18:00:00,32.1,67,999.3,False,False,0.03914070286460869,0.09789592,0.5921813203529054,0.5375722543352601,0.5648767873440828,Low,False
2024-08-25 19:00:00,31.1,71,999.9,False,False,0.05857065659345245,0.06247043,0.350471554609066,0.32582902342561604,0.338150289017341,Low,False
2024-08-25 20:00:00,30.5,73,1000.5,False,False,0.06384777960757704,0.08921598,0.28110739275935503,0.4908731365987222,0.38599026467903863,Low,False
2024-08-25 21:00:00,30.1,76,1001.3,False,False,0.068289607661976,0.094117746,0.2193489504107089,0.5179494980225129,0.3686492242166109,Low,False
2024-08-25 22:00:00,29.6,78,1001.2,False,False,0.07445385896038381,0.09512634,0.14146638271980527,0.5237298448433222,0.33259811378156373,Low,False
2024-08-25 23:00:00,29.2,81,1001.1,False,False,0.06155866892208939,0.12416709,0.315028901734104,0.6557651353818071,0.4853970185579556,Low,False
2024-08-26 00:00:00,28.9,82,1000.7,False,False,0.07604286151847284,0.07912496,0.12549437176756917,0.4353513842409492,0.2804228780042592,Low,False
2024-08-26 01:00:00,28.6,83,1000.6,False,False,0.08128230118759289,0.066751495,0.07362336477030729,0.3562519014298753,0.21493763310009129,Low,False
2024-08-26 02:00:00,28.3,84,1000.6,False,False,0.08376423336088373,0.05743866,0.05673866747794343,0.2926680864009735,0.17470337693945848,Low,False
2024-08-26 03:00:00,28.0,85,1000.8,False,False,0.08938787387158209,0.04746097,0.024034073623364738,0.21782780651049588,0.12093094006693031,Low,False
2024-08-26 04:00:00,27.8,85,1001.0,False,False,0.0926816988158567,0.036017455,0.012473379981746247,0.12762397322786737,0.0700486766048068,Low,False
2024-08-26 05:00:00,27.5,86,1001.2,False,False,0.09124089424955173,0.021798393,0.017341040462427793,0.03909339823547307,0.028217219348950433,Low,False
2024-08-26 06:00:00,28.6,81,1001.6,False,False,0.08717398069810389,0.035318494,0.03513842409491941,0.12153939762701552,0.07833891086096746,Low,False
2024-08-26 07:00:00,29.4,78,1002.3,False,False,0.08493588326296103,0.04300165,0.0498935199269851,0.1840584119257682,0.11697596592637664,Low,False
2024-08-26 08:00:00,30.7,72,1002.6,False,False,0.0849391672707539,0.019181529,0.04974140553696382,0.02814116215393976,0.03894128384545179,Low,False
2024-08-26 09:00:00,32.1,66,1002.7,False,False,0.06618046668965255,0.029582577,0.24885914207484028,0.08244599939154244,0.16565257073319137,Low,False
2024-08-26 10:00:00,33.5,60,1002.5,False,False,0.06590119548545348,0.03602693,0.2537268025555217,0.12777608761788864,0.19075144508670516,Low,False
2024-08-26 11:00:00,34.3,55,1002.2,False,False,0.06561192779787056,0.052839223,0.2570733191359903,0.2592029205962884,0.2581381198661393,Low,False
2024-08-26 12:00:00,33.2,56,1002.1,False,False,0.06488783543127896,0.12773673,0.2671128688773958,0.6693033160937024,0.4682080924855491,Low,False
2024-08-26 13:00:00,34.6,51,1001.0,False,False,0.04205066309364203,0.027811436,0.5597809552783694,0.07225433526011561,0.3160176452692425,Low,False
2024-08-26 14:00:00,34.6,50,999.9,False,False,0.04487984593288197,0.038653035,0.5270763614237908,0.14739884393063585,0.3372376026772133,Low,False
2024-08-26 15:00:00,34.6,52,998.8,False,False,0.04197250578059375,0.07213993,0.5608457560085184,0.39169455430483724,0.4762701551566778,Low,False
2024-08-26 16:00:00,33.4,56,999.0,False,False,0.05667960634643904,0.012503348,0.3780042592029206,0.009126863401277762,0.19356556130209918,Low,False
2024-08-26 17:00:00,32.1,63,999.4,False,False,0.055344540167485745,0.030628622,0.39351992698509275,0.08853057499239428,0.2410252509887435,Low,False
2024-08-26 18:00:00,31.4,67,999.6,False,False,0.07284340977753889,0.026816828,0.15972010952236082,0.06586553087922117,0.112792820200791,Low,False
2024-08-26 19:00:00,30.6,71,1000.6,False,False,0.0678863716444712,0.10307285,0.22619409796166723,0.5634317006388805,0.39481289930027386,Low,False
2024-08-26 20:00:00,30.2,73,1001.0,False,False,0.08307278341217589,0.03494653,0.061302099178582314,0.11804076665652571,0.08967143291755401,Low,False
2024-08-26 21:00:00,29.8,76,1002.0,False,False,0.06807288839097908,0.08324118,0.2237602677213264,0.45938545786431395,0.3415728627928202,Low,False
2024-08-26 22:00:00,29.5,77,1002.2,False,False,0.07861792430690923,0.04618841,0.09735320961362948,0.20687557042896257,0.152114390021296,Low,False
2024-08-26 23:00:00,29.5,76,1002.1,False,False,0.06881256791614843,0.08435482,0.21311226041983566,0.4659263766352297,0.3395193185275327,Low,False
2024-08-27 00:00:00,29.1,78,1002.2,False,False,0.08405992344582791,0.07449595,0.05430483723760271,0.40705810769698814,0.23068147246729542,Low,False
2024-08-27 01:00:00,28.8,80,1001.8,False,False,0.08715635307345071,0.048126727,0.035442652874961955,0.22254335260115607,0.12899300273805903,Low,False
2024-08-27 02:00:00,28.7,80,1001.5,False,False,0.08793386072162707,0.019246027,0.031183449954365727,0.028445390933982354,0.02981442044417404,Low,False
2024-08-27 03:00:00,28.4,82,1001.7,False,False,0.09675916924707867,0.02627083,0.00395497414055368,0.062062671128688775,0.033008822634621224,Low,False
2024-08-27 04:00:00,28.1,83,1001.8,False,False,0.09657229674088813,0.0186394,0.004107088530574954,0.026467903863705507,0.01528749619714023,Low,False
2024-08-27 05:00:00,27.8,83,1002.2,False,False,0.09410455401850187,0.0261248,0.008214177061150019,0.061302099178582294,0.03475813811986615,Low,False
2024-08-27 06:00:00,27.3,85,1003.4,False,False,0.058051574954497975,0.09609211,0.35959841801034376,0.5282932765439611,0.4439458472771524,Low,False
2024-08-27 07:00:00,27.9,81,1003.8,False,False,0.0818774023306631,0.04215808,0.06951627623973233,0.17782172193489504,0.12366899908731369,Low,False
2024-08-27 08:00:00,29.0,76,1003.9,False,False,0.08523638976368281,0.054349314,0.0479160328567082,0.271828414968056,0.1598722239123821,Low,False
2024-08-27 09:00:00,29.5,73,1004.3,False,False,0.07356586979224683,0.03575327,0.15104958929114698,0.1256464861575905,0.13834803772436874,Low,False
2024-08-27 10:00:00,30.2,71,1004.6,False,False,0.06642511151397335,0.028995201,0.24444782476422267,0.080164283541223,0.16230605415272284,Low,False
2024-08-27 11:00:00,32.0,65,1003.9,False,False,0.04620540448387561,0.039047297,0.5111043504715547,0.15165804685123213,0.3313811986613934,Low,False
2024-08-27 12:00:00,33.1,58,1003.1,False,False,0.05332589907186286,0.026322404,0.42044417401886214,0.062366899908731364,0.24140553696379674,Low,False
2024-08-27 13:00:00,32.4,61,1002.2,False,False,0.04805762085456389,0.14731827,0.48889564952844544,0.7301490721022209,0.6095223608153332,Low,False
2024-08-27 14:00:00,33.5,54,1000.9,False,False,0.035086885014405766,0.12765355,0.6378156373592943,0.6686948585336173,0.6532552479464557,Low,False
2024-08-27 15:00:00,31.2,68,1000.9,False,False,0.025308232138763265,0.099420495,0.7310617584423487,0.5463948889564952,0.6387283236994219,Low,False
2024-08-27 16:00:00,30.1,72,1001.7,False,False,0.06404915376157982,0.099723294,0.2782172193489504,0.5473075752966231,0.41276239732278674,Low,False
2024-08-27 17:00:00,27.8,82,1002.1,False,False,0.02630338107954805,0.036615115,0.7216306662610283,0.13233951931852753,0.4269850927897779,Low,False
2024-08-27 18:00:00,28.9,75,1003.2,False,False,0.05753366221058931,0.20070404,0.36674779434134475,0.8469729236385762,0.6068603589899605,Low,False
2024-08-27 19:00:00,28.2,79,1003.8,False,False,0.058095161747751145,0.049544863,0.35822938850015207,0.23440827502281716,0.2963188317614846,Low,False
2024-08-27 20:00:00,27.9,82,1004.9,False,False,0.04582587851480002,0.11048312,0.5159720109522361,0.599178582293885,0.5575752966230605,Low,False
2024-08-27 21:00:00,27.3,84,1005.3,False,False,0.050980456986526146,0.07493774,0.45162762397322787,0.40949193793732885,0.43055978095527836,Low,False
2024-08-27 22:00:00,26.1,90,1005.0,False,False,0.035970444538473534,0.21699777,0.6271676300578035,0.869942196531792,0.7485549132947977,Low,False
2024-08-27 23:00:00,25.7,91,1004.7,False,False,0.03767573996143625,0.16990598,0.6096744752053544,0.7897779129905689,0.6997261940979617,Low,False
2024-08-28 00:00:00,25.5,93,1004.4,False,False,0.0578463608641821,0.09138799,0.3620322482506845,0.5024338302403407,0.4322330392455126,Low,False
2024-08-28 01:00:00,25.4,93,1004.2,False,False,0.07558726914860114,0.050649673,0.12929723151810157,0.24323090964405233,0.18626407058107697,Low,False
2024-08-28 02:00:00,25.6,93,1003.5,False,False,0.06907531801432754,0.074421816,0.20824459993915423,0.40660176452692426,0.3074231822330392,Low,False
2024-08-28 03:00:00,25.5,94,1003.7,False,False,0.0885019022312109,0.012802736,0.029358077274110106,0.010343778521448129,0.01985092789777912,Low,False
2024-08-28 04:00:00,25.3,94,1003.6,False,False,0.08529580624206295,0.0153781455,0.04745968968664438,0.015819896562214785,0.031639793124429584,Low,False
2024-08-28 05:00:00,25.1,94,1004.0,False,False,0.08263998041675219,0.021476286,0.06358381502890176,0.03772436872528141,0.050654091877091585,Low,False
2024-08-28 06:00:00,25.4,93,1004.2,False,False,0.08208422772246893,0.013518916,0.06799513233951937,0.011560693641618497,0.03977791299056893,Low,False
2024-08-28 07:00:00,25.1,94,1004.9,False,False,0.0734210827751266,0.037824612,0.15363553392150897,0.14222695466991178,0.14793124429571036,Low,False
2024-08-28 08:00:00,26.0,90,1004.9,False,False,0.08126984645699825,0.043373283,0.07392759355034983,0.1869485853361728,0.13043808944326132,Low,False
2024-08-28 09:00:00,27.0,85,1004.6,False,False,0.0819282009922308,0.09039378,0.0690599330696684,0.49710982658959535,0.2830848798296319,Low,False
2024-08-28 10:00:00,29.1,76,1004.3,False,False,0.06195873432441218,0.03202228,0.31107392759355035,0.09735320961362945,0.2042135686035899,Low,False
2024-08-28 11:00:00,30.5,70,1003.7,False,False,0.0666241996656945,0.029402284,0.24216610891390322,0.08153331305141466,0.16184971098265893,Low,False
2024-08-28 12:00:00,31.1,70,1002.8,False,False,0.05643461211022738,0.0780474,0.38150289017341044,0.4301794949802251,0.4058411925768178,Low,False
2024-08-28 13:00:00,31.5,67,1001.9,False,False,0.04326811787873386,0.055158857,0.5465470033465165,0.27700030422878,0.4117736537876483,Low,False
2024-08-28 14:00:00,31.6,66,1000.5,False,False,0.025851313451519142,0.23542202,0.7248250684514754,0.8901734104046243,0.8074992394280498,Medium,False
2024-08-28 15:00:00,29.6,76,999.9,False,False,0.015686401213666712,0.080986395,0.7999695771219957,0.4467599634925464,0.623364770307271,Low,False
2024-08-28 16:00:00,29.3,77,1000.2,False,False,0.05013718448100318,0.21570762,0.46181928810465467,0.8681168238515363,0.6649680559780955,Low,False
2024-08-28 17:00:00,26.8,90,1000.6,True,False,-0.015598000289955394,0.11221582,0.9423486461819288,0.6057195010648008,0.7740340736233648,Medium,True
2024-08-28 18:00:00,27.9,85,1001.2,False,True,0.04696953939905513,0.4172582,0.504107088530575,0.9694250076057195,0.7367660480681473,Low,True
2024-08-28 19:00:00,27.5,86,1002.0,False,False,0.052943406314723496,0.2281279,0.42424703376939454,0.881807118953453,0.6530270763614238,Low,False
2024-08-28 20:00:00,27.3,87,1002.6,False,False,0.06399430514149751,0.1364245,0.2788256769090356,0.6975965926376635,0.48821113477334954,Low,False
2024-08-28 21:00:00,27.2,89,1002.9,False,False,0.06425384164550546,0.073858455,0.2762397322786736,0.4026467903863705,0.33944326133252206,Low,False
2024-08-28 22:00:00,27.0,90,1002.8,False,False,0.05829446954519213,0.097732164,0.35518710069972614,0.5371159111651962,0.44615150593246117,Low,False
2024-08-28 23:00:00,26.8,90,1002.4,False,False,0.046255295848457056,0.17222738,0.5101916641314268,0.7951019166413142,0.6526467903863705,Low,False
2024-08-29 00:00:00,26.6,89,1002.2,False,False,0.06836681223802682,0.08534665,0.21843626407058103,0.4733799817462732,0.3459081229084271,Low,False
2024-08-29 01:00:00,26.3,89,1002.1,False,False,0.07148994728416397,0.07235739,0.17690903559476723,0.3933678125950715,0.28513842409491935,Low,False
2024-08-29 02:00:00,26.2,90,1001.8,False,False,0.06553663915865543,0.06299422,0.2582902342561606,0.3293276543961059,0.29380894432613325,Low,False
2024-08-29 03:00:00,25.9,91,1001.2,False,False,0.06251422556290642,0.07464781,0.30270763614237906,0.4079707940371159,0.3553392150897475,Low,False
2024-08-29 04:00:00,25.6,92,1001.2,False,False,0.073315974700426,0.07210582,0.154700334651658,0.39093398235473076,0.2728171585031944,Low,False
2024-08-29 05:00:00,25.4,93,1001.8,False,False,0.0706994308914044,0.08679637,0.1880133860663219,0.4806814724672954,0.33434742926680866,Low,False
2024-08-29 06:00:00,26.3,93,1002.2,False,False,0.0681568721846999,0.05819775,0.22208700943109216,0.297535746881655,0.25981137815637356,Low,False
2024-08-29 07:00:00,26.5,88,1003.1,False,False,0.06065977541027434,0.09505081,0.3275022817158503,0.5232735016732583,0.42538789169455427,Low,False
2024-08-29 08:00:00,26.6,87,1003.1,False,False,0.07580383316439565,0.036242712,0.12823243078795254,0.1292972315181016,0.12876483115302706,Low,False
2024-08-29 09:00:00,27.2,85,1003.6,False,False,0.0678221072815553,0.04871292,0.2275631274718588,0.22680255552175235,0.22718284149680557,Low,False
2024-08-29 10:00:00,28.4,80,1003.4,False,False,0.06474368878976716,0.03359291,0.2690903559476726,0.10739275935503499,0.1882415576513538,Low,False
2024-08-29 11:00:00,29.3,76,1002.9,False,False,0.05255343919485578,0.034411047,0.43048372376026767,0.11317310617584424,0.27182841496805593,Low,False
2024-08-29 12:00:00,30.5,71,1002.1,False,False,0.034696954755427944,0.021368371,0.6420748402798905,0.03665956799513234,0.3393672041375114,Low,False
2024-08-29 13:00:00,30.8,69,1001.4,False,False,0.03604900847077669,0.021462668,0.6259507149376331,0.03757225433526012,0.3317614846364466,Low,False
2024-08-29 14:00:00,26.6,93,1001.4,True,False,-0.030469387238347467,0.31334177,0.9703376939458472,0.938850015211439,0.9545938545786431,High,True
2024-08-29 15:00:00,27.6,87,1000.3,False,False,0.008185574349967417,0.1597249,0.8439306358381503,0.7627015515667782,0.8033160937024643,Medium,False
2024-08-29 16:00:00,28.8,84,1000.1,False,False,0.022728472624933937,0.108052224,0.7505324003650745,0.5889869181624582,0.6697596592637663,Low,False
2024-08-29 17:00:00,29.2,82,1000.6,False,False,0.03358711682339788,0.16416743,0.6507453605111044,0.7747185883784606,0.7127319744447825,Low,False
2024-08-29 18:00:00,28.7,77,1001.2,False,False,0.032229718675086005,0.20841749,0.6632187404928507,0.8568603589899605,0.7600395497414056,Medium,False
2024-08-29 19:00:00,28.1,79,1002.0,False,False,0.036129160405610095,0.1512332,0.6250380285975053,0.7409491937937329,0.6829936111956192,Low,False
2024-08-29 20:00:00,27.5,82,1003.1,False,False,0.032051889983029325,0.20847024,0.6642835412229997,0.8570124733799818,0.7606480073014907,Medium,False
2024-08-29 21:00:00,27.2,83,1004.0,False,False,0.039090397937039556,0.17614788,0.5924855491329479,0.8054456951627624,0.6989656221478552,Low,False
2024-08-29 22:00:00,26.8,85,1004.5,False,False,0.041516397567029795,0.14067642,0.5654091877091573,0.7109826589595376,0.6381959233343475,Low,False
2024-08-29 23:00:00,26.4,86,1004.5,False,False,0.02993080641640572,0.17719124,0.6848189838758747,0.8081076969881351,0.7464633404320049,Low,False
2024-08-30 00:00:00,26.1,88,1004.1,False,False,0.04010923665800731,0.23308669,0.5807727411013082,0.8871311226041984,0.7339519318527532,Low,False
2024-08-30 01:00:00,26.1,88,1003.9,False,False,0.048706588012318364,0.16656624,0.4806814724672954,0.7792820200790995,0.6299817462731975,Low,False
2024-08-30 02:00:00,26.1,88,1003.6,False,False,0.049241759606688085,0.14297122,0.47337998174627316,0.7172193489504107,0.595299665348342,Low,False
2024-08-30 03:00:00,26.0,89,1003.7,False,False,0.05918613566307512,0.12260706,0.3445390933982355,0.6507453605111043,0.4976422269546699,Low,False
2024-08-30 04:00:00,25.9,90,1004.2,False,False,0.05329309053941422,0.13880123,0.42090051718892607,0.7058107696988135,0.5633556434438698,Low,False
2024-08-30 05:00:00,25.8,90,1004.7,False,False,0.05357477054779253,0.1473979,0.41709765743839367,0.7303011864922422,0.573699421965318,Low,False
2024-08-30 06:00:00,25.6,93,1005.3,False,False,0.040656128761417,0.17957084,0.5751445086705202,0.8128993002738059,0.694021904472163,Low,False
2024-08-30 07:00:00,26.2,91,1005.7,False,False,0.03833400679538801,0.16557017,0.6014602981442044,0.7774566473988439,0.6894584727715242,Low,False
2024-08-30 08:00:00,27.2,86,1006.5,False,False,0.018486220061742942,0.1516019,0.781563735929419,0.7418618801338607,0.7617128080316398,Medium,False
2024-08-30 09:00:00,28.2,81,1006.9,False,False,0.015543111704327539,0.1481458,0.8007301490721022,0.7325829023425616,0.7666565257073319,Medium,False
2024-08-30 10:00:00,29.5,77,1007.0,False,False,0.0034506040274417393,0.13527583,0.8687252814116215,0.6950106480073015,0.7818679647094615,Medium,False
2024-08-30 11:00:00,30.4,74,1006.4,False,False,0.01218196390987586,0.10428282,0.8217219348950411,0.5695162762397323,0.6956191055673867,Low,False
2024-08-30 12:00:00,31.4,71,1006.1,False,False,0.01946209028549578,0.10405347,0.7747185883784606,0.5679951323395194,0.67135686035899,Low,False
2024-08-30 13:00:00,31.5,70,1005.5,False,False,0.03119986283923204,0.095221914,0.6734104046242775,0.5238819592333435,0.5986461819288105,Low,False
2024-08-30 14:00:00,31.3,71,1004.4,False,False,0.02731668424227074,0.173514,0.7129601460298145,0.7987526620018254,0.75585640401582,Medium,False
2024-08-30 15:00:00,31.3,69,1003.4,False,False,0.039503631227825464,0.1535596,0.588378460602373,0.7456647398843931,0.6670216002433831,Low,False
2024-08-30 16:00:00,31.5,68,1002.8,False,False,0.0496026709426719,0.12639798,0.4685123212655917,0.663370854882872,0.5659415880742318,Low,False
2024-08-30 17:00:00,31.1,70,1003.0,False,False,0.06266009617423501,0.0929376,0.30012169151201706,0.510800121691512,0.40546090660176454,Low,False
2024-08-30 18:00:00,29.4,79,1005.0,False,True,0.02183519762160635,0.4173574,0.7581381198661393,0.9697292363857621,0.8639336781259508,Medium,True
2024-08-30 19:00:00,28.5,83,1005.5,False,False,0.07295891588288028,0.05212384,0.15895953757225434,0.2550958320657134,0.20702768481898387,Low,False
2024-08-30 20:00:00,27.9,87,1006.2,False,False,0.06043822888219352,0.06265843,0.3299361119561911,0.32704593854578645,0.3284910252509888,Low,False
2024-08-30 21:00:00,27.5,89,1006.7,False,False,0.06115263788592207,0.053332783,0.3202007909948281,0.2634621235168847,0.2918314572558564,Low,False
2024-08-30 22:00:00,27.3,90,1007.0,False,False,0.05832551717875084,0.06861049,0.3547307575296623,0.3656829936111956,0.36020687557042896,Low,False
2024-08-30 23:00:00,27.0,92,1007.1,False,False,0.0441575061563263,0.111150675,0.5352905384849407,0.6013081837541832,0.5682993611195619,Low,False
2024-08-31 00:00:00,26.8,92,1006.7,False,False,0.0615911510451167,0.16861477,0.3147246729540615,0.7862792820200791,0.5505019774870703,Low,False
2024-08-31 01:00:00,26.7,92,1006.4,False,False,0.06912724898015488,0.11681872,0.20687557042896254,0.6267112868877396,0.41679342865835106,Low,False
2024-08-31 02:00:00,26.4,93,1006.0,False,False,0.07543966538257907,0.0866202,0.13036203224825071,0.47961667173714634,0.3049893519926985,Low,False
2024-08-31 03:00:00,26.2,94,1005.8,False,False,0.08075237976501787,0.05306131,0.08016428354122296,0.2605719501064801,0.17036811682385153,Low,False
2024-08-31 04:00:00,26.0,95,1005.8,False,False,0.08372111498813678,0.042962313,0.0568907818679647,0.1839062975357469,0.1203985397018558,Low,False
2024-08-31 05:00:00,25.7,96,1005.9,False,False,0.08241933610817109,0.03970283,0.06510495892911472,0.15850319440219043,0.11180407666565258,Low,False
2024-08-31 06:00:00,25.9,97,1006.3,False,False,0.07381777951391377,0.046995133,0.14724672954061457,0.21524186188013386,0.1812442957103742,Low,False
2024-08-31 07:00:00,26.7,94,1006.6,False,False,0.07904468925497876,0.035100937,0.09415880742318228,0.12032248250684514,0.1072406449650137,Low,False
2024-08-31 08:00:00,28.2,88,1006.6,False,False,0.07917250649316332,0.049545716,0.09324612108305441,0.23456038941283847,0.16390325524794644,Low,False
2024-08-31 09:00:00,29.8,77,1006.7,False,False,0.06025939676092379,0.067035444,0.33145725585640406,0.3579251597201095,0.3446912077882568,Low,False
2024-08-31 10:00:00,31.0,70,1006.5,False,False,0.07399988339944763,0.043700684,0.14557347125038034,0.18892607240644965,0.167249771828415,Low,False
2024-08-31 11:00:00,31.9,66,1006.0,False,False,0.06512657138946637,0.037286535,0.26300578034682076,0.1375114085792516,0.20025859446303618,Low,False
2024-08-31 12:00:00,32.6,62,1005.4,False,False,0.05845223288001061,0.05395302,0.3522969272893216,0.2680255552175236,0.3101612412534226,Low,False
2024-08-31 13:00:00,33.1,59,1004.7,False,False,0.051830506123800635,0.03410252,0.4423486461819288,0.11119561910556738,0.2767721326437481,Low,False
2024-08-31 14:00:00,33.3,59,1003.7,False,False,0.04254563843565273,0.044672877,0.5543048372376027,0.1950106480073015,0.3746577426224521,Low,False
2024-08-31 15:00:00,33.3,60,1003.0,False,False,0.04398945645870622,0.052867353,0.5368116823851536,0.259507149376331,0.39815941588074233,Low,False
2024-08-31 16:00:00,33.2,60,1002.8,False,False,0.056596210876266984,0.07115141,0.3790690599330697,0.3834803772436873,0.38127471858837847,Low,False
2024-08-31 17:00:00,32.7,62,1002.5,False,False,0.04519167007559782,0.07119414,0.5229692728932157,0.38363249163370855,0.4533008822634621,Low,False
2024-08-31 18:00:00,31.1,75,1003.4,False,False,0.010695039046033139,0.10091287,0.8316093702464253,0.55400060845756,0.6928049893519928,Low,False
2024-08-31 19:00:00,29.8,79,1003.9,False,False,0.06414118913258166,0.053944062,0.27730453300882263,0.267721326437481,0.2725129297231518,Low,False
2024-08-31 20:00:00,29.1,83,1004.4,False,False,0.06898764005420627,0.07291674,0.20961362944934592,0.3977791299056891,0.3036963796775175,Low,False
2024-08-31 21:00:00,29.1,81,1004.8,False,False,0.07380621495750567,0.16018903,0.14739884393063585,0.7634621235168847,0.45543048372376027,Low,False
2024-08-31 22:00:00,29.4,77,1005.0,False,False,0.06616409327128991,0.15498579,0.24916337085488283,0.7503802859750532,0.49977182841496803,Low,False
2024-08-31 23:00:00,28.1,84,1004.9,False,False,0.04673318516172775,0.12801906,0.5060845756008518,0.6709765743839368,0.5885305749923944,Low,False
2024-09-01 00:00:00,27.8,86,1004.7,False,False,0.07473791701312776,0.04932298,0.13796775174931553,0.2327350167325829,0.1853513842409492,Low,False
2024-09-01 01:00:00,27.5,87,1004.3,False,False,0.07536128831673111,0.03455755,0.13127471858837847,0.11378156373592942,0.12252814116215394,Low,False
2024-09-01 02:00:00,27.3,87,1004.1,False,False,0.07706372497656899,0.031530768,0.11515059324612109,0.09476726498326742,0.10495892911469426,Low,False
2024-09-01 03:00:00,27.2,86,1004.1,False,False,0.08727447665355975,0.036029305,0.0345299665348342,0.12792820200790994,0.08122908427137207,Low,False
2024-09-01 04:00:00,27.0,87,1004.4,False,False,0.08425776804273799,0.03623121,0.05354426528749623,0.12914511712808033,0.09134469120778828,Low,False
2024-09-01 05:00:00,26.7,89,1004.5,False,False,0.08751932432304649,0.016698882,0.03316093702464251,0.019774870702768482,0.026467903863705497,Low,False
2024-09-01 06:00:00,27.3,91,1004.9,False,False,0.07608293653661374,0.042666942,0.12488591420748407,0.18208092485549132,0.1534834195314877,Low,False
2024-09-01 07:00:00,28.1,88,1005.2,False,False,0.08831485361637248,0.022193845,0.029966534834195313,0.040918770915728625,0.03544265287496197,Low,False
2024-09-01 08:00:00,29.4,84,1005.5,False,False,0.09031081191982715,0.023460625,0.020383328262853717,0.04745968968664436,0.033921508974749034,Low,False
2024-09-01 09:00:00,30.9,75,1005.6,False,False,0.07470395669220287,0.027904883,0.13888043808944328,0.07331913599026468,0.10609978703985398,Low,False
2024-09-01 10:00:00,31.8,68,1005.7,False,False,0.0779935768751221,0.058275644,0.10541527228475811,0.29814420444174017,0.20177973836324914,Low,False
2024-09-01 11:00:00,32.6,65,1005.5,False,False,0.07931839209410213,0.05279393,0.09233343474292666,0.25874657742622453,0.1755400060845756,Low,False
2024-09-01 12:00:00,33.0,65,1004.8,False,False,0.05962859735934162,0.051039506,0.33906297535746877,0.24688165500456344,0.2929723151810161,Low,False
2024-09-01 13:00:00,33.4,66,1003.9,False,False,0.04952848544609906,0.048282318,0.46972923638576214,0.22391238211134773,0.34682080924855496,Low,False
2024-09-01 14:00:00,33.6,64,1002.7,False,False,0.042216542136631285,0.057458322,0.5582598113781564,0.2931244295710374,0.4256921204745969,Low,False
2024-09-01 15:00:00,33.7,63,1001.8,False,False,0.04748818714559022,0.057783492,0.4969577121995741,0.2947976878612717,0.3958777000304229,Low,False
2024-09-01 16:00:00,33.5,64,1001.3,False,False,0.05436906083523957,0.073003046,0.40705810769698814,0.39838758746577424,0.4027228475813812,Low,False
2024-09-01 17:00:00,32.9,65,1001.4,False,False,0.06210908159018963,0.08613753,0.3089443261332522,0.4773349558868269,0.3931396410100395,Low,False
2024-09-01 18:00:00,31.5,75,1002.4,False,False,0.028678105186343672,0.12726426,0.6975965926376635,0.6659567995132339,0.6817766960754488,Low,False
2024-09-01 19:00:00,30.2,80,1003.1,False,False,0.06625490969066544,0.049441446,0.24794645573471252,0.23379981746273198,0.24087313659872225,Low,False
2024-09-01 20:00:00,29.8,82,1003.7,False,False,0.07495606901782365,0.06169169,0.13522969272893215,0.3217219348950411,0.22847581381198662,Low,False
2024-09-01 21:00:00,30.0,77,1004.3,False,False,0.07355523546053111,0.12709405,0.15135381807118953,0.6651962275631275,0.4082750228171585,Low,False
2024-09-01 22:00:00,29.4,79,1004.6,False,False,0.07131362551598897,0.034999568,0.1790386370550654,0.11895345299665348,0.14899604502585945,Low,False
2024-09-01 23:00:00,29.0,82,1004.7,False,False,0.06297845008509523,0.070209436,0.2958624885914207,0.37572254335260113,0.33579251597201093,Low,False
2024-09-02 00:00:00,28.7,83,1004.5,False,False,0.07469825689641213,0.07544357,0.13918466686948583,0.4123821113477335,0.27578338910860967,Low,False
2024-09-02 01:00:00,28.5,82,1004.3,False,False,0.08070772144407734,0.062277008,0.08062062671128689,0.324764222695467,0.20269242470337695,Low,False
2024-09-02 02:00:00,28.3,83,1004.1,False,False,0.08073279021892005,0.050228626,0.08046851232126562,0.2400365074536051,0.16025250988743536,Low,False
2024-09-02 03:00:00,28.0,85,1004.0,False,False,0.08637214951237265,0.041577123,0.03985397018557957,0.17325829023425615,0.10655613020991786,Low,False
2024-09-02 04:00:00,27.7,87,1004.1,False,False,0.0871749372762225,0.037802175,0.03498630970489813,0.14207484027989048,0.0885305749923943,Low,False
2024-09-02 05:00:00,27.5,88,1004.2,False,False,0.08638508535495104,0.034064606,0.03954974140553691,0.1105871615454822,0.07506845147550956,Low,False
2024-09-02 06:00:00,28.1,85,1004.6,False,False,0.08308498084235172,0.043447718,0.060997870398539655,0.1871006997261941,0.12404928506236687,Low,False
2024-09-02 07:00:00,29.0,84,1005.2,False,False,0.08094937790850742,0.06137857,0.07742622452083969,0.31974444782476424,0.19858533617280197,Low,False
2024-09-02 08:00:00,30.5,76,1005.5,False,False,0.07106078221539097,0.051900335,0.18268938241557653,0.25372680255552177,0.21820809248554915,Low,False
2024-09-02 09:00:00,31.4,70,1006.0,False,False,0.06688338008025291,0.09630755,0.23881959233343475,0.529814420444174,0.3843170063888044,Low,False
2024-09-02 10:00:00,32.7,66,1006.0,False,False,0.0702340896853006,0.067667864,0.19257681776696078,0.36127167630057805,0.2769242470337694,Low,False
2024-09-02 11:00:00,31.3,68,1006.2,False,False,0.05671536421917878,0.1857657,0.3770915728627928,0.8241557651353818,0.6006236689990874,Low,False
2024-09-02 12:00:00,32.5,67,1005.3,False,False,0.04852463296030979,0.07862579,0.4835716458777001,0.43306966839062977,0.4583206571341649,Low,False
2024-09-02 13:00:00,33.4,62,1004.1,False,False,0.04345061718323229,0.061066907,0.5439610587161545,0.3163979312442957,0.4301794949802251,Low,False
2024-09-02 14:00:00,32.0,64,1003.1,False,False,0.045122845706613124,0.227818,0.5238819592333435,0.8816550045634317,0.7027684818983876,Low,False
2024-09-02 15:00:00,31.9,64,1002.1,False,False,0.05266712800207918,0.2077187,0.42804989351992695,0.8559476726498326,0.6419987830848798,Low,False
2024-09-02 16:00:00,30.7,71,1002.1,False,False,0.047953983024916214,0.069885544,0.4908731365987222,0.3737450562823243,0.4323090964405233,Low,False
2024-09-02 17:00:00,30.3,74,1001.9,False,False,0.057817519163945175,0.0998206,0.36294493459081234,0.5480681472467296,0.45550654091877096,Low,False
2024-09-02 18:00:00,30.4,75,1003.2,False,False,0.05188353922494032,0.31103212,0.44158807423182234,0.9368725281411622,0.6892303011864922,Low,False
2024-09-02 19:00:00,29.4,79,1004.0,False,False,0.05653150629723874,0.08244178,0.38013386066321875,0.45482202616367506,0.4174779434134469,Low,False
2024-09-02 20:00:00,28.2,84,1004.1,False,False,0.05247453822679915,0.047404643,0.432156982050502,0.2176756921204746,0.3249163370854883,Low,False
2024-09-02 21:00:00,27.9,86,1004.8,False,False,0.05712534673286651,0.048602495,0.3708548828719197,0.2257377547916033,0.2982963188317615,Low,False
2024-09-02 22:00:00,27.7,86,1005.2,False,False,0.0684025286542349,0.049094446,0.21767569212047455,0.23106175844234864,0.2243687252814116,Low,False
2024-09-02 23:00:00,27.6,86,1005.3,False,False,0.06276480400991247,0.071546175,0.2986005476118041,0.3865226650441132,0.3425616063279586,Low,False
2024-09-03 00:00:00,27.3,88,1005.3,False,False,0.07377932127984138,0.0970724,0.1483115302707636,0.5333130514146638,0.3408122908427137,Low,False
2024-09-03 01:00:00,27.1,89,1004.7,False,False,0.0643518589057191,0.08391212,0.27380590203833277,0.46349254639488896,0.36864922421661084,Low,False
2024-09-03 02:00:00,27.0,89,1003.9,False,False,0.06295727790124,0.071072444,0.2961667173714634,0.38302403407362334,0.3395953757225434,Low,False
2024-09-03 03:00:00,26.7,90,1004.2,False,False,0.08163534675274892,0.047990337,0.07088530574992391,0.2217827806510496,0.14633404320048676,Low,False
2024-09-03 04:00:00,26.5,91,1004.5,False,False,0.08256140154025587,0.037387427,0.06404015819896558,0.13842409491937938,0.10123212655917248,Low,False
2024-09-03 05:00:00,26.5,91,1004.7,False,False,0.08518884176192287,0.027070891,0.04806814724672959,0.06769090355947673,0.057879525403103156,Low,False
2024-09-03 06:00:00,27.4,85,1005.4,False,False,0.08113994647238532,0.05172524,0.07514450867052025,0.2525098874353514,0.16382719805293583,Low,False
2024-09-03 07:00:00,28.1,83,1005.9,False,False,0.08238799314035483,0.050548106,0.06540918770915727,0.24155765135381807,0.15348341953148767,Low,False
2024-09-03 08:00:00,29.3,78,1006.5,False,False,0.07706514696706546,0.053831033,0.11499847885609982,0.2672649832674171,0.19113173106175846,Low,False
2024-09-03 09:00:00,31.0,70,1006.9,False,False,0.05398124621144307,0.08285633,0.41192576817766957,0.45679951323395196,0.43436264070581077,Low,False
2024-09-03 10:00:00,31.6,67,1007.0,False,False,0.07048254288776318,0.08657124,0.19029510191664134,0.47931244295710373,0.33480377243687254,Low,False
2024-09-03 11:00:00,32.0,66,1006.6,False,False,0.06722577078706188,0.056454834,0.23440827502281714,0.2862792820200791,0.2603437785214481,Low,False
2024-09-03 12:00:00,32.2,65,1005.9,False,False,0.06342311611743534,0.03661584,0.2884088834803773,0.13249163370854883,0.21045025859446306,Low,False
2024-09-03 13:00:00,31.1,71,1005.3,False,False,0.06093364930541306,0.2976845,0.32324307879525405,0.9297231518101612,0.6264831153027076,Low,False
2024-09-03 14:00:00,28.3,84,1004.8,False,False,0.01654258115305296,0.1418504,0.7944934590812291,0.7149376331000913,0.7547155460906603,Medium,False
2024-09-03 15:00:00,29.1,79,1003.8,False,False,0.05678427945907549,0.19838665,0.3754183145725586,0.8443869790082141,0.6099026467903863,Low,False
2024-09-03 16:00:00,28.6,83,1003.4,False,False,0.056286269596565075,0.071429014,0.3834803772436872,0.3853057499239428,0.384393063583815,Low,False
2024-09-03 17:00:00,28.3,84,1004.0,False,False,0.0738031845570592,0.10721657,0.14755095832065712,0.5841192576817767,0.36583510800121694,Low,False
2024-09-03 18:00:00,26.2,91,1005.1,False,False,0.017424365459952018,0.16263875,0.7881046547003346,0.7689382415576513,0.778521448128993,Medium,False
2024-09-03 19:00:00,26.1,93,1005.6,False,False,0.05935526816826242,0.056888048,0.34286583510800117,0.289321569820505,0.31609370246425306,Low,False
2024-09-03 20:00:00,26.0,95,1006.2,False,False,0.058532429710191125,0.059673,0.3515363553392151,0.30727106784301794,0.32940371159111653,Low,False
2024-09-03 21:00:00,26.1,94,1006.6,False,False,0.056756737503922516,0.06295539,0.37633100091268634,0.32917554000608457,0.3527532704593854,Low,False
2024-09-03 22:00:00,26.1,93,1006.6,False,False,0.0635001050928411,0.08494725,0.2871919683602069,0.4698813507757834,0.37853665956799515,Low,False
2024-09-03 23:00:00,26.0,95,1006.1,False,False,0.053939145506609776,0.19734335,0.4129905689078187,0.8431700638880438,0.6280803163979313,Low,False
2024-09-04 00:00:00,25.8,95,1005.6,False,False,0.06648187497138308,0.063610554,0.24368725281411618,0.3346516580468512,0.28916945543048367,Low,False
2024-09-04 01:00:00,25.7,96,1005.3,False,False,0.06623357283787112,0.041981306,0.24840279890477635,0.1759963492546395,0.2121995740797079,Low,False
2024-09-04 02:00:00,25.6,96,1005.3,False,False,0.07336825355092391,0.046243977,0.1540918770915729,0.20794037115911165,0.1810161241253423,Low,False
2024-09-04 03:00:00,25.7,96,1004.6,False,False,0.06331019438165547,0.04249083,0.2897779129905689,0.18040766656525709,0.23509278977791298,Low,False
2024-09-04 04:00:00,25.5,96,1004.7,False,False,0.08015148218079615,0.05660909,0.0844234864618193,0.28734408275022816,0.18588378460602373,Low,False
2024-09-04 05:00:00,25.6,96,1004.7,False,False,0.07820489770298839,0.044422556,0.10206875570428964,0.19379373288713111,0.14793124429571036,Low,False
2024-09-04 06:00:00,25.5,98,1005.1,False,False,0.07180331718594307,0.07495583,0.17143291755400059,0.40979616671737146,0.29061454213568605,Low,False
2024-09-04 07:00:00,26.4,94,1005.2,False,False,0.0729971255146793,0.034593374,0.15819896562214786,0.114085792515972,0.13614237906905993,Low,False
2024-09-04 08:00:00,27.4,87,1005.2,False,False,0.07809383936222353,0.034891687,0.10419835716458781,0.11712808031639793,0.11066321874049287,Low,False
2024-09-04 09:00:00,28.5,80,1005.6,False,False,0.06774125320966207,0.06937242,0.22847581381198656,0.371006997261941,0.29974140553696377,Low,False
2024-09-04 10:00:00,29.7,73,1005.5,False,False,0.06348339749505089,0.052560706,0.28734408275022816,0.2575296623060542,0.2724368725281412,Low,False
2024-09-04 11:00:00,30.8,66,1004.8,False,False,0.03729833762746965,0.041858118,0.6124125342257378,0.1755400060845756,0.3939762701551567,Low,False
2024-09-04 12:00:00,31.6,62,1004.0,False,False,0.03486842526421885,0.048468713,0.6402494675996349,0.22497718284149681,0.43261332522056584,Low,False
2024-09-04 13:00:00,32.0,60,1003.1,False,False,0.02298766665721652,0.02697914,0.7488591420748403,0.06708244599939155,0.4079707940371159,Low,False
2024-09-04 14:00:00,32.0,62,1002.0,False,False,0.033797230542961576,0.075608276,0.6489199878308488,0.41299056890781866,0.5309552783693338,Low,False
2024-09-04 15:00:00,31.8,65,1000.7,False,False,0.018488957903800174,0.25154635,0.7814116215393976,0.9050806206267112,0.8432461210830544,Medium,False
2024-09-04 16:00:00,31.4,66,1000.1,False,False,0.03381331911833352,0.2906697,0.6487678734408275,0.9260724064496502,0.7874201399452389,Medium,False
2024-09-04 17:00:00,30.9,68,1000.0,False,True,0.0419395511036294,0.32099035,0.561149984788561,0.9420444174018863,0.7515972010952237,Medium,True
2024-09-04 18:00:00,29.3,78,1000.8,True,False,-0.013559407948037783,0.21799561,0.935807727411013,0.8716154548220262,0.9037115911165197,High,True
2024-09-04 19:00:00,28.1,87,1000.9,False,True,0.006970570014410871,0.40880805,0.8524490416793429,0.9677517493154852,0.9101003954974141,High,True
2024-09-04 20:00:00,27.5,89,1001.2,False,True,0.02914769705288839,0.56970006,0.6934895041070885,0.9869181624581685,0.8402038332826285,Medium,True
2024-09-04 21:00:00,26.9,91,1001.8,False,True,0.02695256414351399,0.40329942,0.7166108913903255,0.9665348341953148,0.8415728627928202,Medium,True
2024-09-04 22:00:00,26.5,92,1002.2,False,True,0.03534191825941202,0.35054386,0.6355339215089748,0.9523881959233343,0.7939610587161545,Medium,True
2024-09-04 23:00:00,26.4,91,1002.2,False,True,0.034703637796002995,0.37036803,0.6417706114998478,0.9580164283541223,0.799893519926985,Medium,True
2024-09-05 00:00:00,26.1,91,1001.8,False,True,0.04965959540964965,0.321772,0.46759963492546397,0.9426528749619714,0.7051262549437176,Low,True
2024-09-05 01:00:00,25.7,94,1001.4,False,False,0.040980081341201235,0.27725545,0.5719501064800729,0.9212047459689686,0.7465774262245208,Low,False
2024-09-05 02:00:00,25.3,96,1001.1,False,False,0.041549847303995135,0.26246813,0.5651049589291147,0.911621539397627,0.7383632491633709,Low,False
2024-09-05 03:00:00,25.2,97,1001.0,False,False,0.04750361693331423,0.27231246,0.49634925463948887,0.9172497718284149,0.706799513233952,Low,False
2024-09-05 04:00:00,25.1,98,1000.9,False,False,0.04893434206441244,0.2680669,0.47733495588682684,0.9154243991481594,0.6963796775174931,Low,False
2024-09-05 05:00:00,24.9,98,1001.4,False,False,0.053507160436351564,0.21684793,0.4175540006084576,0.8696379677517493,0.6435959841801034,Low,False
2024-09-05 06:00:00,26.0,96,1001.4,False,False,0.053278471510442016,0.2440588,0.4212047459689686,0.8983875874657743,0.6597961667173715,Low,False
2024-09-05 07:00:00,26.9,92,1002.1,False,False,0.05129551201142646,0.17424548,0.44843322178278067,0.8010343778521448,0.6247337998174627,Low,False
2024-09-05 08:00:00,26.9,88,1002.9,False,False,0.0676585264858946,0.13198863,0.22938850015211443,0.6851232126559172,0.45725585640401584,Low,False
2024-09-05 09:00:00,28.5,83,1002.9,False,False,0.07423526242500433,0.034185797,0.1432917554000609,0.11149984788560997,0.12739580164283543,Low,False
2024-09-05 10:00:00,29.8,77,1003.0,False,False,0.06502680826124624,0.03021736,0.2648311530270764,0.08700943109218132,0.17592029205962884,Low,False
2024-09-05 11:00:00,30.9,72,1002.6,False,False,0.06961858914214497,0.034189835,0.2001825372680256,0.11165196227563128,0.15591724977182844,Low,False
2024-09-05 12:00:00,31.6,68,1001.7,False,False,0.04543318563025883,0.045155253,0.5208396714329175,0.1985092789777913,0.35967447520535445,Low,False
2024-09-05 13:00:00,32.2,65,1000.6,False,False,0.0325733813396602,0.04107834,0.6604806814724673,0.17067234560389413,0.4155765135381807,Low,False
2024-09-05 14:00:00,32.4,64,999.7,False,False,0.03423023239009321,0.029955033,0.6454213568603591,0.08503194402190448,0.3652266504411318,Low,False
2024-09-05 15:00:00,32.3,65,998.8,False,False,0.030820010826630273,0.054183453,0.676756921204746,0.26985092789777915,0.4733039245512626,Low,False
2024-09-05 16:00:00,32.1,66,998.4,False,False,0.04704222089820431,0.058864348,0.5030422878004259,0.3014907210222087,0.4022665044113173,Low,False
2024-09-05 17:00:00,30.6,72,998.3,False,False,0.045105425016702616,0.039113615,0.5240340736233648,0.1524186188013386,0.3382263462123517,Low,False
2024-09-05 18:00:00,30.0,75,999.0,False,False,0.04303337656756623,0.10273366,0.5485244904167934,0.5616063279586249,0.5550654091877092,Low,False
2024-09-05 19:00:00,28.9,81,999.6,False,False,0.04868179447502108,0.04411431,0.48098570124733797,0.19242470337693945,0.33670520231213874,Low,False
2024-09-05 20:00:00,28.1,87,1000.2,False,False,0.048112317801068005,0.05882337,0.48828719196836023,0.3011864922421661,0.39473684210526316,Low,False
2024-09-05 21:00:00,27.6,89,1000.9,False,False,0.05784558909959625,0.083824195,0.36218436264070586,0.46318831761484636,0.4126863401277761,Low,False
2024-09-05 22:00:00,27.4,88,1001.4,False,False,0.06203975747034074,0.08206004,0.30970489808335866,0.45299665348341955,0.3813507757833891,Low,False
2024-09-05 23:00:00,27.1,88,1001.6,False,False,0.05796849342077953,0.07061878,0.36096744752053544,0.37906905993306966,0.3700182537268025,Low,False
2024-09-06 00:00:00,26.8,88,1001.6,False,False,0.0774744732928877,0.06481115,0.109978703985397,0.343778521448129,0.226878612716763,Low,False
2024-09-06 01:00:00,26.4,89,1001.4,False,False,0.07552535821937262,0.050815742,0.12990568907818678,0.24490416793428657,0.1874049285062367,Low,False
2024-09-06 02:00:00,26.2,89,1001.2,False,False,0.07747706428320517,0.037123293,0.10982658959537572,0.13568603589899605,0.12275631274718589,Low,False
2024-09-06 03:00:00,25.7,92,1001.0,False,False,0.07187810385063703,0.024387859,0.1706723456038941,0.05232735016732583,0.11149984788560996,Low,False
2024-09-06 04:00:00,25.4,94,1001.4,False,False,0.07026429031740944,0.019603197,0.19212047459689685,0.02935807727411013,0.11073927593550349,Low,False
2024-09-06 05:00:00,25.3,94,1002.1,False,False,0.0657457530625622,0.026014308,0.25555217523577733,0.06054152722847581,0.15804685123212658,Low,False
2024-09-06 06:00:00,26.9,89,1002.1,False,False,0.06999006177041794,0.063497305,0.19577121995740798,0.3338910860967447,0.2648311530270764,Low,False
2024-09-06 07:00:00,27.9,86,1003.1,False,False,0.06336368749145788,0.06350897,0.28916945543048367,0.33419531487678733,0.3116823851536355,Low,False
2024-09-06 08:00:00,29.3,81,1003.4,False,False,0.07331082234678254,0.01847195,0.15485244904167939,0.025707331913599026,0.09027989047763921,Low,False
2024-09-06 09:00:00,30.8,73,1003.9,False,False,0.039634291321905823,0.07238186,0.5860967447520535,0.3938241557651354,0.48996045025859447,Low,False
2024-09-06 10:00:00,31.8,66,1004.2,False,False,0.03192673334536028,0.09821863,0.6664131426832978,0.5390933982354731,0.6027532704593854,Low,False
2024-09-06 11:00:00,32.5,64,1003.8,False,False,0.04618846188160891,0.03483204,0.5112564648615758,0.11682385153635534,0.3140401581989656,Low,False
2024-09-06 12:00:00,33.0,61,1003.4,False,False,0.049234725971663396,0.030770842,0.4736842105263158,0.08913903255247946,0.28141162153939764,Low,False
2024-09-06 13:00:00,33.3,58,1002.6,False,False,0.046798106839051556,0.023951946,0.5057803468208093,0.0495892911469425,0.2776848189838759,Low,False
2024-09-06 14:00:00,32.9,60,1001.3,False,False,0.03827025675371232,0.11798328,0.6022208700943109,0.6311226041983572,0.616671737146334,Low,False
2024-09-06 15:00:00,32.9,60,1000.3,False,False,0.047473131854295414,0.07935236,0.49710982658959535,0.4368725281411622,0.46699117736537876,Low,False
2024-09-06 16:00:00,32.5,61,1000.2,False,False,0.07129158187341572,0.035383135,0.1796470946151506,0.12199574079707941,0.150821417706115,Low,False
2024-09-06 17:00:00,31.6,66,1000.7,False,False,0.07073904599035263,0.021399835,0.18710069972619414,0.037115911165196226,0.11210830544569518,Low,False
2024-09-06 18:00:00,31.0,68,1001.8,False,False,0.05909092268435906,0.16861005,0.34636446607849103,0.7861271676300579,0.5662458168542744,Low,False
2024-09-06 19:00:00,29.6,73,1002.4,False,False,0.06704639894566305,0.03299226,0.23638576209309403,0.10374201399452389,0.17006388804380895,Low,False
2024-09-06 20:00:00,28.8,77,1002.8,False,False,0.07028372087687701,0.029194716,0.19196836020687558,0.08077274110130818,0.13637055065409187,Low,False
2024-09-06 21:00:00,28.1,82,1003.5,False,False,0.06144002481654509,0.04026089,0.3170063888043809,0.1636750836629145,0.2403407362336477,Low,False
2024-09-06 22:00:00,27.7,84,1004.1,False,False,0.06348310510533145,0.03687772,0.28749619714024943,0.13462123516884697,0.2110587161545482,Low,False
2024-09-06 23:00:00,27.4,85,1004.2,False,False,0.059440362299772564,0.0743918,0.34164891998783087,0.4061454213568604,0.3738971706723456,Low,False
2024-09-07 00:00:00,27.0,88,1004.1,False,False,0.06478296194404898,0.100401066,0.2684818983875875,0.5515667782172193,0.4100243383024034,Low,False
2024-09-07 01:00:00,26.7,90,1003.8,False,False,0.06381268435360887,0.07592394,0.28217219348950406,0.41420748402798907,0.34818983875874654,Low,False
2024-09-07 02:00:00,26.3,93,1003.9,False,False,0.06734907302799792,0.04477132,0.23303924551262545,0.19561910556738668,0.21432917554000608,Low,False
2024-09-07 03:00:00,25.9,95,1003.8,False,False,0.07003106566055523,0.043664828,0.19546699117736532,0.18846972923638577,0.19196836020687555,Low,False
2024-09-07 04:00:00,25.6,95,1004.1,False,False,0.06820951379790102,0.025394216,0.2211743230909644,0.0573471250380286,0.1392607240644965,Low,False
2024-09-07 05:00:00,25.4,95,1004.7,False,False,0.06504865641822,0.026009139,0.26437480985701245,0.06038941283845452,0.16238211134773348,Low,False
2024-09-07 06:00:00,26.2,92,1004.9,False,False,0.07127444191344429,0.041887958,0.17995132339519315,0.1756921204745969,0.17782172193489504,Low,False
2024-09-07 07:00:00,26.8,89,1004.9,False,False,0.07414753006430996,0.0776813,0.1445086705202312,0.4266808640097353,0.28559476726498323,Low,False
2024-09-07 08:00:00,28.0,84,1005.6,False,False,0.06836965290059183,0.024228685,0.21828414968055976,0.05111043504715546,0.1346972923638576,Low,False
2024-09-07 09:00:00,29.4,77,1005.9,False,False,0.07055934702658323,0.013816077,0.18938241557651359,0.012321265591724978,0.10085184058411928,Low,False
2024-09-07 10:00:00,30.6,70,1005.7,False,False,0.06660833361631519,0.016147718,0.2423182233039245,0.017797383632491635,0.13005780346820806,Low,False
2024-09-07 11:00:00,31.8,65,1005.2,False,False,0.0633775253931852,0.012648067,0.2890173410404624,0.009735320961362945,0.14937633100091266,Low,False
2024-09-07 12:00:00,32.6,62,1004.6,False,False,0.06074268715243858,0.02584979,0.3265895953757225,0.05947672649832674,0.19303316093702463,Low,False
2024-09-07 13:00:00,33.0,61,1003.8,False,False,0.05046248203200049,0.03492745,0.45740797079403717,0.11773653787648311,0.2875722543352601,Low,False
2024-09-07 14:00:00,33.0,60,1002.7,False,False,0.0503987437620384,0.0686254,0.4583206571341649,0.36583510800121694,0.41207788256769096,Low,False
2024-09-07 15:00:00,32.8,59,1001.8,False,False,0.04727614328778529,0.07503919,0.5004563431700639,0.41055673866747794,0.45550654091877096,Low,False
2024-09-07 16:00:00,32.7,60,1001.8,False,False,0.07269696645850665,0.049586367,0.1610891390325525,0.23516884697292365,0.19812899300273806,Low,False
2024-09-07 17:00:00,32.1,61,1001.7,False,False,0.06539985023250211,0.034047905,0.2602677213264375,0.1104350471554609,0.1853513842409492,Low,False
2024-09-07 18:00:00,29.9,73,1002.8,False,False,0.013378133449410246,0.092624426,0.8135077578338911,0.5091268634012778,0.6613173106175845,Low,False
2024-09-07 19:00:00,28.9,77,1003.5,False,False,0.07355266036142388,0.028658524,0.1515059324612108,0.07818679647094615,0.11484636446607847,Low,False
2024-09-07 20:00:00,28.3,80,1004.2,False,False,0.07446666719901585,0.041993998,0.14101003954974145,0.17630057803468208,0.15865530879221176,Low,False
2024-09-07 21:00:00,27.7,83,1004.7,False,False,0.07449451777705524,0.023993019,0.14085792515972007,0.04989351992698509,0.09537572254335258,Low,False
2024-09-07 22:00:00,27.2,85,1004.9,False,False,0.07435047715705312,0.044978246,0.1419227258898692,0.19744447824764222,0.1696836020687557,Low,False
2024-09-07 23:00:00,26.8,88,1004.8,False,False,0.06303342288899377,0.11703355,0.2947976878612717,0.6277760876178886,0.46128688773958015,Low,False
2024-09-08 00:00:00,26.4,89,1004.6,False,False,0.07460999813518027,0.0331733,0.13979312442957104,0.10495892911469425,0.12237602677213263,Low,False
2024-09-08 01:00:00,26.0,91,1004.5,False,False,0.07423080152906836,0.023034574,0.14359598418010344,0.044873745056282326,0.09423486461819289,Low,False
2024-09-08 02:00:00,25.7,91,1004.5,False,False,0.07805687299042668,0.016132288,0.10450258594463036,0.017645269242470337,0.06107392759355035,Low,False
2024-09-08 03:00:00,25.4,92,1004.4,False,False,0.07956895957802862,0.014452078,0.08883480377243691,0.013081837541831457,0.05095832065713418,Low,False
2024-09-08 04:00:00,25.1,93,1004.7,False,False,0.07836965566612558,0.016403895,0.09963492546394892,0.018862184362640706,0.05924855491329481,Low,False
2024-09-08 05:00:00,24.8,94,1005.0,False,False,0.07964469393320822,0.017700506,0.08746577426224522,0.02357773045330088,0.055521752357773055,Low,False
2024-09-08 06:00:00,25.8,92,1005.1,False,False,0.07958053886780653,0.02546709,0.08837846060237298,0.057499239428049895,0.07293885001521144,Low,False
2024-09-08 07:00:00,27.0,88,1005.5,False,False,0.08111166017733251,0.020442028,0.07560085184058407,0.03194402190447216,0.05377243687252811,Low,False
2024-09-08 08:00:00,28.5,80,1006.1,False,False,0.07938116814098611,0.026464341,0.09157286279282018,0.06312747185883785,0.07735016732582901,Low,False
2024-09-08 09:00:00,29.8,73,1006.3,False,False,0.08046344033160369,0.024835646,0.0818375418314573,0.05460906601764527,0.06822330392455128,Low,False
2024-09-08 10:00:00,30.9,68,1006.1,False,False,0.07622981971557946,0.022837263,0.12321265591724972,0.04426528749619714,0.08373897170672343,Low,False
2024-09-08 11:00:00,31.9,63,1005.5,False,False,0.06798589187578546,0.020394519,0.22497718284149681,0.03163979312442957,0.12830848798296318,Low,False
2024-09-08 12:00:00,32.7,59,1004.5,False,False,0.0505488384659033,0.03582418,0.4566473988439307,0.12640705810769698,0.2915272284758138,Low,False
2024-09-08 13:00:00,33.2,57,1003.5,False,False,0.04617285382046166,0.030213257,0.5115606936416185,0.08685731670216003,0.29920900517188925,Low,False
2024-09-08 14:00:00,33.5,56,1002.7,False,False,0.050362104081322745,0.03221011,0.45892911469425013,0.09841801034377852,0.2786735625190143,Low,False
2024-09-08 15:00:00,33.3,56,1002.0,False,False,0.05382813634057815,0.042620488,0.41466382719805295,0.18132035290538484,0.2979920900517189,Low,False
2024-09-08 16:00:00,33.2,57,1001.5,False,False,0.05319319766083258,0.063094474,0.4219653179190751,0.3300882263462124,0.37602677213264374,Low,False
2024-09-08 17:00:00,32.6,59,1001.0,False,False,0.04883646152043403,0.09626104,0.4790082141770612,0.5293580772741101,0.5041831457255856,Low,False
2024-09-08 18:00:00,30.7,68,1002.1,False,False,0.02013896227117079,0.050391253,0.770307271067843,0.2407970794037116,0.5055521752357773,Low,False
2024-09-08 19:00:00,29.2,73,1002.6,False,False,0.05609097951712072,0.036386654,0.3854578643139641,0.13081837541831456,0.2581381198661393,Low,False
2024-09-08 20:00:00,28.9,74,1003.1,False,False,0.07359205150654713,0.10392426,0.15074536051110432,0.5675387891694554,0.3591420748402799,Low,False
2024-09-08 21:00:00,29.2,71,1003.4,False,False,0.07618390871558778,0.17313361,0.12351688469729238,0.7969272893215699,0.4602220870094311,Low,False
2024-09-08 22:00:00,28.2,76,1003.1,False,False,0.058353204230179145,0.16831788,0.35442652874961966,0.7858229388500152,0.5701247337998174,Low,False
2024-09-08 23:00:00,28.5,73,1002.9,False,False,0.059150632850397844,0.21112153,0.34499543656829934,0.8615759050806207,0.60328567082446,Low,False
2024-09-09 00:00:00,27.4,79,1002.9,False,False,0.07247576614156903,0.11948271,0.16337085488287195,0.638728323699422,0.401049589291147,Low,False
2024-09-09 01:00:00,26.9,81,1002.7,False,False,0.07122581506421538,0.07991266,0.18040766656525709,0.43976270155156677,0.3100851840584119,Low,False
2024-09-09 02:00:00,26.8,80,1002.4,False,False,0.07169503925958182,0.10518407,0.1732582902342562,0.5739275935503498,0.373592941892303,Low,False
2024-09-09 03:00:00,26.5,82,1002.5,False,False,0.08874220608969274,0.0836581,0.027228475813811936,0.4622756312747186,0.24475205354426527,Low,False
2024-09-09 04:00:00,25.7,86,1002.4,False,False,0.07782602181278309,0.052764725,0.10769698813507755,0.2581381198661393,0.18291755400060844,Low,False
2024-09-09 05:00:00,25.7,87,1002.4,False,False,0.08625033339409333,0.071543016,0.04061454213568605,0.38637055065409187,0.21349254639488896,Low,False
2024-09-09 06:00:00,25.9,89,1003.0,False,False,0.08329008044210912,0.060570445,0.059172497718284145,0.3127471858837846,0.18595984180103436,Low,False
2024-09-09 07:00:00,27.3,84,1003.2,False,False,0.08782801085491881,0.07097676,0.03179190751445082,0.3816550045634317,0.20672345603894127,Low,False
2024-09-09 08:00:00,29.5,72,1003.5,False,False,0.06893175775476973,0.07247724,0.2109826589595376,0.3953452996653483,0.303163979312443,Low,False
2024-09-09 09:00:00,31.0,63,1003.8,False,False,0.07312493758843902,0.050574727,0.15698205050197744,0.24231822330392455,0.199650136902951,Low,False
2024-09-09 10:00:00,32.0,60,1003.7,False,False,0.08212958245919544,0.036592938,0.06753878916945544,0.13203529053848495,0.0997870398539702,Low,False
2024-09-09 11:00:00,32.8,57,1003.1,False,False,0.07259564327394508,0.0298887,0.16215393976270154,0.08442348646181928,0.12328871311226042,Low,False
2024-09-09 12:00:00,33.5,55,1002.4,False,False,0.06268414544493434,0.031299394,0.2993611195619106,0.09385457864313965,0.1966078491025251,Low,False
2024-09-09 13:00:00,34.0,54,1001.3,False,False,0.05222318849868551,0.027037032,0.43580772741101304,0.06723456038941283,0.25152114390021296,Low,False
2024-09-09 14:00:00,34.4,52,1000.0,False,False,0.029935062427006165,0.05590725,0.6846668694858533,0.2818679647094615,0.4832674170976574,Low,False
2024-09-09 15:00:00,34.4,51,999.1,False,False,0.03577718922577117,0.074397266,0.6303620322482506,0.40629753574688166,0.5183297839975661,Low,False
2024-09-09 16:00:00,34.0,52,998.6,False,False,0.04879856766786206,0.104222685,0.479464557347125,0.5686035898996045,0.5240340736233647,Low,False
2024-09-09 17:00:00,33.3,55,998.5,False,False,0.051539885966308596,0.12610324,0.4456951627623973,0.6623060541527228,0.55400060845756,Low,False
2024-09-09 18:00:00,31.1,67,999.4,False,False,0.0016828322990013467,0.068842776,0.8763310009126863,0.36750836629145117,0.6219196836020687,Low,False
2024-09-09 19:00:00,30.1,73,999.8,False,False,0.061179228215191284,0.138584,0.3197444478247642,0.7056586553087922,0.5127015515667782,Low,False
2024-09-09 20:00:00,29.3,76,1000.6,False,False,0.06144002302350515,0.14141881,0.3171585031944022,0.7128080316397931,0.5149832674170977,Low,False
2024-09-09 21:00:00,28.3,80,1001.1,False,False,0.06462404125314891,0.13078862,0.2700030422878005,0.6813203529053848,0.47566169759659266,Low,False
2024-09-09 22:00:00,27.7,85,1001.2,False,False,0.05347941463529282,0.21213166,0.41785822938850015,0.8630970489808336,0.6404776391846669,Low,False
2024-09-09 23:00:00,27.9,82,1001.0,False,False,0.058612421562438455,0.30018508,0.35001521143900216,0.9307879525403103,0.6404015819896562,Low,False
2024-09-10 00:00:00,26.9,86,1000.8,False,False,0.06694528132164895,0.07852429,0.23836324916337082,0.43215698205050196,0.33526011560693636,Low,False
2024-09-10 01:00:00,26.8,85,1000.5,False,False,0.07118602040921868,0.11633967,0.1808640097353209,0.6245816854274414,0.40272284758138116,Low,False
2024-09-10 02:00:00,26.5,86,1000.1,False,False,0.06412222534819184,0.12547863,0.2774566473988439,0.6601764526924248,0.46881655004563433,Low,False
2024-09-10 03:00:00,26.0,89,1000.1,False,False,0.06994760451515292,0.100705564,0.19607544873745053,0.5532400365074536,0.37465774262245205,Low,False
2024-09-10 04:00:00,25.7,91,1000.3,False,False,0.06919439527760401,0.10007171,0.20596288408883479,0.5500456343170064,0.3780042592029206,Low,False
2024-09-10 05:00:00,25.6,92,1000.6,False,False,0.07325969078631162,0.096264064,0.15546090660176448,0.5295101916641314,0.34248554913294793,Low,False
2024-09-10 06:00:00,27.1,85,1001.3,False,False,0.07365675841684122,0.1290742,0.1496805597809553,0.6749315485244904,0.41230605415272287,Low,False
2024-09-10 07:00:00,28.2,81,1001.7,False,False,0.07896199722081637,0.09327835,0.09476726498326737,0.5129297231518102,0.3038484940675388,Low,False
2024-09-10 08:00:00,29.9,75,1002.4,False,False,0.07211673108075772,0.05666892,0.16763005780346818,0.28764831153027076,0.22763918466686947,Low,False
2024-09-10 09:00:00,32.0,63,1002.8,False,False,0.035956968652155974,0.09623984,0.6276239732278673,0.5292059628840888,0.578414968055978,Low,False
2024-09-10 10:00:00,32.5,59,1003.0,False,False,0.07035958875624976,0.11367669,0.19135990264679037,0.6142379069059933,0.40279890477639185,Low,False
2024-09-10 11:00:00,33.1,57,1002.5,False,False,0.07255066613504257,0.08236298,0.16261028293276547,0.4543656829936112,0.30848798296318836,Low,False
2024-09-10 12:00:00,33.9,54,1001.6,False,False,0.05870233988759216,0.070579484,0.34940675387891695,0.37876483115302706,0.364085792515972,Low,False
2024-09-10 13:00:00,34.6,51,1000.6,False,False,0.05330281977558099,0.058180142,0.4207484027989048,0.2972315181016124,0.3589899604502586,Low,False
2024-09-10 14:00:00,34.4,52,999.5,False,False,0.050067829108692063,0.07899467,0.4624277456647399,0.43459081229084273,0.4485092789777913,Low,False
2024-09-10 15:00:00,34.2,53,998.6,False,False,0.04482636733087142,0.07322812,0.5279890477639184,0.39899604502585945,0.4634925463948889,Low,False
2024-09-10 16:00:00,33.8,54,998.1,False,False,0.05840400197806095,0.06504899,0.35320961362944936,0.34560389412838455,0.34940675387891695,Low,False
2024-09-10 17:00:00,33.0,57,998.8,False,False,0.05036331509460451,0.07716302,0.45877700030422874,0.4236385762093094,0.4412077882567691,Low,False
2024-09-10 18:00:00,30.9,65,999.8,False,False,0.030314831584167867,0.051460974,0.6814724672954062,0.25022817158503197,0.4658503194402191,Low,False
2024-09-10 19:00:00,30.0,69,1000.4,False,False,0.0729879023846301,0.03831797,0.15835108001216913,0.1451171280803164,0.15173410404624277,Low,False
2024-09-10 20:00:00,29.7,71,1001.1,False,False,0.07837767007355467,0.09977975,0.09933069668390626,0.5476118040766657,0.32347125038028596,Low,False
2024-09-10 21:00:00,29.1,74,1001.7,False,False,0.07204135665471878,0.058829933,0.16839062975357466,0.3013386066321874,0.23486461819288104,Low,False
2024-09-10 22:00:00,28.2,79,1001.5,False,False,0.06485972967642917,0.14969109,0.26756921204745965,0.7371463340432005,0.5023577730453301,Low,False
2024-09-10 23:00:00,27.6,83,1001.3,False,False,0.05510542904290794,0.1719368,0.39747490112564654,0.7941892303011865,0.5958320657134165,Low,False
2024-09-11 00:00:00,27.1,85,1001.2,False,False,0.08119966261342548,0.03489587,0.07484027989047759,0.11728019470641923,0.09606023729844841,Low,False
2024-09-11 01:00:00,26.7,87,1000.8,False,False,0.07810790664798334,0.040725414,0.10404624277456642,0.16702160024338303,0.13553392150897473,Low,False
2024-09-11 02:00:00,26.4,89,1000.6,False,False,0.07781004240795236,0.035068594,0.10784910252509883,0.11971402494675996,0.1137815637359294,Low,False
2024-09-11 03:00:00,26.1,91,1000.9,False,False,0.07914584467999691,0.03916216,0.0933982354730758,0.1533313051414664,0.1233647703072711,Low,False
2024-09-11 04:00:00,25.9,92,1001.2,False,False,0.07638360279639023,0.040182628,0.12184362640705815,0.16276239732278674,0.14230301186492245,Low,False
2024-09-11 05:00:00,25.6,93,1001.4,False,False,0.07478363650336417,0.04573082,0.1375114085792516,0.2020079099482811,0.16975965926376635,Low,False
2024-09-11 06:00:00,26.3,91,1002.5,False,False,0.04552200983817922,0.059061527,0.5197748707027685,0.30331609370246426,0.4115454822026164,Low,False
2024-09-11 07:00:00,27.1,87,1002.8,False,False,0.07870064843251445,0.06950868,0.09674475205354427,0.3716154548220262,0.23418010343778523,Low,False
2024-09-11 08:00:00,28.4,82,1003.0,False,False,0.08320235764459832,0.11739818,0.05978095527836935,0.6288408883480378,0.34431092181320355,Low,False
2024-09-11 09:00:00,29.8,74,1003.5,False,False,0.0662952545179335,0.048931237,0.24718588378460604,0.2292363857620931,0.23821113477334957,Low,False
2024-09-11 10:00:00,31.0,68,1003.7,False,False,0.06662851154204874,0.046761725,0.24201399452388195,0.21250380285975054,0.22725889869181626,Low,False
2024-09-11 11:00:00,32.5,61,1003.0,False,False,0.05531518595764534,0.046513416,0.3945847277152419,0.21098265895953758,0.30278369333738975,Low,False
2024-09-11 12:00:00,33.5,58,1001.8,False,False,0.054928084037380254,0.07920448,0.40006084575600853,0.4358077274110131,0.41793428658351084,Low,False
2024-09-11 13:00:00,34.1,55,1001.0,False,False,0.057449439157946036,0.051370367,0.36735625190142984,0.24916337085488288,0.3082598113781564,Low,False
2024-09-11 14:00:00,34.4,54,999.7,False,False,0.03820633272799284,0.098562784,0.6038941283845451,0.5410708853057499,0.5724825068451476,Low,False
2024-09-11 15:00:00,34.6,54,999.3,False,False,0.05822491040602512,0.051442053,0.35655613020991783,0.24977182841496806,0.30316397931244293,Low,False
2024-09-11 16:00:00,33.8,54,999.4,False,False,0.0567699001942053,0.047944237,0.3760267721326438,0.2216306662610283,0.29882871919683607,Low,False
2024-09-11 17:00:00,33.0,57,999.5,False,False,0.060450224198015434,0.021307675,0.32963188317614844,0.035746881655004566,0.1826893824155765,Low,False
2024-09-11 18:00:00,31.6,65,1000.3,False,False,0.04854756103216118,0.03801533,0.4832674170976574,0.14329175540006084,0.3132795862488591,Low,False
2024-09-11 19:00:00,30.4,71,1000.7,False,False,0.06600507330496008,0.02609491,0.25220565865530875,0.061149984788561,0.15667782172193487,Low,False
2024-09-11 20:00:00,29.7,74,1001.0,False,False,0.07995092469713766,0.03949395,0.08579251597201099,0.15622147855187102,0.121006997261941,Low,False
2024-09-11 21:00:00,29.1,77,1001.3,False,False,0.07814487403233311,0.052540433,0.10298144204441739,0.25722543352601157,0.18010343778521448,Low,False
2024-09-11 22:00:00,28.5,80,1001.3,False,False,0.06876583093467575,0.09943207,0.2135686035898996,0.5465470033465166,0.3800578034682081,Low,False
2024-09-11 23:00:00,27.9,83,1000.6,False,False,0.044255136105869675,0.26243824,0.5343778521448129,0.9114694250076057,0.7229236385762093,Low,False
2024-09-12 00:00:00,27.4,85,999.8,False,False,0.04574658321393704,0.05277768,0.5174931548524491,0.25829023425616066,0.38789169455430483,Low,False
2024-09-12 01:00:00,26.9,87,999.3,False,False,0.04996936033391164,0.06542294,0.46394888956495284,0.34834195314876787,0.4061454213568604,Low,False
2024-09-12 02:00:00,26.7,87,999.2,False,False,0.059906320506692035,0.10380081,0.335564344386979,0.566778217219349,0.451171280803164,Low,False
2024-09-12 03:00:00,26.0,90,999.4,False,False,0.060963522212404864,0.09315923,0.3223303924551263,0.512321265591725,0.41732582902342563,Low,False
2024-09-12 04:00:00,25.8,91,999.1,False,False,0.0556005348097009,0.12748967,0.39032552479464555,0.6679342865835108,0.5291299056890781,Low,False
2024-09-12 05:00:00,25.5,91,999.4,False,False,0.062376396451539806,0.1290979,0.3051414663827198,0.6753878916945543,0.490264679038637,Low,False
2024-09-12 06:00:00,27.1,86,999.9,False,False,0.06323124283347581,0.16406716,0.29129905689078184,0.7745664739884393,0.5329327654396105,Low,False
2024-09-12 07:00:00,28.1,83,1000.1,False,False,0.08152670420443131,0.10099715,0.07240644965013687,0.5541527228475814,0.31327958624885915,Low,False
2024-09-12 08:00:00,30.2,75,1000.6,False,False,0.07703623809721649,0.10002182,0.11591116519622757,0.5498935199269851,0.33290234256160633,Low,False
2024-09-12 09:00:00,32.1,65,1000.9,False,False,0.057990062650981666,0.08540656,0.3606632187404929,0.4735320961362945,0.41709765743839367,Low,False
2024-09-12 10:00:00,33.5,57,1001.0,False,False,0.062460354007535746,0.10740252,0.303163979312443,0.5850319440219045,0.44409796166717375,Low,False
2024-09-12 11:00:00,34.5,52,1000.5,False,False,0.06011375747584313,0.1041285,0.33343474292668085,0.5682993611195619,0.4508670520231214,Low,False
2024-09-12 12:00:00,35.3,47,999.8,False,False,0.03737821296408367,0.13142723,0.6111956191055674,0.6832978399756617,0.6472467295406146,Low,False
2024-09-12 13:00:00,35.9,44,999.1,False,False,0.028693085716154754,0.11728696,0.6974444782476422,0.6282324307879525,0.6628384545177974,Low,False
2024-09-12 14:00:00,36.3,42,998.3,False,False,0.02033757258340707,0.10261203,0.7683297839975661,0.5614542135686036,0.6648919987830848,Low,False
2024-09-12 15:00:00,36.3,40,997.8,False,False,0.019850342228303952,0.12053599,0.7715241861880133,0.6432917554000609,0.707407970794037,Low,False
2024-09-12 16:00:00,36.0,40,997.5,False,False,0.02219333573816268,0.1293873,0.7546394888956496,0.6763005780346821,0.7154700334651658,Low,False
2024-09-12 17:00:00,34.8,46,997.6,False,False,0.013896058993133065,0.119216174,0.8109218132035291,0.6369029510191664,0.7239123821113478,Low,False
2024-09-12 18:00:00,32.4,56,999.2,True,False,-0.011498580052721974,0.266372,0.9278977791299057,0.914663827198053,0.9212808031639793,High,True
2024-09-12 19:00:00,31.0,63,999.9,False,False,0.03625012695082869,0.16163972,0.6235168846972924,0.7660480681472467,0.6947824764222695,Low,False
2024-09-12 20:00:00,30.4,66,1000.4,False,False,0.05591379065082247,0.19379187,0.3875874657742623,0.8379981746273197,0.6127928202007911,Low,False
2024-09-12 21:00:00,29.5,70,1000.8,False,False,0.05264349625984244,0.20987344,0.42865835108001216,0.8592941892303012,0.6439762701551567,Low,False
2024-09-12 22:00:00,28.5,76,1000.9,False,False,0.04068208672090812,0.274326,0.5748402798904777,0.9193793732887131,0.7471098265895955,Low,False
2024-09-12 23:00:00,27.9,78,1000.7,False,True,0.04390005084342136,0.3271496,0.5381807118953452,0.9443261332522057,0.7412534225737755,Low,True
2024-09-13 00:00:00,27.3,79,1000.2,False,False,0.06372813501890245,0.16754259,0.28354122299969575,0.7824764222695467,0.5330088226346212,Low,False
2024-09-13 01:00:00,26.7,82,999.9,False,False,0.06316098393619413,0.14156343,0.2928202007909948,0.7140249467599635,0.5034225737754792,Low,False
2024-09-13 02:00:00,26.3,84,999.5,False,False,0.06322800123386918,0.1453943,0.2914511712808031,0.7240644965013691,0.5077578338910861,Low,False
2024-09-13 03:00:00,25.9,86,999.2,False,False,0.059771547428096206,0.15107268,0.33738971706723453,0.7406449650136903,0.5390173410404624,Low,False
2024-09-13 04:00:00,25.8,87,999.6,False,False,0.062009167172548674,0.15922643,0.3101612412534226,0.7616367508366292,0.5358989960450259,Low,False
2024-09-13 05:00:00,25.8,86,999.4,False,False,0.061371312351107044,0.16332029,0.31746273197444475,0.7715241861880134,0.5444934590812291,Low,False
2024-09-13 06:00:00,26.0,88,999.9,False,False,0.06625584987249805,0.16891526,0.24779434134469125,0.786735625190143,0.5172649832674171,Low,False
2024-09-13 07:00:00,27.0,85,1000.3,False,False,0.06630624205531954,0.15463156,0.24688165500456338,0.7490112564648616,0.49794645573471247,Low,False
2024-09-13 08:00:00,28.9,77,1000.5,False,False,0.06344221107262649,0.15455474,0.2882567690903559,0.748707027684819,0.5184818983875874,Low,False
2024-09-13 09:00:00,31.2,67,1000.6,False,False,0.06516595508842721,0.14211406,0.26239732278673567,0.7156982050501978,0.4890477639184667,Low,False
2024-09-13 10:00:00,33.1,57,1000.4,False,False,0.0457087520938283,0.15410057,0.5177973836324916,0.7468816550045634,0.6323395193185275,Low,False
2024-09-13 11:00:00,34.3,53,999.7,False,False,0.04782860130997779,0.17911799,0.4923942804989352,0.8118344995436568,0.652114390021296,Low,False
2024-09-13 12:00:00,35.5,48,998.8,False,False,0.02735288731480895,0.18438616,0.7125038028597506,0.8217219348950411,0.7671128688773958,Medium,False
2024-09-13 13:00:00,37.0,38,997.8,True,False,-0.013681701437428861,0.26372114,0.9365682993611195,0.9128384545177974,0.9247033769394585,High,True
2024-09-13 14:00:00,37.5,34,997.2,False,False,0.01359431673168926,0.16989085,0.812442957103742,0.7896257986005476,0.8010343778521448,Medium,False
2024-09-13 15:00:00,37.6,32,996.5,True,False,-0.011461330160795868,0.16323034,0.9275935503498631,0.7706114998478856,0.8491025250988744,Medium,True
2024-09-13 16:00:00,37.5,30,996.3,True,False,-0.0022109282435318622,0.23636249,0.894128384545178,0.891542439914816,0.892835412229997,Medium,True
2024-09-13 17:00:00,35.9,47,996.3,True,False,-0.02429135943779004,0.30560374,0.9618192881046547,0.9344386979008215,0.9481289930027381,High,True
2024-09-13 18:00:00,32.2,55,998.0,True,False,-0.012929684158627164,0.21657106,0.933221782780651,0.8690295101916641,0.9011256464861576,High,True
2024-09-13 19:00:00,31.1,55,998.6,False,False,0.042986077325399885,0.21682604,0.5495892911469424,0.869485853361728,0.7095375722543352,Low,False
2024-09-13 20:00:00,30.2,56,999.0,False,False,0.052841478320225455,0.21274607,0.4257681776696075,0.8644660784910253,0.6451171280803164,Low,False
2024-09-13 21:00:00,29.6,58,999.5,False,False,0.04999086238217537,0.22086704,0.4630362032248251,0.8757225433526011,0.6693793732887131,Low,False
2024-09-13 22:00:00,28.9,63,1000.0,False,False,0.04879728128892585,0.21838817,0.4796166717371463,0.8723760267721327,0.6759963492546395,Low,False
2024-09-13 23:00:00,28.1,67,1000.1,False,False,0.04715628796781146,0.2878428,0.5016732582902342,0.9248554913294798,0.713264374809857,Low,False
2024-09-14 00:00:00,27.6,67,999.9,False,False,0.061163791480914165,0.23154461,0.32004867660480685,0.8862184362640706,0.6031335564344387,Low,False
2024-09-14 01:00:00,28.4,58,999.5,False,False,0.049811475913126124,0.30874336,0.4656221478551871,0.935807727411013,0.7007149376331001,Low,False
2024-09-14 02:00:00,28.8,58,999.7,False,False,0.0680036655726583,0.22292686,0.22482506845147554,0.8778521448128993,0.5513386066321875,Low,False
2024-09-14 03:00:00,28.4,61,999.9,False,False,0.07740208502092522,0.17780845,0.11104350471554614,0.8089443261332522,0.45999391542439916,Low,False
2024-09-14 04:00:00,28.0,63,1000.2,False,False,0.08906301058732291,0.12021662,0.0255552175235777,0.6419227258898692,0.33373897170672345,Low,False
2024-09-14 05:00:00,27.6,64,1000.5,False,False,0.09033424994615658,0.08518226,0.020079099482811058,0.47185883784606025,0.24596896866443566,Low,False
2024-09-14 06:00:00,27.1,68,1000.9,False,False,0.07817496068668744,0.060524106,0.10237298448433219,0.3122908427137207,0.20733191359902645,Low,False
2024-09-14 07:00:00,27.7,69,1001.4,False,False,0.07343194395827052,0.050940774,0.15333130514146642,0.24627319744447826,0.19980225129297235,Low,False
2024-09-14 08:00:00,29.0,64,1001.9,False,False,0.07017046390306109,0.03473399,0.193185275327046,0.11545482202616368,0.15432004867660484,Low,False
2024-09-14 09:00:00,30.3,60,1002.3,False,False,0.07258082602371146,0.016722584,0.1623060541527228,0.020079099482811075,0.09119257681776695,Low,False
2024-09-14 10:00:00,31.6,56,1002.7,False,False,0.0576611663717822,0.011491875,0.3650745360511104,0.006693033160937024,0.1858837846060237,Low,False
2024-09-14 11:00:00,32.8,52,1002.4,False,False,0.04959531003547685,0.018519692,0.4688165500456343,0.02585944630362032,0.2473379981746273,Low,False
2024-09-14 12:00:00,33.8,48,1001.8,False,False,0.055351985643441515,0.02101419,0.3933678125950715,0.03468208092485549,0.21402494675996347,Low,False
2024-09-14 13:00:00,34.6,45,1001.0,False,False,0.05853926281300553,0.031727128,0.3510800121691512,0.0953757225433526,0.22322786735625189,Low,False
2024-09-14 14:00:00,35.1,41,1000.2,False,False,0.060262903339006746,0.046315756,0.3313051414663827,0.20885305749923944,0.27007909948281106,Low,False
2024-09-14 15:00:00,35.3,39,999.5,False,False,0.060217486825559,0.040770207,0.3323699421965318,0.1677821721934895,0.2500760571950107,Low,False
2024-09-14 16:00:00,35.2,37,999.2,False,False,0.05948359202215381,0.058140375,0.34104046242774566,0.29707940371159114,0.3190599330696684,Low,False
2024-09-14 17:00:00,34.0,43,999.3,False,False,0.05617562172166862,0.04483909,0.38469729236385763,0.19592333434742926,0.29031031335564345,Low,False
2024-09-14 18:00:00,32.0,55,1000.6,False,False,0.009278184467437833,0.20718345,0.8379981746273197,0.8551871006997261,0.8465926376635229,Medium,False
2024-09-14 19:00:00,30.7,59,1001.2,False,False,0.0692132931899746,0.035810497,0.20550654091877096,0.1262549437176757,0.16588074231822333,Low,False
2024-09-14 20:00:00,28.9,66,1002.0,False,False,0.036127072486855316,0.07412365,0.6251901429875266,0.4040158198965622,0.5146029814420444,Low,False
2024-09-14 21:00:00,28.6,66,1002.8,False,False,0.0604778951236426,0.03897012,0.3291755400060846,0.15074536051110435,0.23996045025859447,Low,False
2024-09-14 22:00:00,28.2,67,1003.0,False,False,0.06633187461645945,0.056676853,0.2461210830544569,0.28780042592029204,0.26696075448737444,Low,False
2024-09-14 23:00:00,27.4,69,1003.1,False,False,0.054611884576448944,0.09931701,0.4035594767264983,0.5460906601764527,0.4748250684514755,Low,False
2024-09-15 00:00:00,26.6,71,1002.8,False,False,0.06528436131268212,0.124689534,0.2614846364466078,0.6580468512321266,0.4597657438393672,Low,False
2024-09-15 01:00:00,26.4,68,1002.6,False,False,0.07635744190873689,0.0814646,0.12199574079707942,0.4494980225129297,0.28574688165500456,Low,False
2024-09-15 02:00:00,26.0,66,1002.4,False,False,0.08190353372633269,0.06747823,0.06936416184971095,0.35990264679038636,0.21463340432004865,Low,False
2024-09-15 03:00:00,25.6,65,1002.6,False,False,0.08836385277323167,0.050275426,0.02981442044417404,0.2401886218436264,0.13500152114390024,Low,False
2024-09-15 04:00:00,25.5,66,1002.7,False,False,0.08782690306170954,0.037088834,0.03194402190447221,0.13538180711895345,0.08366291451171283,Low,False
2024-09-15 05:00:00,25.4,66,1003.0,False,False,0.08976924834834521,0.03450927,0.022208700943109227,0.11362944934590813,0.06791907514450868,Low,False
2024-09-15 06:00:00,26.5,65,1003.0,False,False,0.09502437296237759,0.038668267,0.006388804380894397,0.14770307271067842,0.07704593854578641,Low,False
2024-09-15 07:00:00,27.2,66,1003.3,False,False,0.08956069446194703,0.032625522,0.023425616063279642,0.10085184058411925,0.062138728323699446,Low,False
2024-09-15 08:00:00,28.8,61,1003.7,False,False,0.08866860727247372,0.016978158,0.02844539093398235,0.02129601460298144,0.024870702768481898,Low,False
2024-09-15 09:00:00,30.7,57,1003.9,False,False,0.0858406878070368,0.017226383,0.043656829936111974,0.022056586553087922,0.03285670824459995,Low,False
2024-09-15 10:00:00,32.5,52,1003.9,False,False,0.07574347220231314,0.012683489,0.1285366595679951,0.009887435351384241,0.06921204745968967,Low,False
2024-09-15 11:00:00,33.8,47,1003.5,False,False,0.06758447596716133,0.0052232873,0.2301490721022209,0.000304228780042592,0.11522665044113176,Low,False
2024-09-15 12:00:00,34.5,45,1003.0,False,False,0.07384024214775214,0.01723581,0.14694250076057191,0.022208700943109217,0.08457560085184057,Low,False
2024-09-15 13:00:00,35.1,42,1002.3,False,False,0.06831276531608599,0.009724487,0.2191968360206875,0.0031944021904472164,0.11119561910556737,Low,False
2024-09-15 14:00:00,35.5,36,1001.5,False,False,0.05344145078991458,0.039347395,0.41846668694858535,0.15530879221174324,0.2868877395801643,Low,False
2024-09-15 15:00:00,35.2,36,1001.0,False,False,0.06589429456182477,0.0079071615,0.2538789169455431,0.0010648007301490721,0.1274718588378461,Low,False
2024-09-15 16:00:00,34.8,37,1000.8,False,False,0.0683800568445036,0.011073458,0.21813203529053848,0.005780346820809248,0.11195619105567386,Low,False
2024-09-15 17:00:00,33.8,43,1000.9,False,False,0.06485951783621974,0.023789778,0.26772132643748103,0.048980833586857314,0.1583510800121692,Low,False
2024-09-15 18:00:00,30.7,53,1001.7,False,False,0.031104123723288746,0.14654648,0.6744752053544265,0.727106784301795,0.7007909948281108,Low,False
2024-09-15 19:00:00,29.6,52,1002.2,False,False,0.06987001401709886,0.0663585,0.19698813507757829,0.3538180711895345,0.2754031031335564,Low,False
2024-09-15 20:00:00,29.2,50,1002.8,False,False,0.07813753997630485,0.079812154,0.10328567082445994,0.4393063583815029,0.2712960146029814,Low,False
2024-09-15 21:00:00,28.1,55,1003.7,False,False,0.06021835783953855,0.09240354,0.33221782780651055,0.5077578338910861,0.4199878308487983,Low,False
2024-09-15 22:00:00,27.1,61,1004.0,False,False,0.0756987925652724,0.08348043,0.12884088834803775,0.46105871615454824,0.29494980225129297,Low,False
2024-09-15 23:00:00,26.3,67,1003.7,False,False,0.061529893169436356,0.12454026,0.31548524490416796,0.6569820505019774,0.4862336477030727,Low,False
2024-09-16 00:00:00,25.8,68,1003.2,False,False,0.08107051850325647,0.07213777,0.07590508062062673,0.39154243991481597,0.23372376026772135,Low,False
2024-09-16 01:00:00,26.2,59,1003.0,False,False,0.08711392030839626,0.094282165,0.03559476726498323,0.5191664131426833,0.27738059020383327,Low,False
2024-09-16 02:00:00,26.3,52,1002.9,False,False,0.09088883585427998,0.10285837,0.01840584119257682,0.5622147855187101,0.29031031335564345,Low,False
2024-09-16 03:00:00,26.2,52,1002.9,False,False,0.09654235203146405,0.07639546,0.004411317310617613,0.418314572558564,0.21136294493459082,Low,False
2024-09-16 04:00:00,26.1,56,1003.1,False,False,0.09399794553795093,0.09199817,0.008822634621235115,0.5060845756008518,0.2574536051110435,Low,False
2024-09-16 05:00:00,26.0,59,1003.5,False,False,0.09065996779666324,0.08879045,0.01871006997261937,0.4884393063583815,0.25357468816550044,Low,False
2024-09-16 06:00:00,25.9,67,1004.1,False,False,0.07801300053176535,0.15109813,0.10495892911469429,0.7407970794037116,0.42287800425920297,Low,False
2024-09-16 07:00:00,27.2,65,1004.7,False,False,0.08767355964999995,0.04511993,0.03270459385457869,0.19835716458777,0.11553087922117435,Low,False
2024-09-16 08:00:00,29.2,60,1005.3,False,False,0.07942450235827031,0.038809825,0.09111651962275635,0.1493763310009127,0.12024642531183452,Low,False
2024-09-16 09:00:00,31.2,55,1005.4,False,False,0.07681039206681972,0.04397912,0.11773653787648308,0.19166413142683297,0.15470033465165803,Low,False
2024-09-16 10:00:00,32.9,51,1005.4,False,False,0.07207339846365851,0.046611793,0.1682385153635534,0.21174323090964406,0.18999087313659874,Low,False
2024-09-16 11:00:00,34.2,46,1005.1,False,False,0.07090976457165366,0.031131335,0.1848189838758747,0.09233343474292668,0.13857620930940068,Low,False
2024-09-16 12:00:00,34.8,44,1004.8,False,False,0.07374130244761679,0.036586516,0.14876787344082754,0.13188317614846365,0.1403255247946456,Low,False
2024-09-16 13:00:00,35.0,43,1004.2,False,False,0.07215299836733302,0.028525468,0.16717371463340436,0.07727411013081838,0.12222391238211136,Low,False
2024-09-16 14:00:00,35.0,43,1003.6,False,False,0.07093223585446479,0.035458595,0.1846668694858533,0.12306054152722848,0.15386370550654088,Low,False
2024-09-16 15:00:00,34.9,43,1003.3,False,False,0.07997638536153717,0.03797865,0.08548828719196833,0.14298752662001826,0.1142379069059933,Low,False
2024-09-16 16:00:00,34.6,44,1002.9,False,False,0.06888476167008645,0.046288647,0.21189534529966536,0.20870094310921813,0.21029814420444176,Low,False
2024-09-16 17:00:00,33.9,46,1002.9,False,False,0.06981881781318094,0.049211532,0.1975965926376635,0.23197444478247642,0.21478551871006996,Low,False
2024-09-16 18:00:00,31.0,63,1003.9,False,True,0.010679959151451313,0.34551868,0.8320657134164892,0.9507149376331001,0.8913903255247946,Medium,True
2024-09-16 19:00:00,29.7,65,1004.1,False,False,0.07360540494070178,0.056786705,0.15044113173106177,0.2888652266504411,0.21965317919075145,Low,False
2024-09-16 20:00:00,29.5,64,1004.8,False,False,0.08324363159658332,0.072132625,0.05932461210830542,0.39139032552479464,0.22535746881655003,Low,False
2024-09-16 21:00:00,28.6,66,1005.3,False,False,0.07471561343401761,0.06792662,0.13857620930940062,0.3626407058107697,0.25060845756008515,Low,False
2024-09-16 22:00:00,28.8,65,1005.6,False,False,0.0819728560619038,0.057798952,0.06875570428962585,0.29510191664131424,0.18192881046547005,Low,False
2024-09-16 23:00:00,27.3,72,1005.7,False,False,0.04308508355620805,0.13834041,0.5482202616367509,0.7047459689686645,0.6264831153027077,Low,False
2024-09-17 00:00:00,26.8,73,1005.6,False,False,0.07456477622637647,0.12451895,0.14009735320961358,0.6568299361119562,0.3984636446607849,Low,False
2024-09-17 01:00:00,26.0,77,1005.3,False,False,0.07159041108996039,0.11946468,0.17554000608457565,0.6384240949193793,0.4069820505019775,Low,False
2024-09-17 02:00:00,25.7,78,1004.9,False,False,0.08385837166881943,0.091302596,0.055978095527836946,0.5019774870702769,0.2789777912990569,Low,False
2024-09-17 03:00:00,25.7,77,1005.0,False,False,0.0964389975940354,0.06722158,0.004715546090660161,0.3589899604502586,0.18185275327045938,Low,False
2024-09-17 04:00:00,25.7,75,1005.2,False,False,0.10073831169097752,0.069026105,0.0007605719501064812,0.36933373897170674,0.1850471554609066,Low,False
2024-09-17 05:00:00,25.0,78,1005.4,False,False,0.08981897877827627,0.09609227,0.021752357773045294,0.5284453909339824,0.2750988743535138,Low,False
2024-09-17 06:00:00,25.6,71,1005.9,False,False,0.08957203351714266,0.07697946,0.023121387283236983,0.42211743230909643,0.2226194097961667,Low,False
2024-09-17 07:00:00,27.2,64,1006.5,False,False,0.09026173295867634,0.02682833,0.02053544265287499,0.06601764526924248,0.04327654396105873,Low,False
2024-09-17 08:00:00,29.2,59,1007.0,False,False,0.07788763831440831,0.033735007,0.10648007301490725,0.10815333130514147,0.10731670216002437,Low,False
2024-09-17 09:00:00,31.2,56,1007.1,False,False,0.07945576399967769,0.046528347,0.09066017645269242,0.21113477334955888,0.15089747490112565,Low,False
2024-09-17 10:00:00,32.8,53,1007.1,False,False,0.08279804853106781,0.0440654,0.062366899908731344,0.19212047459689688,0.1272436872528141,Low,False
2024-09-17 11:00:00,34.3,49,1006.7,False,False,0.07941565671090056,0.02348769,0.09126863401277763,0.047611804076665654,0.06944021904472164,Low,False
2024-09-17 12:00:00,35.6,41,1006.0,False,False,0.057713878529832785,0.027360989,0.36477030727106785,0.06966839062975358,0.21721934895041073,Low,False
2024-09-17 13:00:00,36.2,38,1005.1,False,False,0.053945071895465435,0.007626784,0.41268634012777605,0.0009126863401277761,0.2067995132339519,Low,False
2024-09-17 14:00:00,36.5,35,1004.0,False,False,0.044845554128011944,0.017579742,0.5273805902038333,0.022817158503194403,0.2750988743535139,Low,False
2024-09-17 15:00:00,36.4,33,1003.5,False,False,0.055076998668271204,0.02133853,0.39808335868573164,0.03620322482506845,0.21714329175540004,Low,False
2024-09-17 16:00:00,35.9,34,1003.3,False,False,0.049486574865873156,0.016477533,0.4704898083358686,0.019014298752662,0.24475205354426532,Low,False
2024-09-17 17:00:00,34.9,41,1003.7,False,False,0.05219020223236104,0.035605628,0.43641618497109824,0.12458168542744144,0.2804989351992698,Low,False
2024-09-17 18:00:00,33.5,44,1004.4,False,False,0.05812481570836581,0.05033713,0.3579251597201095,0.2403407362336477,0.2991329479768786,Low,False
2024-09-17 19:00:00,30.4,57,1004.7,False,False,0.03845110385662337,0.07249683,0.5999391542439915,0.39549741405536964,0.49771828414968056,Low,False
2024-09-17 20:00:00,29.4,61,1005.2,False,False,0.09182514544360165,0.041852985,0.014602981442044416,0.1753878916945543,0.09499543656829935,Low,False
2024-09-17 21:00:00,28.4,64,1005.8,False,False,0.08487376540668784,0.048691053,0.05065409187709158,0.22634621235168847,0.13850015211439004,Low,False
2024-09-17 22:00:00,28.5,57,1006.0,False,False,0.08779845480067561,0.15045895,0.03209613629449348,0.738971706723456,0.38553392150897475,Low,False
2024-09-17 23:00:00,27.9,58,1005.7,False,False,0.07414025810203045,0.154203,0.14466078491025247,0.7470337693945848,0.4458472771524186,Low,False
2024-09-18 00:00:00,27.3,60,1005.4,False,False,0.09239181571546018,0.045782983,0.013081837541831454,0.20261636750836629,0.10784910252509887,Low,False
2024-09-18 01:00:00,26.5,63,1004.9,False,False,0.08441476922647456,0.02138426,0.05293580772741102,0.03696379677517493,0.044949802251292977,Low,False
2024-09-18 02:00:00,25.8,67,1004.6,False,False,0.08243261628927245,0.010653153,0.06495284453909345,0.0051718892607240646,0.035062366899908756,Low,False
2024-09-18 03:00:00,25.0,73,1004.4,False,False,0.07311842066872115,0.0273381,0.15713416489199883,0.06936416184971098,0.1132491633708549,Low,False
2024-09-18 04:00:00,25.4,72,1004.6,False,False,0.09344966442739411,0.049049903,0.010191664131426803,0.23060541527228476,0.12039853970185578,Low,False
2024-09-18 05:00:00,26.3,66,1004.6,False,False,0.09219101098428978,0.064381205,0.013538180711895387,0.3399756616975966,0.17675692120474598,Low,False
2024-09-18 06:00:00,25.2,69,1005.3,False,False,0.0809205814179671,0.06187075,0.07773045330088224,0.3220261636750837,0.19987830848798296,Low,False
2024-09-18 07:00:00,26.6,66,1005.6,False,False,0.09522510246470423,0.02335878,0.005628232430787916,0.04700334651658047,0.02631578947368419,Low,False
2024-09-18 08:00:00,29.6,58,1005.6,False,False,0.0745242902783842,0.045305863,0.14040158198965624,0.19957407970794036,0.16998783084879832,Low,False
2024-09-18 09:00:00,32.9,42,1006.1,False,False,0.029884237751492404,0.14877164,0.6855795558259812,0.7353209613629449,0.710450258594463,Low,False
2024-09-18 10:00:00,34.6,30,1006.3,False,False,0.036073894741857016,0.18521419,0.6256464861575906,0.8226346212351688,0.7241405536963796,Low,False
2024-09-18 11:00:00,35.3,30,1005.9,False,False,0.0644404378799665,0.14059013,0.2722847581381199,0.710678430179495,0.49148159415880743,Low,False
2024-09-18 12:00:00,35.8,31,1005.1,False,False,0.05532501831275688,0.08941169,0.39428049893519923,0.4919379373288713,0.4431092181320353,Low,False
2024-09-18 13:00:00,35.9,33,1004.4,False,False,0.056329604685493195,0.06455069,0.3831761484636447,0.34134469120778826,0.36226041983571644,Low,False
2024-09-18 14:00:00,35.8,34,1003.5,False,False,0.05500034276302784,0.046211388,0.39930027380590205,0.20717979920900517,0.3032400365074536,Low,False
2024-09-18 15:00:00,35.3,36,1003.1,False,False,0.06354260288171742,0.018033113,0.2865835108001217,0.024490416793428657,0.15553696379677517,Low,False
2024-09-18 16:00:00,34.3,40,1003.1,False,False,0.0585352727629625,0.01589446,0.35138424094919385,0.01718892607240645,0.18428658351080016,Low,False
2024-09-18 17:00:00,33.3,44,1003.4,False,False,0.06285962974843995,0.027334781,0.2972315181016124,0.06921204745968969,0.18322178278065104,Low,False
2024-09-18 18:00:00,31.1,57,1004.5,False,False,0.01578041900179533,0.19471651,0.7992090051718892,0.8389108609674475,0.8190599330696684,Medium,False
2024-09-18 19:00:00,30.0,62,1005.0,False,False,0.07632040150974517,0.06101759,0.12229996957712197,0.31548524490416796,0.21889260724064497,Low,False
2024-09-18 20:00:00,29.3,67,1005.4,False,False,0.0756585904595875,0.077208005,0.12899300273805903,0.423942804989352,0.2764679038637055,Low,False
2024-09-18 21:00:00,28.8,70,1005.4,False,False,0.07531250822539953,0.11095202,0.13188317614846368,0.6008518405841192,0.36636750836629145,Low,False
2024-09-18 22:00:00,28.1,75,1005.3,False,False,0.060777903975555936,0.17526782,0.3255247946455735,0.8036203224825068,0.5645725585640402,Low,False
2024-09-18 23:00:00,27.6,77,1004.9,False,False,0.05043539770565175,0.27575263,0.4577121995740797,0.9204441740188621,0.6890781867964709,Low,False
2024-09-19 00:00:00,27.1,80,1004.3,False,False,0.05020710534176942,0.13676697,0.46014602981442043,0.6991177365378765,0.5796318831761484,Low,False
2024-09-19 01:00:00,26.8,81,1004.1,False,False,0.0569476202814857,0.14518921,0.3726802555521752,0.7234560389412839,0.5480681472467295,Low,False
2024-09-19 02:00:00,26.6,82,1003.9,False,False,0.05533620695305547,0.16805494,0.39367204137511413,0.7843017949498022,0.5889869181624582,Low,False
2024-09-19 03:00:00,26.4,84,1004.2,False,False,0.05582819804709055,0.21133114,0.38834803772436877,0.8617280194706419,0.6250380285975053,Low,False
2024-09-19 04:00:00,26.3,84,1004.9,False,False,0.05231586233008484,0.24064782,0.4348950410708853,0.8948889564952844,0.6648919987830848,Low,False
2024-09-19 05:00:00,26.1,84,1005.6,False,False,0.05286633398241958,0.23452136,0.4253118344995437,0.8889564952844539,0.6571341648919988,Low,False
2024-09-19 06:00:00,26.6,82,1006.4,False,False,0.04341290307176676,0.21694106,0.544721630666261,0.8697900821417706,0.7072558564040158,Low,False
2024-09-19 07:00:00,27.1,72,1006.9,False,False,0.0536900981840866,0.25083715,0.4161849710982659,0.9044721630666261,0.660328567082446,Low,False
2024-09-19 08:00:00,27.9,64,1007.3,False,False,0.061968135596743745,0.2575415,0.3107696988135078,0.9085792515972011,0.6096744752053544,Low,False
2024-09-19 09:00:00,29.3,59,1007.7,False,False,0.05370954926192112,0.17575173,0.41603285670824464,0.8048372376026772,0.6104350471554609,Low,False
2024-09-19 10:00:00,30.9,57,1007.8,False,False,0.052557224689970705,0.15619314,0.4303316093702464,0.7534225737754792,0.5918770915728628,Low,False
2024-09-19 11:00:00,30.2,50,1007.9,False,False,0.053138864417994536,0.2463966,0.42242166108913903,0.8997566169759659,0.6610891390325524,Low,False
2024-09-19 12:00:00,29.1,58,1007.4,False,True,0.06374318702477932,0.59871405,0.2833891086096745,0.989199878308488,0.6362944934590813,Low,True
2024-09-19 13:00:00,28.6,60,1006.7,False,True,0.07470399401909944,0.47412956,0.138728323699422,0.9771828414968056,0.5579555825981137,Low,True
2024-09-19 14:00:00,28.1,64,1006.1,False,False,0.07474834154187954,0.31609783,0.13781563735929414,0.9402190447216306,0.5390173410404624,Low,False
2024-09-19 15:00:00,28.5,63,1005.2,False,False,0.0777973506717049,0.24111131,0.10800121691512021,0.8953452996653484,0.5016732582902343,Low,False
2024-09-19 16:00:00,28.7,63,1004.9,False,False,0.08683376100736168,0.10209679,0.03635533921508971,0.5594767264983267,0.2979160328567082,Low,False
2024-09-19 17:00:00,28.9,64,1004.8,False,False,0.08122752604959649,0.10430359,0.07438393672041377,0.5696683906297536,0.3220261636750837,Low,False
2024-09-19 18:00:00,29.6,59,1005.0,False,False,0.05940552932379173,0.19344148,0.3421052631578947,0.8372376026772133,0.589671432917554,Low,False
2024-09-19 19:00:00,28.6,63,1005.5,False,False,0.06081547168729273,0.11224708,0.32461210830544573,0.605871615454822,0.4652418618801339,Low,False
2024-09-19 20:00:00,27.9,66,1005.9,False,False,0.06843091373299737,0.09741065,0.21706723456038945,0.5343778521448129,0.3757225433526012,Low,False
2024-09-19 21:00:00,27.0,73,1006.0,False,False,0.058568969881759025,0.13849461,0.35062366899908737,0.7053544265287496,0.5279890477639184,Low,False
2024-09-19 22:00:00,26.3,73,1005.9,False,False,0.060249765305840364,0.13213575,0.33160937024642534,0.6863401277760877,0.5089747490112565,Low,False
2024-09-19 23:00:00,25.6,76,1005.5,False,False,0.052570026793287705,0.19320714,0.4301794949802251,0.836629145117128,0.6334043200486765,Low,False
2024-09-20 00:00:00,25.2,77,1005.1,False,False,0.07219467844917637,0.08983116,0.16671737146334042,0.49482811073927596,0.33077274110130817,Low,False
2024-09-20 01:00:00,24.6,80,1004.7,False,False,0.07114469219651404,0.076037034,0.18147246729540611,0.41542439914815943,0.29844843322178277,Low,False
2024-09-20 02:00:00,24.1,83,1004.4,False,False,0.06567838998872566,0.0792396,0.2563127471858838,0.43626407058107697,0.3462884088834804,Low,False
2024-09-20 03:00:00,23.9,84,1004.4,False,False,0.08030505717141473,0.10123695,0.08320657134164888,0.5549132947976878,0.31905993306966834,Low,False
2024-09-20 04:00:00,23.6,86,1004.7,False,False,0.08122753870191474,0.10909449,0.0742318223303925,0.5932461210830544,0.33373897170672345,Low,False
2024-09-20 05:00:00,23.4,86,1005.2,False,False,0.0874458193557206,0.1018483,0.033617280194706445,0.5576513538180712,0.2956343170063888,Low,False
2024-09-20 06:00:00,24.2,84,1005.4,False,False,0.09053106728827515,0.062638864,0.019318527532704577,0.3268938241557651,0.17310617584423485,Low,False
2024-09-20 07:00:00,25.6,77,1006.1,False,False,0.08597865183984155,0.07387075,0.042287800425920286,0.4029510191664131,0.2226194097961667,Low,False
2024-09-20 08:00:00,27.7,64,1006.7,False,False,0.04846640627368903,0.1194458,0.4846364466078491,0.6382719805293581,0.5614542135686036,Low,False
2024-09-20 09:00:00,29.8,55,1007.1,False,False,0.056274637720159226,0.13045935,0.38393672041375115,0.6799513233951932,0.5319440219044722,Low,False
2024-09-20 10:00:00,31.4,51,1007.2,False,False,0.07297447332284951,0.14005432,0.1586553087922118,0.7090051718892607,0.43383024034073625,Low,False
2024-09-20 11:00:00,32.8,47,1006.7,False,False,0.06315968927331683,0.0832373,0.2929723151810161,0.4592333434742927,0.3761028293276544,Low,False
2024-09-20 12:00:00,33.9,43,1005.9,False,False,0.047448920116528126,0.05519377,0.49771828414968056,0.27715241861880135,0.38743535138424096,Low,False
2024-09-20 13:00:00,34.7,41,1005.1,False,False,0.04514769275693986,0.039677992,0.5237298448433222,0.15835108001216916,0.34104046242774566,Low,False
2024-09-20 14:00:00,35.1,39,1003.9,False,False,0.027753075052828424,0.022054227,0.7090051718892607,0.04000608457560085,0.3745056282324308,Low,False
2024-09-20 15:00:00,35.2,38,1003.2,False,False,0.0351565479389101,0.018831711,0.6369029510191664,0.02707636142379069,0.3319896562214785,Low,False
2024-09-20 16:00:00,35.0,38,1002.9,False,False,0.042809064731918145,0.03502144,0.5515667782172193,0.11910556738667478,0.33533617280194705,Low,False
2024-09-20 17:00:00,34.1,42,1002.8,False,False,0.04556370421808087,0.026038906,0.519014298752662,0.06084575600851841,0.2899300273805902,Low,False
2024-09-20 18:00:00,31.4,51,1004.1,False,False,0.030793813602734532,0.09214081,0.6770611499847885,0.5066930331609371,0.5918770915728628,Low,False
2024-09-20 19:00:00,30.2,54,1004.6,False,False,0.07348048641695798,0.04585091,0.1528749619714025,0.20337693945847277,0.17812595071493764,Low,False
2024-09-20 20:00:00,29.5,55,1004.8,False,False,0.07657514252149084,0.07356773,0.11971402494675998,0.4005171889260724,0.2601156069364162,Low,False
2024-09-20 21:00:00,28.9,57,1005.1,False,False,0.0786471991759572,0.07423836,0.09689686644356554,0.4050806206267113,0.25098874353513845,Low,False
2024-09-20 22:00:00,28.2,60,1005.5,False,False,0.07890544754791473,0.07814665,0.09522360815333131,0.430635838150289,0.2629297231518102,Low,False
2024-09-20 23:00:00,27.5,64,1005.4,False,False,0.06948263464443966,0.16703294,0.2026163675083663,0.7808031639793125,0.4917097657438394,Low,False
2024-09-21 00:00:00,27.0,67,1005.4,False,False,0.09072475947966852,0.08598323,0.018557955582598096,0.4767264983267417,0.2476422269546699,Low,False
2024-09-21 01:00:00,26.5,69,1005.2,False,False,0.08898025368013146,0.048962124,0.02631578947368418,0.22984484332217828,0.12808031639793122,Low,False
2024-09-21 02:00:00,26.2,70,1005.1,False,False,0.09430480034144134,0.026405498,0.0076057195010648115,0.06282324307879525,0.03521448128993003,Low,False
2024-09-21 03:00:00,25.9,72,1005.1,False,False,0.10456125256139492,0.0152286375,0.0,0.015515667782172194,0.007757833891086097,Low,False
2024-09-21 04:00:00,25.6,77,1005.2,False,False,0.09224511404151142,0.028120574,0.013233951931852728,0.07484027989047765,0.04403711591116519,Low,False
2024-09-21 05:00:00,25.2,82,1005.6,False,False,0.06940787793640824,0.045274947,0.2033769394584728,0.19926985092789778,0.2013233951931853,Low,False
2024-09-21 06:00:00,25.9,85,1006.4,False,False,0.05235105096492898,0.08460693,0.43459081229084273,0.4668390629753575,0.4507149376331001,Low,False
2024-09-21 07:00:00,27.2,80,1007.0,False,False,0.07265593098160106,0.04917189,0.16154548220261633,0.23136598722239124,0.19645573471250377,Low,False
2024-09-21 08:00:00,29.2,73,1007.6,False,False,0.0727560966028124,0.044147395,0.16032856708244603,0.19272893215698206,0.17652874961971404,Low,False
2024-09-21 09:00:00,31.2,63,1007.9,False,False,0.06268130882998857,0.039434813,0.29951323395193186,0.1556130209917858,0.22756312747185883,Low,False
2024-09-21 10:00:00,32.6,55,1007.9,False,False,0.06046331182699283,0.037139595,0.32947976878612717,0.13599026467903863,0.2327350167325829,Low,False
2024-09-21 11:00:00,33.6,50,1007.7,False,False,0.06599048133769031,0.03508116,0.2525098874353514,0.12001825372680255,0.18626407058107697,Low,False
2024-09-21 12:00:00,34.6,47,1006.9,False,False,0.07504775928494473,0.029751495,0.13386066321874046,0.08305445695162762,0.10845756008518403,Low,False
2024-09-21 13:00:00,35.4,44,1005.9,False,False,0.057639111138854116,0.0259903,0.36553087922117433,0.06023729844843322,0.21288408883480378,Low,False
2024-09-21 14:00:00,36.0,41,1004.8,False,False,0.051662784349016555,0.03815825,0.4450867052023122,0.14390021296014602,0.2944934590812291,Low,False
2024-09-21 15:00:00,36.2,40,1003.9,False,False,0.054542757345499515,0.04100658,0.40492850623668997,0.17006388804380895,0.28749619714024943,Low,False
2024-09-21 16:00:00,36.2,39,1003.7,False,False,0.061919612865128204,0.043150797,0.3113781563735929,0.18527532704593855,0.2483267417097657,Low,False
2024-09-21 17:00:00,35.5,42,1003.9,False,False,0.06317333601962555,0.02580217,0.2922117432309096,0.05902038332826286,0.17561606327958623,Low,False
2024-09-21 18:00:00,32.8,51,1004.9,False,False,0.04866506694200473,0.06967234,0.48128993002738063,0.3726802555521752,0.4269850927897779,Low,False
2024-09-21 19:00:00,31.5,49,1005.1,False,False,0.08054052849650084,0.06486923,0.08138119866139337,0.3440827502281716,0.21273197444478248,Low,False
2024-09-21 20:00:00,30.6,51,1005.5,False,False,0.08087946471190227,0.023910342,0.07849102525098872,0.049437176756921206,0.06396410100395497,Low,False
2024-09-21 21:00:00,29.9,55,1006.1,False,False,0.07811672409386006,0.026713166,0.10343778521448133,0.0649528445390934,0.08419531487678736,Low,False
2024-09-21 22:00:00,29.1,61,1006.3,False,False,0.0830797214249066,0.07417739,0.06114998478856104,0.4044721630666261,0.23281107392759356,Low,False
2024-09-21 23:00:00,28.5,64,1006.1,False,False,0.0783712298515386,0.13922846,0.09948281107392765,0.7068755704289625,0.4031791907514451,Low,False
2024-09-22 00:00:00,27.8,68,1006.0,False,False,0.09105075004253915,0.050879043,0.017797383632491615,0.24581685427441435,0.13180711895345298,Low,False
2024-09-22 01:00:00,27.8,68,1005.7,False,False,0.0932259681867274,0.027139533,0.010648007301490736,0.06860358989960451,0.03962579860054762,Low,False
2024-09-22 02:00:00,27.4,70,1005.4,False,False,0.09801045341150355,0.021185676,0.0025859446303619915,0.03559476726498327,0.01909035594767263,Low,False
2024-09-22 03:00:00,27.0,73,1005.5,False,False,0.10257061895588504,0.023375126,0.00015211439002127403,0.04715546090660176,0.023653787648311518,Low,False
2024-09-22 04:00:00,26.4,77,1005.7,False,False,0.09509432856445627,0.027243463,0.005932461210830575,0.0689078186796471,0.03742013994523884,Low,False
2024-09-22 05:00:00,26.0,81,1006.0,False,False,0.08455801082434117,0.03919383,0.052023121387283267,0.15363553392150897,0.10282932765439612,Low,False
2024-09-22 06:00:00,26.6,77,1006.5,False,False,0.08548891079574433,0.03868198,0.04578643139641014,0.14800730149072103,0.09689686644356559,Low,False
2024-09-22 07:00:00,28.0,74,1006.9,False,False,0.0977888012542042,0.029425904,0.0028901734104046506,0.08168542744143596,0.042287800425920306,Low,False
2024-09-22 08:00:00,30.2,68,1007.4,False,False,0.08337022412900308,0.033879418,0.0588682689382416,0.10952236081533313,0.08419531487678736,Low,False
2024-09-22 09:00:00,32.4,59,1007.5,False,False,0.07395761923028016,0.023317775,0.14587770003042289,0.04639488895649528,0.09613629449345909,Low,False
2024-09-22 10:00:00,33.9,51,1007.5,False,False,0.06687581697798262,0.03870594,0.2391238211134773,0.14815941588074233,0.1936416184971098,Low,False
2024-09-22 11:00:00,35.0,47,1006.9,False,False,0.07689569040439892,0.033356924,0.1169759659263766,0.10587161545482203,0.11142379069059932,Low,False
2024-09-22 12:00:00,35.6,45,1005.9,False,False,0.06530172701629883,0.04709234,0.26118040766656525,0.21554609066017646,0.23836324916337087,Low,False
2024-09-22 13:00:00,36.2,43,1005.0,False,False,0.06425504723460068,0.028458213,0.2760876178886522,0.0766656525707332,0.1763766352296927,Low,False
2024-09-22 14:00:00,36.3,43,1003.8,False,False,0.055126229384187486,0.088196196,0.3970185579555826,0.48661393367812594,0.4418162458168543,Low,False
2024-09-22 15:00:00,36.5,41,1003.0,False,False,0.05223191175505548,0.068274125,0.43565561302099176,0.36446607849102525,0.40006084575600853,Low,False
2024-09-22 16:00:00,36.4,42,1002.9,False,False,0.06544274238132913,0.06252119,0.259507149376331,0.32598113781563737,0.2927441435959842,Low,False
2024-09-22 17:00:00,35.5,45,1003.2,False,False,0.06435206957059952,0.045271087,0.2736537876483115,0.19911773653787648,0.23638576209309398,Low,False
2024-09-22 18:00:00,32.6,56,1004.2,False,False,0.02887173835256085,0.06303358,0.6956191055673866,0.32963188317614844,0.5126254943717675,Low,False
2024-09-22 19:00:00,31.7,58,1004.3,False,False,0.08914694288761094,0.061098926,0.025098874353513878,0.3167021600243383,0.1709005171889261,Low,False
2024-09-22 20:00:00,30.8,60,1004.6,False,False,0.09055208880329502,0.053583167,0.019166413142683303,0.266200182537268,0.14268329783997566,Low,False
2024-09-22 21:00:00,29.9,62,1005.1,False,False,0.08498907146405443,0.040708404,0.04928506236689989,0.16686948585336173,0.10807727411013081,Low,False
2024-09-22 22:00:00,29.3,65,1005.2,False,False,0.08848910478686545,0.08514832,0.02951019166413138,0.4717067234560389,0.25060845756008515,Low,False
2024-09-22 23:00:00,29.0,65,1005.1,False,False,0.08131835711236868,0.1318176,0.07347125038028601,0.6846668694858533,0.37906905993306966,Low,False
2024-09-23 00:00:00,28.3,69,1005.0,False,False,0.09020575137010134,0.044859257,0.020687557042896265,0.19637967751749316,0.10853361728019471,Low,False
2024-09-23 01:00:00,27.7,72,1004.9,False,False,0.09416280386232034,0.026581807,0.00790994828110736,0.06404015819896562,0.03597505324003649,Low,False
2024-09-23 02:00:00,27.9,71,1004.4,False,False,0.08859976377478102,0.061117943,0.0287496197140249,0.3174627319744448,0.17310617584423485,Low,False
2024-09-23 03:00:00,27.8,72,1004.4,False,False,0.09899394439883574,0.040506568,0.0016732582902342363,0.1650441131731062,0.08335868573167021,Low,False
2024-09-23 04:00:00,27.8,72,1004.8,False,False,0.09870978677113396,0.046037327,0.0021296014602981694,0.2053544265287496,0.10374201399452389,Low,False
2024-09-23 05:00:00,27.3,74,1005.1,False,False,0.09919786298541816,0.023058645,0.0013690295101916883,0.045177973836324915,0.023273501673258302,Low,False
2024-09-23 06:00:00,27.1,74,1006.2,False,False,0.07431474985802233,0.060009163,0.14283541222999696,0.3087922117432309,0.22581381198661393,Low,False
2024-09-23 07:00:00,28.3,71,1006.7,False,False,0.09286379806475309,0.028889671,0.011408579251597217,0.07925159720109522,0.04533008822634622,Low,False
2024-09-23 08:00:00,30.8,62,1007.1,False,False,0.06667252896530046,0.020062963,0.24140553696379674,0.031031335564344387,0.13621843626407057,Low,False
2024-09-23 09:00:00,33.0,53,1007.3,False,False,0.05905361708817408,0.031954218,0.34682080924855496,0.09659263766352297,0.22170672345603898,Low,False
2024-09-23 10:00:00,34.5,47,1007.1,False,False,0.06284634745799189,0.03326962,0.2979920900517189,0.10541527228475814,0.2017036811682385,Low,False
2024-09-23 11:00:00,35.5,45,1006.7,False,False,0.07485536881344768,0.0460794,0.13599026467903863,0.2058107696988135,0.17090051718892607,Low,False
2024-09-23 12:00:00,36.3,43,1006.1,False,False,0.068199989787819,0.03279383,0.22178278065104962,0.10222087009431093,0.16200182537268026,Low,False
2024-09-23 13:00:00,36.8,41,1005.3,False,False,0.06060450822275876,0.015675867,0.3281107392759355,0.016884697292363856,0.17249771828414967,Low,False
2024-09-23 14:00:00,36.8,41,1004.3,False,False,0.06118617461860665,0.03639149,0.3195923334347429,0.13097048980833587,0.2252814116215394,Low,False
2024-09-23 15:00:00,36.9,40,1003.5,False,False,0.059225924535817376,0.027077602,0.3439306358381503,0.06784301794949803,0.20588682689382418,Low,False
2024-09-23 16:00:00,36.2,43,1003.1,False,False,0.06148727142049576,0.028280612,0.31624581685427444,0.07575296623060541,0.19599939154243992,Low,False
2024-09-23 17:00:00,35.4,46,1002.8,False,False,0.06436912658637806,0.04173073,0.2730453300882264,0.17371463340432006,0.22337998174627322,Low,False
2024-09-23 18:00:00,32.7,59,1004.0,False,False,0.026512867884547597,0.12715283,0.7191968360206875,0.6656525707331914,0.6924247033769395,Low,False
2024-09-23 19:00:00,31.6,59,1003.8,False,False,0.08716707741803631,0.08586043,0.03529053848494068,0.47581381198661393,0.25555217523577733,Low,False
2024-09-23 20:00:00,30.8,62,1004.2,False,False,0.09098886979955201,0.04076212,0.018101612412534274,0.1674779434134469,0.09278977791299059,Low,False
2024-09-23 21:00:00,30.1,65,1004.4,False,False,0.08561204447594112,0.058049425,0.04487374505628228,0.29631883176148466,0.17059628840888347,Low,False
2024-09-23 22:00:00,29.7,68,1004.3,False,False,0.08640338618890453,0.11378053,0.03924551262549436,0.6145421356860359,0.3268938241557651,Low,False
2024-09-23 23:00:00,30.6,63,1004.3,False,False,0.07954966202879821,0.19190419,0.08929114694250073,0.8337389717067235,0.4615150593246121,Low,False
2024-09-24 00:00:00,28.2,75,1004.1,False,False,0.032224029321664405,0.06334467,0.6633708548828718,0.33267417097657437,0.4980225129297231,Low,False
2024-09-24 01:00:00,27.6,77,1004.1,False,False,0.08646552150623765,0.02807254,0.03878916945543054,0.07423182233039245,0.056510495892911496,Low,False
2024-09-24 02:00:00,27.0,79,1003.8,False,False,0.07872418801197101,0.042648755,0.096592637663523,0.18177669607544875,0.13918466686948588,Low,False
2024-09-24 03:00:00,26.5,82,1003.9,False,False,0.07480649203689022,0.04949996,0.1367508366291451,0.23425616063279586,0.1855034986309705,Low,False
2024-09-24 04:00:00,26.5,82,1004.1,False,False,0.08156232317645618,0.06829625,0.07195010648007305,0.3646181928810465,0.21828414968055979,Low,False
2024-09-24 05:00:00,26.9,79,1004.3,False,False,0.08743408504290595,0.08011439,0.03392150897474899,0.44082750228171586,0.23737450562823242,Low,False
2024-09-24 06:00:00,27.0,78,1004.8,False,False,0.09241682517825595,0.047719184,0.012777608761788906,0.22041375114085793,0.11659567995132342,Low,False
2024-09-24 07:00:00,28.5,72,1005.2,False,False,0.0947845884038871,0.055251215,0.00684514755095833,0.2774566473988439,0.14215089747490112,Low,False
2024-09-24 08:00:00,31.2,64,1005.5,False,False,0.08015420137873441,0.05076926,0.08427137207179802,0.2442957103742014,0.1642835412229997,Low,False
2024-09-24 09:00:00,33.4,54,1005.6,False,False,0.060029313487106106,0.046470903,0.3343474292668086,0.2103742013994524,0.2723608153331305,Low,False
2024-09-24 10:00:00,34.6,48,1005.5,False,False,0.07359380683611161,0.07474278,0.15059324612108305,0.4085792515972011,0.2795862488591421,Low,False
2024-09-24 11:00:00,35.5,45,1005.0,False,False,0.07596938890856347,0.08887263,0.12671128688773958,0.4888956495284454,0.30780346820809246,Low,False
2024-09-24 12:00:00,36.3,43,1004.1,False,False,0.05084461077986613,0.07814025,0.45299665348341955,0.4304837237602677,0.4417401886218436,Low,False
2024-09-24 13:00:00,36.8,41,1003.0,False,False,0.036372985828408644,0.054761283,0.6218436264070581,0.2742622452083967,0.4480529358077274,Low,False
2024-09-24 14:00:00,37.0,40,1002.0,False,False,0.034501606881227886,0.04150394,0.6435959841801034,0.17249771828414967,0.4080468512321266,Low,False
2024-09-24 15:00:00,37.0,39,1001.2,False,False,0.03685025842765577,0.046813183,0.6177365378764832,0.2135686035898996,0.4156525707331914,Low,False
2024-09-24 16:00:00,36.7,38,1000.8,False,False,0.04563415803752463,0.067192346,0.5184058411925768,0.358685731670216,0.4385457864313964,Low,False
2024-09-24 17:00:00,36.0,39,1000.6,False,False,0.044493115726131294,0.07456958,0.5316397931244295,0.407514450867052,0.46957712199574075,Low,False
2024-09-24 18:00:00,33.1,51,1001.5,False,False,0.00557454894483117,0.024701241,0.8592941892303012,0.05384849406753879,0.45657134164892,Low,False
2024-09-24 19:00:00,32.5,53,1001.7,False,False,0.06919195968039404,0.10586227,0.20611499847885606,0.5780346820809249,0.3920748402798905,Low,False
2024-09-24 20:00:00,31.5,59,1002.1,False,False,0.07098340191171904,0.08892487,0.18390629753574683,0.4895041070885306,0.33670520231213874,Low,False
2024-09-24 21:00:00,30.5,64,1002.8,False,False,0.07105030985689165,0.07333804,0.18329783997566174,0.3994523881959233,0.29137511408579253,Low,False
2024-09-24 22:00:00,29.9,67,1003.1,False,False,0.08131968163814352,0.13948528,0.07331913599026463,0.7074840279890477,0.3904015819896562,Low,False
2024-09-24 23:00:00,29.5,68,1003.1,False,False,0.07703697324675579,0.19966519,0.1157590508062063,0.8465165804685123,0.4811378156373593,Low,False
2024-09-25 00:00:00,29.1,68,1003.1,False,False,0.09052399437674419,0.11236579,0.01947064192272585,0.6067843017949498,0.3131274718588378,Low,False
2024-09-25 01:00:00,28.7,70,1003.0,False,False,0.08982211478788182,0.086693175,0.02160024338302402,0.48022512929723155,0.25091268634012776,Low,False
2024-09-25 02:00:00,28.5,70,1002.5,False,False,0.08649268502861468,0.114216946,0.03848494067538788,0.6169759659263766,0.32773045330088224,Low,False
2024-09-25 03:00:00,27.9,72,1002.3,False,False,0.08767061872939758,0.073077194,0.032856708244599964,0.39869181624581684,0.2157742622452084,Low,False
2024-09-25 04:00:00,27.5,74,1002.8,False,False,0.08537167022037567,0.052231222,0.0466991177365379,0.2561606327958625,0.1514298752662002,Low,False
2024-09-25 05:00:00,27.3,74,1003.1,False,False,0.09960602623098447,0.037508044,0.0012169151201704143,0.13948889564952843,0.07035290538484942,Low,False
2024-09-25 06:00:00,27.8,73,1004.0,False,False,0.07647207669191225,0.03143672,0.12093094006693028,0.09415880742318224,0.10754487374505625,Low,False
2024-09-25 07:00:00,29.0,71,1004.6,False,False,0.08444131978360098,0.03356904,0.052631578947368474,0.1069364161849711,0.07978399756616979,Low,False
2024-09-25 08:00:00,31.1,64,1005.1,False,False,0.07729381237836985,0.0112220645,0.11302099178582292,0.006236689990873136,0.05962884088834803,Low,False
2024-09-25 09:00:00,33.1,58,1005.2,False,False,0.06970915562047902,0.013181217,0.19911773653787646,0.010952236081533314,0.10503498630970488,Low,False
2024-09-25 10:00:00,34.6,53,1005.3,False,False,0.0702895906630564,0.028085243,0.1918162458168543,0.07453605111043504,0.13317614846364467,Low,False
2024-09-25 11:00:00,35.8,48,1004.6,False,False,0.06263791126497531,0.02082352,0.3005780346820809,0.0342257377547916,0.16740188621843624,Low,False
2024-09-25 12:00:00,36.5,46,1003.7,False,False,0.052435255302185346,0.031508386,0.43306966839062977,0.09461515059324613,0.26384240949193793,Low,False
2024-09-25 13:00:00,36.9,44,1002.9,False,False,0.06000834501597779,0.014807461,0.33480377243687254,0.01414663827198053,0.17447520535442654,Low,False
2024-09-25 14:00:00,37.0,42,1001.9,False,False,0.060354280004181526,0.032026537,0.33100091268634013,0.09750532400365075,0.21425311834499544,Low,False
2024-09-25 15:00:00,36.9,42,1001.4,False,False,0.0670848385673205,0.016342957,0.23562519014298755,0.018557955582598113,0.12709157286279282,Low,False
2024-09-25 16:00:00,36.5,42,1000.8,False,False,0.062197076472007284,0.038219713,0.30787952540310315,0.14450867052023122,0.22619409796166717,Low,False
2024-09-25 17:00:00,35.9,44,1000.4,False,False,0.05444451545497109,0.05009325,0.40644965013690293,0.23912382111347733,0.3227867356251901,Low,False
2024-09-25 18:00:00,33.0,62,1001.2,True,False,-0.0037897678876669394,0.11141631,0.900821417706115,0.6023729844843322,0.7515972010952237,Medium,True
2024-09-25 19:00:00,32.2,63,1001.5,False,False,0.08553151254207647,0.0743666,0.04533008822634621,0.4058411925768178,0.225585640401582,Low,False
2024-09-25 20:00:00,31.8,60,1002.1,False,False,0.08843649651131513,0.14150332,0.029662306054152765,0.7135686035898996,0.3716154548220262,Low,False
2024-09-25 21:00:00,31.6,59,1003.0,False,False,0.07803153675132546,0.1239441,0.10465470033465163,0.6553087922117432,0.3799817462731974,Low,False
2024-09-25 22:00:00,31.5,59,1003.4,False,False,0.08540624190418011,0.040848605,0.046242774566473965,0.16899908731365987,0.10762093094006692,Low,False
2024-09-25 23:00:00,30.9,62,1003.4,False,False,0.07142773322753238,0.07707829,0.17797383632491637,0.42272588986918164,0.30034986309704903,Low,False
2024-09-26 00:00:00,30.4,65,1003.3,False,False,0.08514392093691825,0.07363176,0.04852449041679341,0.4009735320961363,0.22474901125646485,Low,False
2024-09-26 01:00:00,30.0,69,1003.4,False,False,0.08606030551816501,0.056276232,0.04183145725585635,0.28521448128993004,0.1635229692728932,Low,False
2024-09-26 02:00:00,29.7,73,1003.2,False,False,0.08500449483454675,0.042718977,0.049132947976878616,0.1826893824155765,0.11591116519622756,Low,False
2024-09-26 03:00:00,29.4,75,1002.8,False,False,0.09135837380341749,0.04222454,0.017036811682385133,0.17843017949498022,0.09773349558868268,Low,False
2024-09-26 04:00:00,29.1,75,1002.7,False,False,0.10141329515922115,0.030789495,0.00030422878004254805,0.08944326133252206,0.044873745056282305,Low,False
2024-09-26 05:00:00,28.7,76,1003.1,False,False,0.09173825366799859,0.02325302,0.015211439002129623,0.045938545786431396,0.03057499239428051,Low,False
2024-09-26 06:00:00,28.6,79,1003.5,False,False,0.08213795790303363,0.024337525,0.06738667477943416,0.05171889260724064,0.0595527836933374,Low,False
2024-09-26 07:00:00,29.2,77,1004.2,False,False,0.07799185219711413,0.022789963,0.10556738667477938,0.043808944326133255,0.07468816550045632,Low,False
2024-09-26 08:00:00,30.5,71,1004.3,False,False,0.09352824491295009,0.05771622,0.009887435351384255,0.2938850015211439,0.15188621843626407,Low,False
2024-09-26 09:00:00,32.1,65,1004.6,False,False,0.08663488376550771,0.016733851,0.03802859750532406,0.02023121387283237,0.029129905689078216,Low,False
2024-09-26 10:00:00,32.9,62,1005.1,False,False,0.08347019520994603,0.04721484,0.05856404015819894,0.21645877700030422,0.1375114085792516,Low,False
2024-09-26 11:00:00,33.8,57,1004.6,False,False,0.07473139942830492,0.0389595,0.13827198052935807,0.15059324612108305,0.14443261332522056,Low,False
2024-09-26 12:00:00,34.6,53,1003.8,False,False,0.07294647862523751,0.032346785,0.1591116519622756,0.099178582293885,0.1291451171280803,Low,False
2024-09-26 13:00:00,33.2,60,1003.1,False,False,0.05681983761849424,0.16628292,0.37511408579251593,0.7786735625190143,0.5768938241557651,Low,False
2024-09-26 14:00:00,33.8,57,1002.0,False,False,0.06446458856378179,0.11521487,0.27137207179799205,0.6200182537268025,0.4456951627623973,Low,False
2024-09-26 15:00:00,34.3,55,1001.0,False,False,0.05773257446789526,0.118000336,0.36416184971098264,0.6312747185883785,0.49771828414968056,Low,False
2024-09-26 16:00:00,34.2,55,1000.3,False,False,0.054106107537168546,0.14006078,0.4104046242774566,0.709157286279282,0.5597809552783692,Low,False
2024-09-26 17:00:00,33.4,56,1000.4,False,False,0.048252724033927386,0.12112829,0.4867660480681473,0.6457255856404016,0.5662458168542744,Low,False
2024-09-26 18:00:00,32.2,61,1001.2,False,False,0.041759810270335374,0.12957913,0.5623668999087313,0.6770611499847886,0.61971402494676,Low,False
2024-09-26 19:00:00,31.4,63,1002.0,False,False,0.06219159259854229,0.12341369,0.3080316397931244,0.6537876483115302,0.48090964405232733,Low,False
2024-09-26 20:00:00,30.7,65,1002.9,False,False,0.057788930333526944,0.108747914,0.3630970489808336,0.5920292059628841,0.47756312747185886,Low,False
2024-09-26 21:00:00,30.1,67,1003.4,False,False,0.0665300422330588,0.05557166,0.24323090964405236,0.2795862488591421,0.2614085792515972,Low,False
2024-09-26 22:00:00,29.3,70,1003.9,False,False,0.060478010705104,0.060987268,0.32902342561606324,0.31487678734408275,0.321950106480073,Low,False
2024-09-26 23:00:00,28.6,75,1003.9,False,False,0.04683800993232967,0.14618184,0.505171889260724,0.7258898691816246,0.6155308792211742,Low,False
2024-09-27 00:00:00,28.1,77,1003.6,False,False,0.06812387598598724,0.095553495,0.22284758138119865,0.5263157894736842,0.3745816854274414,Low,False
2024-09-27 01:00:00,27.7,80,1003.4,False,False,0.08378480539534244,0.0644681,0.05658655308792215,0.34073623364770306,0.1986613933678126,Low,False
2024-09-27 02:00:00,27.3,82,1002.8,False,False,0.08089840581242314,0.0659681,0.07818679647094617,0.3516884697292364,0.21493763310009129,Low,False
2024-09-27 03:00:00,27.0,84,1002.5,False,False,0.08481512343862718,0.035463173,0.05080620626711285,0.12336477030727107,0.08708548828719195,Low,False
2024-09-27 04:00:00,26.7,86,1002.8,False,False,0.08631472230252757,0.026603112,0.04000608457560084,0.06449650136902951,0.05225129297231518,Low,False
2024-09-27 05:00:00,26.4,87,1003.3,False,False,0.08349597856754543,0.021927578,0.058411925768177664,0.03939762701551567,0.04890477639184666,Low,False
2024-09-27 06:00:00,27.1,83,1003.8,False,False,0.08971470762500827,0.017974112,0.022512929723151776,0.024186188013386067,0.02334955886826892,Low,False
2024-09-27 07:00:00,27.9,78,1004.2,False,False,0.08902772320281876,0.019537648,0.026011560693641633,0.029053848494067537,0.027532704593854585,Low,False
2024-09-27 08:00:00,29.6,68,1004.6,False,False,0.07677019305014815,0.029104773,0.11804076665652574,0.08062062671128689,0.09933069668390632,Low,False
2024-09-27 09:00:00,31.2,61,1004.8,False,False,0.07744427262611481,0.020981144,0.11073927593550348,0.03452996653483419,0.07263462123516884,Low,False
2024-09-27 10:00:00,33.2,52,1004.5,False,False,0.05470586242627934,0.029474406,0.40249467599634925,0.08198965622147855,0.24224216610891391,Low,False
2024-09-27 11:00:00,34.4,47,1004.5,False,False,0.06949841164315523,0.093141,0.20216002433830238,0.5121691512017037,0.35716458777000304,Low,False
2024-09-27 12:00:00,35.1,45,1003.7,False,False,0.06265843915627706,0.03509249,0.30027380590203834,0.12017036811682386,0.2102220870094311,Low,False
2024-09-27 13:00:00,35.6,44,1002.5,False,False,0.05060203342059405,0.034775343,0.4557347125038028,0.11591116519622756,0.2858229388500152,Low,False
2024-09-27 14:00:00,35.9,42,1001.5,False,False,0.04530670324131114,0.034960147,0.521600243383024,0.1183449954365683,0.31997261940979616,Low,False
2024-09-27 15:00:00,35.9,42,1000.8,False,False,0.05285880015955524,0.039401,0.42546394888956496,0.15546090660176454,0.2904624277456648,Low,False
2024-09-27 16:00:00,35.7,41,1000.4,False,False,0.04907311580501417,0.06507932,0.4756616975965926,0.34590812290842715,0.41078491025250985,Low,False
2024-09-27 17:00:00,35.1,44,1000.3,False,False,0.050012438662839775,0.047849685,0.4628840888348038,0.2210222087009431,0.34195314876787347,Low,False
2024-09-27 18:00:00,31.8,59,1000.7,False,False,0.009487419439679179,0.032855902,0.8364770307271068,0.1026772132643748,0.4695771219957408,Low,False
2024-09-27 19:00:00,30.8,62,1001.3,False,False,0.06721233453070291,0.07899772,0.2345603894128384,0.434742926680864,0.3346516580468512,Low,False
2024-09-27 20:00:00,30.7,59,1002.4,False,True,0.06176805887978226,0.32320812,0.31305141466382724,0.942957103742014,0.6280042592029207,Low,True
2024-09-27 21:00:00,30.2,60,1003.3,False,False,0.06495203173342468,0.11817295,0.2658959537572254,0.6317310617584424,0.4488135077578339,Low,False
2024-09-27 22:00:00,29.7,64,1003.8,False,False,0.06820295347889177,0.06491455,0.22147855187100696,0.3443869790082142,0.28293276543961055,Low,False
2024-09-27 23:00:00,28.9,69,1003.8,False,False,0.06601109076969186,0.14755446,0.25174931548524493,0.730757529662306,0.49125342257377547,Low,False
2024-09-28 00:00:00,28.3,74,1004.1,False,False,0.07305048673929276,0.12323421,0.15743839367204138,0.6530270763614238,0.40523273501673257,Low,False
2024-09-28 01:00:00,27.9,75,1003.8,False,False,0.0782629416045379,0.09909555,0.10115606936416188,0.544721630666261,0.32293885001521144,Low,False
2024-09-28 02:00:00,27.6,77,1003.2,False,False,0.08065935870058621,0.10543245,0.08077274110130817,0.5752966230605415,0.32803468208092484,Low,False
2024-09-28 03:00:00,27.2,78,1003.4,False,False,0.0969196438964191,0.0363324,0.0036507453605111317,0.13020991785822938,0.06693033160937026,Low,False
2024-09-28 04:00:00,26.9,79,1003.0,False,False,0.08873609384263514,0.070831254,0.02738059020383332,0.3805902038332826,0.20398539701855797,Low,False
2024-09-28 05:00:00,26.7,80,1003.1,False,False,0.09219648647620093,0.02988431,0.013386066321874002,0.0841192576817767,0.04875266200182535,Low,False
2024-09-28 06:00:00,26.3,82,1004.9,False,False,0.04650750526392061,0.12710035,0.5080620626711287,0.6653483419531487,0.5867052023121387,Low,False
2024-09-28 07:00:00,27.1,78,1005.9,False,False,0.05400386860740197,0.046080083,0.41146942500760575,0.2059628840888348,0.30871615454822027,Low,False
2024-09-28 08:00:00,28.0,75,1006.6,False,False,0.05818633486728836,0.1102917,0.3567082445999391,0.5979616671737147,0.4773349558868269,Low,False
2024-09-28 09:00:00,29.3,70,1006.8,False,False,0.05190827135535969,0.043763194,0.4412838454517798,0.18923030118649226,0.315257073319136,Low,False
2024-09-28 10:00:00,31.5,61,1006.8,False,False,0.039753974973326556,0.021075951,0.5854882871919684,0.03483419531487679,0.3101612412534226,Low,False
2024-09-28 11:00:00,33.3,53,1006.2,False,False,0.031792012024498884,0.024587436,0.6682385153635534,0.053240036507453604,0.3607392759355035,Low,False
2024-09-28 12:00:00,34.4,49,1005.7,False,False,0.05533592691692424,0.01732776,0.3938241557651354,0.02251292972315181,0.20816854274414362,Low,False
2024-09-28 13:00:00,35.0,46,1004.7,False,False,0.04872573060267582,0.046269946,0.48052935807727415,0.20839671432917553,0.3444630362032248,Low,False
2024-09-28 14:00:00,35.4,43,1003.9,False,False,0.05837714379930947,0.04086425,0.3535138424094919,0.16930331609370247,0.2614085792515972,Low,False
2024-09-28 15:00:00,35.3,43,1003.2,False,False,0.06593511056530987,0.043765422,0.2532704593854579,0.18938241557651353,0.2213264374809857,Low,False
2024-09-28 16:00:00,34.8,44,1003.0,False,False,0.07400550098420217,0.030608503,0.14542135686035895,0.08837846060237299,0.11689990873136596,Low,False
2024-09-28 17:00:00,34.0,47,1003.2,False,False,0.07352994774908295,0.02406753,0.15181016124125346,0.05034986309704898,0.10108001216915122,Low,False
2024-09-28 18:00:00,31.6,58,1004.6,False,False,0.014605201155220238,0.109825864,0.805749923942805,0.5958320657134165,0.7007909948281108,Low,False
2024-09-28 19:00:00,30.9,60,1005.3,False,False,0.08543330880192485,0.05055103,0.04593854578643142,0.24170976574383937,0.1438241557651354,Low,False
2024-09-28 20:00:00,30.3,62,1006.4,False,False,0.06727031473069944,0.113603584,0.23395193185275331,0.6140857925159721,0.4240188621843627,Low,False
2024-09-28 21:00:00,29.8,64,1007.2,False,False,0.06577083674326095,0.05741931,0.25540006084575606,0.2923638576209309,0.27388195923334346,Low,False
2024-09-28 22:00:00,29.4,65,1007.6,False,False,0.06069063817970499,0.047387533,0.3268938241557652,0.2175235777304533,0.2722087009431092,Low,False
2024-09-28 23:00:00,29.1,66,1007.4,False,False,0.057704913203219244,0.12728268,0.3649224216610891,0.6661089139032552,0.5155156677821722,Low,False
2024-09-29 00:00:00,28.7,68,1008.0,False,True,0.055923901260790665,0.32135925,0.3874353513842409,0.9425007605719501,0.6649680559780955,Low,True
2024-09-29 01:00:00,28.2,70,1007.9,False,True,0.07172363317096825,0.36246485,0.17249771828414973,0.9561910556738668,0.5643443869790082,Low,True
2024-09-29 02:00:00,27.9,72,1007.7,False,False,0.07736889320322382,0.3127541,0.11180407666565262,0.9383936720413751,0.5250988743535139,Low,False
2024-09-29 03:00:00,27.4,74,1007.7,False,False,0.0795479574034304,0.2315374,0.089443261332522,0.8860663218740493,0.48775479160328566,Low,False
2024-09-29 04:00:00,27.0,76,1008.3,False,False,0.07532572923341413,0.15961568,0.1317310617584424,0.7625494371767569,0.44714024946759967,Low,False
2024-09-29 05:00:00,26.4,78,1008.5,False,False,0.08036428078238778,0.1736189,0.08305445695162761,0.7992090051718893,0.44113173106175846,Low,False
2024-09-29 06:00:00,25.9,85,1009.1,False,False,0.05204613520271861,0.17867766,0.43885001521143896,0.8107696988135078,0.6248098570124734,Low,False
2024-09-29 07:00:00,26.5,84,1009.6,False,False,0.05176650486606482,0.2436878,0.442957103742014,0.8980833586857316,0.6705202312138728,Low,False
2024-09-29 08:00:00,28.3,75,1010.2,False,False,0.03996783309369567,0.068842255,0.583206571341649,0.3673562519014299,0.4752814116215395,Low,False
2024-09-29 09:00:00,30.2,65,1010.3,False,False,0.024669619582311786,0.07317122,0.7366899908731366,0.3988439306358382,0.5677669607544874,Low,False
2024-09-29 10:00:00,31.8,59,1010.1,False,False,0.04125716292299836,0.05379503,0.5687557042896259,0.2671128688773958,0.41793428658351084,Low,False
2024-09-29 11:00:00,32.9,54,1009.6,False,False,0.04010358890831206,0.066830106,0.5809248554913296,0.35670824459993916,0.4688165500456344,Low,False
2024-09-29 12:00:00,33.7,50,1008.6,False,False,0.03407133518710248,0.12080909,0.6472467295406146,0.6443565561302099,0.6458016428354123,Low,False
2024-09-29 13:00:00,34.3,47,1007.7,False,False,0.04857657553847905,0.144462,0.4826589595375722,0.7210222087009431,0.6018405841192577,Low,False
2024-09-29 14:00:00,34.4,46,1007.1,False,False,0.05995459386252189,0.11806609,0.33526011560693647,0.6314268329783997,0.4833434742926681,Low,False
2024-09-29 15:00:00,34.2,46,1006.6,False,False,0.07307622493900662,0.11837417,0.1572862792820201,0.6327958624885914,0.39504107088530577,Low,False
2024-09-29 16:00:00,33.9,47,1006.2,False,False,0.07034210169884225,0.112184756,0.19151201703681164,0.6054152722847581,0.3984636446607849,Low,False
2024-09-29 17:00:00,33.1,51,1006.1,False,False,0.06626681367933346,0.09034293,0.2474901125646486,0.4969577121995741,0.37222391238211133,Low,False
2024-09-29 18:00:00,30.5,56,1007.0,False,False,0.04098395343077249,0.11001409,0.5717979920900518,0.5961362944934591,0.5839671432917555,Low,False
2024-09-29 19:00:00,29.5,61,1007.5,False,False,0.08190553080374796,0.057586122,0.06921204745968967,0.2937328871311226,0.18147246729540614,Low,False
2024-09-29 20:00:00,28.8,64,1008.4,False,False,0.07738020135035084,0.083435774,0.11149984788560996,0.4606023729844843,0.28605111043504716,Low,False
2024-09-29 21:00:00,27.9,68,1009.2,False,False,0.07375157680286026,0.055521138,0.14861575905080615,0.27928202007909947,0.2139488895649528,Low,False
2024-09-29 22:00:00,27.4,69,1009.6,False,False,0.08321801778663068,0.054830786,0.05962884088834808,0.2748707027684819,0.167249771828415,Low,False
2024-09-29 23:00:00,27.1,70,1009.5,False,False,0.08048276600940169,0.121295705,0.08168542744143592,0.6464861575905081,0.364085792515972,Low,False
2024-09-30 00:00:00,26.9,71,1009.2,False,False,0.08061302806102955,0.10840045,0.08107696988135082,0.5900517188926072,0.335564344386979,Low,False
2024-09-30 01:00:00,26.5,74,1008.9,False,False,0.08515765745758058,0.08340351,0.048372376026772135,0.46014602981442043,0.2542592029205963,Low,False
2024-09-30 02:00:00,26.1,76,1008.4,False,False,0.09155415643162435,0.06574279,0.015972010952236104,0.3500152114390021,0.1829936111956191,Low,False
2024-09-30 03:00:00,25.7,78,1008.3,False,False,0.09829620967594899,0.03978257,0.0022817158503194435,0.15941588074231822,0.08084879829631883,Low,False
2024-09-30 04:00:00,25.4,79,1008.6,False,False,0.09995195835553483,0.04148413,0.0010648007301490292,0.1723456038941284,0.08670520231213871,Low,False
2024-09-30 05:00:00,25.0,81,1008.8,False,False,0.0991154688552795,0.035540935,0.0015211439002129623,0.12412534225737755,0.06282324307879525,Low,False
2024-09-30 06:00:00,25.9,80,1009.1,False,False,0.09491538963154161,0.045075458,0.006693033160937056,0.1980529358077274,0.10237298448433223,Low,False
2024-09-30 07:00:00,27.0,76,1009.6,False,False,0.09452360785680636,0.04555452,0.0073014907210222635,0.20063888043808945,0.10397018557955585,Low,False
2024-09-30 08:00:00,29.1,68,1009.9,False,False,0.08935929410839266,0.044233475,0.024338302403407397,0.19288104654700336,0.10860967447520538,Low,False
2024-09-30 09:00:00,31.2,59,1010.0,False,False,0.07105544314930723,0.043479014,0.18314572558564035,0.1872528141162154,0.18519926985092788,Low,False
2024-09-30 10:00:00,32.8,54,1009.7,False,False,0.07149152386221613,0.039951637,0.17675692120474595,0.16139336781259508,0.1690751445086705,Low,False
2024-09-30 11:00:00,33.9,52,1009.1,False,False,0.07544259700393008,0.051994126,0.13020991785822944,0.25448737450562825,0.19234864618192885,Low,False
2024-09-30 12:00:00,34.8,49,1008.1,False,False,0.06387541806675567,0.043662507,0.28034682080924855,0.18831761484636447,0.2343322178278065,Low,False
2024-09-30 13:00:00,35.1,48,1007.3,False,False,0.06945461719593149,0.044741593,0.2027684818983876,0.19531487678734408,0.19904167934286582,Low,False
2024-09-30 14:00:00,35.1,48,1006.4,False,False,0.05999670512430799,0.07399326,0.3351080012169151,0.403407362336477,0.36925768177669605,Low,False
2024-09-30 15:00:00,34.9,48,1005.6,False,False,0.06291147311562056,0.107849404,0.29647094615150593,0.5877700030422878,0.44212047459689685,Low,False
2024-09-30 16:00:00,34.4,49,1005.4,False,False,0.07314465774279039,0.10635417,0.1566778217219349,0.5803163979312443,0.3684971098265896,Low,False
2024-09-30 17:00:00,33.5,53,1005.3,False,False,0.06977103993678024,0.12546015,0.19850927897779125,0.6600243383024034,0.4292668086400973,Low,False
2024-09-30 18:00:00,30.3,67,1006.1,False,False,0.016798362958344526,0.099910356,0.7920596288408883,0.5486766048068147,0.6703681168238516,Low,False
2024-09-30 19:00:00,29.2,71,1006.4,False,False,0.08733148377587413,0.14630926,0.03407362336477027,0.7263462123516885,0.3802099178582294,Low,False
2024-09-30 20:00:00,28.4,74,1006.8,False,False,0.08879453599388931,0.15874478,0.02692424703376939,0.7601156069364162,0.3935199269850928,Low,False
2024-09-30 21:00:00,27.9,75,1007.0,False,False,0.09101287880442838,0.19488086,0.01794949802251289,0.8393672041375114,0.42865835108001216,Low,False
2024-09-30 22:00:00,27.8,74,1006.7,False,False,0.08271192333944682,0.30249768,0.06312747185883782,0.9326133252205658,0.49787039853970183,Low,False
2024-09-30 23:00:00,27.1,78,1006.2,False,False,0.05377285415525718,0.29856458,0.41512017036811677,0.9301794949802251,0.672649832674171,Low,False
2024-10-01 00:00:00,26.9,78,1005.9,False,False,0.0660964247716957,0.15136473,0.2500760571950107,0.7412534225737755,0.4956647398843931,Low,False
2024-10-01 01:00:00,27.8,73,1005.5,False,False,0.06667759452111915,0.26378584,0.2411013081837542,0.9129905689078187,0.5770459385457865,Low,False
2024-10-01 02:00:00,26.1,82,1004.9,False,False,0.036381230541804976,0.15328036,0.6216915120170368,0.7450562823243079,0.6833738971706723,Low,False
2024-10-01 03:00:00,25.6,85,1004.9,False,False,0.06890750466879858,0.23029697,0.21128688773958015,0.8845451779738364,0.5479160328567083,Low,False
2024-10-01 04:00:00,25.3,87,1005.1,False,False,0.06497688993556006,0.23568885,0.2654396105871616,0.8906297535746882,0.5780346820809249,Low,False
2024-10-01 05:00:00,25.3,87,1005.2,False,False,0.06978548354803926,0.24631704,0.19805293580772743,0.8996045025859446,0.548828719196836,Low,False
2024-10-01 06:00:00,25.7,85,1005.3,False,False,0.0757337337305432,0.25229362,0.12868877395801648,0.9056890781867964,0.5171889260724065,Low,False
2024-10-01 07:00:00,27.3,78,1005.8,False,False,0.07935100047154836,0.25686157,0.09202920596288411,0.9078186796470946,0.49992394280498936,Low,False
2024-10-01 08:00:00,30.0,67,1006.3,False,False,0.0521884722594495,0.1834423,0.4367204137511409,0.8206571341648919,0.6286887739580165,Low,False
2024-10-01 09:00:00,32.5,56,1006.6,False,False,0.043708410809022435,0.12343391,0.5407666565257073,0.6539397627015515,0.5973532096136294,Low,False
2024-10-01 10:00:00,34.2,50,1006.2,False,False,0.06285473760540666,0.06035927,0.29753574688165496,0.3109218132035291,0.304228780042592,Low,False
2024-10-01 11:00:00,35.4,45,1005.7,False,False,0.05605505459391952,0.10289484,0.38591420748402794,0.562671128688774,0.47429266808640097,Low,False
2024-10-01 12:00:00,36.4,42,1004.5,False,False,0.02822335015341193,0.05085383,0.7027684818983876,0.24551262549437178,0.4741405536963797,Low,False
2024-10-01 13:00:00,37.0,39,1003.5,False,False,0.01586453285473277,0.03894373,0.7984484332217827,0.15044113173106174,0.47444478247642224,Low,False
2024-10-01 14:00:00,37.3,37,1002.5,False,False,0.008625062789812898,0.05771875,0.8419531487678734,0.2940371159111652,0.5679951323395194,Low,False
2024-10-01 15:00:00,37.4,36,1002.0,False,False,0.016604487433791004,0.09055445,0.79342865835108,0.49802251292972316,0.6457255856404016,Low,False
2024-10-01 16:00:00,36.8,37,1001.7,False,False,0.008651583561831766,0.10584066,0.8414968055978096,0.5778825676909035,0.7096896866443565,Low,False
2024-10-01 17:00:00,35.0,44,1001.6,False,False,0.006347547057344027,0.15664114,0.8562519014298753,0.7554000608457561,0.8058259811378157,Medium,False
2024-10-01 18:00:00,32.0,57,1002.5,True,False,-0.010678218261829464,0.059888147,0.9251597201095223,0.308335868573167,0.6167477943413446,Low,True
2024-10-01 19:00:00,31.0,59,1003.0,False,False,0.06020438797227168,0.18360898,0.33282628536659564,0.8211134773349559,0.5769698813507758,Low,False
2024-10-01 20:00:00,29.9,63,1003.6,False,False,0.05834502947397763,0.16762966,0.35457864313964105,0.7832369942196532,0.5689078186796471,Low,False
2024-10-01 21:00:00,28.9,68,1003.9,False,False,0.06080721152221258,0.20649584,0.324764222695467,0.8544265287496197,0.5895953757225434,Low,False
2024-10-01 22:00:00,28.0,73,1004.0,False,False,0.054241591965106306,0.26055023,0.4087313659872224,0.910556738667478,0.6596440523273501,Low,False
2024-10-01 23:00:00,27.5,75,1003.7,False,True,0.04591120466995968,0.40967336,0.5152114390021296,0.9682080924855492,0.7417097657438394,Low,True
2024-10-02 00:00:00,26.8,79,1004.0,False,False,0.06375741482869346,0.117383815,0.28293276543961055,0.6285366595679951,0.4557347125038028,Low,False
2024-10-02 01:00:00,26.1,82,1003.9,False,False,0.06325736206342208,0.11607865,0.2909948281107393,0.6238211134773349,0.4574079707940371,Low,False
2024-10-02 02:00:00,26.0,83,1003.6,False,False,0.06420808464347305,0.1573871,0.2766960754487374,0.7575296623060541,0.5171128688773958,Low,False
2024-10-02 03:00:00,25.8,83,1003.8,False,False,0.06785909661259432,0.12862913,0.22649832674170978,0.6731061758442348,0.4498022512929723,Low,False
2024-10-02 04:00:00,25.6,84,1003.9,False,False,0.06704710055792856,0.12168214,0.23623364770307276,0.6477030727106784,0.4419683602068756,Low,False
2024-10-02 05:00:00,25.5,83,1004.4,False,False,0.06961523680364373,0.1030757,0.20048676604806814,0.5635838150289018,0.38203529053848495,Low,False
2024-10-02 06:00:00,26.1,83,1005.1,False,False,0.05932359188684927,0.0913167,0.34317006388804383,0.5022817158503194,0.42272588986918164,Low,False
2024-10-02 07:00:00,27.3,77,1005.7,False,False,0.07219509462545526,0.11493858,0.16656525707331915,0.619257681776696,0.3929114694250076,Low,False
2024-10-02 08:00:00,29.4,69,1006.1,False,False,0.06033276788546882,0.09270242,0.3311530270763614,0.5095832065713416,0.4203681168238515,Low,False
2024-10-02 09:00:00,32.0,56,1006.1,False,False,0.01939568907148781,0.09577112,0.7750228171585032,0.5272284758138119,0.6511256464861576,Low,False
2024-10-02 10:00:00,34.3,45,1006.0,False,False,0.028787247307837827,0.12013152,0.6965317919075145,0.641314268329784,0.6689230301186493,Low,False
2024-10-02 11:00:00,35.6,40,1005.2,False,False,0.0413426325133881,0.13025732,0.567843017949498,0.6788865226650441,0.6233647703072711,Low,False
2024-10-02 12:00:00,36.4,38,1004.2,False,False,0.027284376288404355,0.09921203,0.713264374809857,0.5456343170063888,0.629449345908123,Low,False
2024-10-02 13:00:00,37.0,36,1003.0,False,False,0.015719292093655857,0.100598395,0.7996653483419531,0.5526315789473685,0.6761484636446609,Low,False
2024-10-02 14:00:00,37.4,35,1001.9,False,False,0.009572666795508666,0.104540184,0.8363249163370855,0.5708853057499239,0.7036051110435046,Low,False
2024-10-02 15:00:00,37.3,35,1001.3,False,False,0.018708971723193968,0.082857594,0.7797383632491633,0.45695162762397323,0.6183449954365683,Low,False
2024-10-02 16:00:00,36.8,36,1001.0,False,False,0.011750069186895862,0.08715216,0.8240036507453605,0.48174627319744445,0.6528749619714025,Low,False
2024-10-02 17:00:00,34.7,44,1000.7,False,False,0.006047123288723699,0.13122815,0.8574688165500457,0.6826893824155765,0.7700790994828111,Medium,False
2024-10-02 18:00:00,32.1,50,1001.9,False,False,0.008796020092735501,0.071466066,0.8405841192576817,0.3857620930940067,0.6131731061758442,Low,False
2024-10-02 19:00:00,31.1,52,1002.3,False,False,0.052785927226908114,0.12794322,0.42622452083967144,0.6705202312138728,0.5483723760267721,Low,False
2024-10-02 20:00:00,29.9,54,1003.0,False,False,0.04565403100480808,0.12030676,0.5182537268025555,0.6425311834499544,0.5803924551262549,Low,False
2024-10-02 21:00:00,29.2,58,1003.3,False,False,0.0589163057341876,0.1550037,0.3477334955886827,0.7505324003650745,0.5491329479768786,Low,False
2024-10-02 22:00:00,28.2,62,1003.4,False,False,0.05910678340339448,0.24902137,0.3459081229084271,0.9021904472163067,0.6240492850623669,Low,False
2024-10-02 23:00:00,27.1,68,1003.3,False,False,0.04011058906562448,0.3099301,0.5804685123212656,0.936264070581077,0.7583662914511713,Medium,False
2024-10-03 00:00:00,26.6,70,1003.2,False,False,0.06901426153627843,0.16122186,0.20915728627928198,0.7649832674170977,0.4870702768481898,Low,False
2024-10-03 01:00:00,26.1,71,1002.8,False,False,0.06724043270869512,0.17361224,0.23425616063279586,0.7990568907818679,0.5166565257073319,Low,False
2024-10-03 02:00:00,25.5,73,1002.7,False,False,0.06789496182961424,0.1361152,0.22588986918162457,0.6969881350775783,0.4614390021296014,Low,False
2024-10-03 03:00:00,25.1,74,1002.9,False,False,0.07778066643555376,0.11953344,0.10815333130514149,0.6391846668694858,0.37366899908731366,Low,False
2024-10-03 04:00:00,24.8,75,1002.9,False,False,0.07632647581466911,0.12258928,0.1221478551871007,0.6504411317310618,0.38629449345908123,Low,False
2024-10-03 05:00:00,24.1,79,1003.2,False,False,0.06366687710524599,0.07556303,0.2839975661697597,0.4128384545177974,0.3484180103437785,Low,False
2024-10-03 06:00:00,24.1,83,1003.8,False,False,0.05414390901987548,0.07708391,0.4096440523273501,0.4228780042592029,0.4162610282932765,Low,False
2024-10-03 07:00:00,25.9,75,1004.5,False,False,0.05343768497793633,0.11844967,0.4189230301186492,0.6335564344386979,0.5262397322786736,Low,False
2024-10-03 08:00:00,28.2,67,1005.1,False,False,0.06911329398437654,0.077827655,0.20702768481898393,0.4282020079099483,0.31761484636446613,Low,False
2024-10-03 09:00:00,31.0,57,1005.3,False,False,0.04899020991406178,0.053124532,0.4770307271067843,0.26148463644660785,0.36925768177669605,Low,False
2024-10-03 10:00:00,33.7,47,1004.8,False,False,0.03906649541844348,0.06009749,0.5926376635229693,0.3090964405232735,0.4508670520231214,Low,False
2024-10-03 11:00:00,35.3,40,1004.2,False,False,0.056959598836843206,0.068789974,0.37252814116215394,0.36689990873136596,0.36971402494676,Low,False
2024-10-03 12:00:00,36.3,37,1003.4,False,False,0.0491420551157708,0.06652077,0.47474901125646485,0.3551871006997262,0.4149680559780955,Low,False
2024-10-03 13:00:00,37.0,34,1002.5,False,False,0.036065530673281165,0.048740715,0.6257986005476118,0.22725889869181626,0.42652874961971404,Low,False
2024-10-03 14:00:00,37.4,32,1001.6,False,False,0.028821035804994177,0.045433313,0.6959233343474293,0.19987830848798296,0.4479008214177061,Low,False
2024-10-03 15:00:00,37.4,31,1000.7,False,False,0.02409491890745369,0.059224453,0.7409491937937329,0.304228780042592,0.5225889869181625,Low,False
2024-10-03 16:00:00,37.1,31,1000.4,False,False,0.024078827283627702,0.055707354,0.7412534225737755,0.28095527836933376,0.5111043504715547,Low,False
2024-10-03 17:00:00,35.5,45,1000.6,False,False,0.0013751312251200076,0.10952792,0.8784606023729845,0.5946151505932461,0.7365378764831153,Low,False
2024-10-03 18:00:00,30.9,50,1001.4,False,False,0.021488234788153315,0.1801535,0.7604198357164588,0.813964101003955,0.7871919683602069,Medium,False
2024-10-03 19:00:00,29.7,51,1002.2,False,False,0.053913850385162665,0.09309045,0.4135990264679039,0.5117128080316398,0.46265591724977184,Low,False
2024-10-03 20:00:00,28.9,53,1002.8,False,False,0.06741415756691488,0.07978488,0.2313659872223912,0.4390021296014603,0.3351840584119258,Low,False
2024-10-03 21:00:00,28.3,56,1002.8,False,False,0.07160039283637848,0.16148873,0.17538789169455427,0.7657438393672041,0.4705658655308792,Low,False
2024-10-03 22:00:00,28.1,56,1002.7,False,False,0.06330115829421612,0.18934438,0.29008214177061153,0.8300882263462124,0.560085184058412,Low,False
2024-10-03 23:00:00,27.9,56,1002.6,False,False,0.055143702577920395,0.20603637,0.39686644356556133,0.8535138424094919,0.6251901429875266,Low,False
2024-10-04 00:00:00,27.4,55,1002.6,False,False,0.07493720622186112,0.13984887,0.1355339215089747,0.7083967143291755,0.4219653179190751,Low,False
2024-10-04 01:00:00,26.7,56,1002.7,False,False,0.07650187452190077,0.114196174,0.12032248250684519,0.6168238515363553,0.36857316702160026,Low,False
2024-10-04 02:00:00,26.4,56,1002.8,False,False,0.08967293736647847,0.08963811,0.022817158503194435,0.4930027380590204,0.2579099482811074,Low,False
2024-10-04 03:00:00,26.3,56,1002.4,False,False,0.08667411087546734,0.08790374,0.03787648311530267,0.4846364466078491,0.2612564648615759,Low,False
2024-10-04 04:00:00,25.6,60,1002.6,False,False,0.08537770479422158,0.043970123,0.046547003346516624,0.19151201703681167,0.11902951019166415,Low,False
2024-10-04 05:00:00,24.9,64,1003.0,False,False,0.08533047258672166,0.020807466,0.04715546090660172,0.03407362336477031,0.040614542135686015,Low,False
2024-10-04 06:00:00,25.3,65,1003.6,False,False,0.08453290967530025,0.018796593,0.05217523577730454,0.026924247033769395,0.039549741405536964,Low,False
2024-10-04 07:00:00,26.9,60,1004.3,False,False,0.07650130284628115,0.028885938,0.12047459689686646,0.07909948281107393,0.0997870398539702,Low,False
2024-10-04 08:00:00,29.4,56,1005.0,False,False,0.0581692231139781,0.048164874,0.3573167021600243,0.22330392455126255,0.29031031335564345,Low,False
2024-10-04 09:00:00,31.2,54,1005.6,False,False,0.05783007015854297,0.06569349,0.3626407058107697,0.34971098265895956,0.3561758442348646,Low,False
2024-10-04 10:00:00,32.6,53,1005.6,False,False,0.056412641027773935,0.08018135,0.381807118953453,0.44128384545177973,0.41154548220261633,Low,False
2024-10-04 11:00:00,34.1,50,1005.2,False,False,0.05244906609350386,0.06289525,0.43261332522056584,0.3287191968360207,0.38066626102829326,Low,False
2024-10-04 12:00:00,35.4,46,1004.6,False,False,0.060033548493068634,0.046256043,0.33404320048676606,0.20824459993915426,0.27114390021296014,Low,False
2024-10-04 13:00:00,36.4,41,1003.5,False,False,0.039005713464900504,0.05702314,0.5938545786431396,0.2903863705506541,0.44212047459689685,Low,False
2024-10-04 14:00:00,37.2,35,1002.6,False,False,0.03592565868764097,0.06756262,0.6280803163979313,0.36035898996045024,0.49421965317919075,Low,False
2024-10-04 15:00:00,37.6,29,1001.9,False,False,0.027095652415376315,0.0889071,0.7153939762701551,0.489199878308488,0.6022969272893215,Low,False
2024-10-04 16:00:00,37.5,26,1001.6,False,False,0.04333616276442048,0.08356905,0.54578643139641,0.4616671737146334,0.5037268025555217,Low,False
2024-10-04 17:00:00,34.6,45,1001.9,False,False,0.0015834205262555967,0.21871635,0.8769394584727715,0.8729844843322179,0.8749619714024948,Medium,False
2024-10-04 18:00:00,32.3,44,1003.1,False,False,0.0486349297878329,0.2115115,0.4818983875874657,0.8621843626407059,0.6720413751140858,Low,False
2024-10-04 19:00:00,30.1,51,1003.7,False,False,0.05723763874665849,0.049706347,0.36979008214177056,0.236385762093094,0.3030879221174323,Low,False
2024-10-04 20:00:00,29.1,55,1004.3,False,False,0.08101466874921237,0.021415038,0.07666565257073321,0.03726802555521752,0.056966839062975366,Low,False
2024-10-04 21:00:00,28.0,61,1004.6,False,False,0.06355757303400072,0.034788135,0.28612716763005785,0.11621539397627015,0.201171280803164,Low,False
2024-10-04 22:00:00,27.0,65,1004.9,False,False,0.06568793854850463,0.040691435,0.25600851840584116,0.16671737146334042,0.2113629449345908,Low,False
2024-10-04 23:00:00,26.5,64,1004.9,False,False,0.06672779601033524,0.12777059,0.24079707940371164,0.6694554304837238,0.4551262549437177,Low,False
2024-10-05 00:00:00,25.7,66,1005.1,False,False,0.07270647556832716,0.065549366,0.16078491025250985,0.3489504107088531,0.25486766048068143,Low,False
2024-10-05 01:00:00,25.1,69,1005.1,False,False,0.07491353179840082,0.05434866,0.13568603589899608,0.27167630057803466,0.20368116823851537,Low,False
2024-10-05 02:00:00,25.0,67,1005.0,False,False,0.07908201200993276,0.055113036,0.09370246425311834,0.27684818983875875,0.18527532704593855,Low,False
2024-10-05 03:00:00,25.5,59,1005.1,False,False,0.0816257729596171,0.08964926,0.07134164891998784,0.49315485244904167,0.28224825068451476,Low,False
2024-10-05 04:00:00,25.9,54,1005.4,False,False,0.08655121229703788,0.07648928,0.03818071189534533,0.4190751445086705,0.22862792820200792,Low,False
2024-10-05 05:00:00,25.8,57,1005.8,False,False,0.08640370858052437,0.07587761,0.03909339823547309,0.41390325524794647,0.22649832674170978,Low,False
2024-10-05 06:00:00,26.9,62,1006.3,False,False,0.0775405736374612,0.118189715,0.10967447520535445,0.6318831761484637,0.37077882567690906,Low,False
2024-10-05 07:00:00,27.6,63,1006.9,False,False,0.0667512142530951,0.080988556,0.24064496501369026,0.4469120778825677,0.343778521448129,Low,False
2024-10-05 08:00:00,29.4,61,1007.5,False,False,0.05704947315209069,0.05850987,0.37207179799209,0.29966534834195313,0.33586857316702157,Low,False
2024-10-05 09:00:00,31.4,57,1007.9,False,False,0.05667201815493467,0.041928515,0.37815637359294185,0.1758442348646182,0.27700030422878,Low,False
2024-10-05 10:00:00,33.3,52,1007.8,False,False,0.04198919983417859,0.03871736,0.5603894128384546,0.1483115302707636,0.3543504715546091,Low,False
2024-10-05 11:00:00,34.8,48,1007.2,False,False,0.053165844948514174,0.049383074,0.42226954669911776,0.2330392455126255,0.32765439610587166,Low,False
2024-10-05 12:00:00,35.7,44,1006.4,False,False,0.05394046474469988,0.056012616,0.41283845451779744,0.28278065104958927,0.34780955278369335,Low,False
2024-10-05 13:00:00,35.8,43,1005.6,False,False,0.060239787677933365,0.07246019,0.3317614846364466,0.39473684210526316,0.3632491633708549,Low,False
2024-10-05 14:00:00,36.1,41,1004.4,False,False,0.05805599798878991,0.14076865,0.3594463036203225,0.7111347733495589,0.5352905384849407,Low,False
2024-10-05 15:00:00,35.3,36,1004.3,False,False,0.07045172141590528,0.13360913,0.1905993306966839,0.6902951019166413,0.4404472163066626,Low,False
2024-10-05 16:00:00,35.0,36,1004.7,False,False,0.07322466909243036,0.11385207,0.15576513538180714,0.6149984788560998,0.3853818071189535,Low,False
2024-10-05 17:00:00,32.9,46,1005.4,False,False,0.04136305662612738,0.13332109,0.5675387891694554,0.6893824155765136,0.6284606023729845,Low,False
2024-10-05 18:00:00,28.0,54,1006.1,False,False,0.03939675951103866,0.2491128,0.5895953757225434,0.902342561606328,0.7459689686644357,Low,False
2024-10-05 19:00:00,27.8,56,1007.1,False,False,0.07832991181016774,0.064688556,0.10009126863401274,0.3425616063279586,0.22132643748098568,Low,False
2024-10-05 20:00:00,27.2,60,1007.4,False,False,0.0795884259689002,0.052999165,0.08807423182233043,0.26011560693641617,0.1740949193793733,Low,False
2024-10-05 21:00:00,27.1,60,1007.3,False,False,0.07811619017689753,0.0764012,0.1035898996045026,0.4186188013386066,0.2611043504715546,Low,False
2024-10-05 22:00:00,26.6,63,1007.5,False,False,0.07696827330065925,0.074333735,0.11667173714633405,0.4055369637967752,0.2611043504715546,Low,False
2024-10-05 23:00:00,26.1,62,1007.5,False,False,0.07483530593980847,0.1173952,0.13644660784910256,0.6286887739580165,0.3825676909035595,Low,False
2024-10-06 00:00:00,25.8,61,1007.7,False,False,0.0754396208347547,0.12904707,0.130514146638272,0.6747794341344692,0.4026467903863706,Low,False
2024-10-06 01:00:00,24.9,66,1008.2,False,False,0.05947569853057394,0.16942745,0.34119257681776693,0.7881046547003346,0.5646486157590508,Low,False
2024-10-06 02:00:00,24.7,67,1008.3,False,False,0.08278622043492811,0.13017549,0.062671128688774,0.6784301794949802,0.3705506540918771,Low,False
2024-10-06 03:00:00,25.1,65,1008.6,False,False,0.08344828686241551,0.10710353,0.05871615454822021,0.5836629145117128,0.3211895345299665,Low,False
2024-10-06 04:00:00,25.5,61,1009.1,False,False,0.0780868149739315,0.13048135,0.10435047155460908,0.6801034377852144,0.39222695466991175,Low,False
2024-10-06 05:00:00,25.5,61,1009.2,False,False,0.08689931125734551,0.16823733,0.03605111043504716,0.7856708244599939,0.41086096744752054,Low,False
2024-10-06 06:00:00,23.6,76,1011.7,True,True,-0.03153574333144471,0.6148337,0.9712503802859751,0.9913294797687862,0.9812899300273806,High,True
2024-10-06 07:00:00,24.6,74,1011.9,False,True,0.031589070531715724,0.51133204,0.6703681168238516,0.9835716458777001,0.8269698813507758,Medium,True
2024-10-06 08:00:00,26.9,68,1012.7,False,False,0.0076476406304321065,0.11328595,0.8477334955886827,0.6125646486157591,0.7301490721022209,Low,False
2024-10-06 09:00:00,29.5,57,1013.3,True,False,-0.015173127421201915,0.14698105,0.9405232735016733,0.7284758138119866,0.8344995436568299,Medium,True
2024-10-06 10:00:00,31.4,48,1013.5,True,False,-0.014886887370882063,0.12004096,0.9399148159415881,0.6410100395497415,0.7904624277456648,Medium,True
2024-10-06 11:00:00,32.1,47,1013.0,True,False,-0.006121249815896568,0.12173058,0.9097961667173715,0.6478551871006998,0.7788256769090356,Medium,True
2024-10-06 12:00:00,32.9,43,1012.1,True,False,-0.0026900206097765222,0.14828008,0.8961058716154549,0.7331913599026468,0.8146486157590509,Medium,True
2024-10-06 13:00:00,33.9,39,1010.8,False,False,0.005116710958693982,0.22897165,0.8606632187404928,0.8830240340736234,0.8718436264070581,Medium,False
2024-10-06 14:00:00,34.4,37,1009.9,False,False,0.021474784918544265,0.21560581,0.7608761788865227,0.8676604806814725,0.8142683297839977,Medium,False
2024-10-06 15:00:00,34.5,36,1009.5,False,False,0.03135307389145486,0.19499807,0.6723456038941285,0.8399756616975966,0.7561606327958625,Medium,False
2024-10-06 16:00:00,34.0,37,1009.4,False,False,0.0473079291001644,0.17536017,0.5001521143900213,0.8039245512625495,0.6520383328262853,Low,False
2024-10-06 17:00:00,32.2,46,1009.6,False,False,0.05268501094316208,0.19483314,0.4275935503498631,0.8392150897474902,0.6334043200486766,Low,False
2024-10-06 18:00:00,29.9,53,1010.9,False,False,0.03723801274037242,0.15657818,0.6134773349558869,0.7547916032856709,0.6841344691207789,Low,False
2024-10-06 19:00:00,28.9,53,1011.5,False,False,0.06921431889262869,0.12464498,0.20535442652874958,0.6578947368421053,0.43162458168542744,Low,False
2024-10-06 20:00:00,27.9,56,1011.8,False,False,0.07154103373828524,0.10603347,0.1758442348646182,0.5789473684210527,0.3773958016428354,Low,False
2024-10-06 21:00:00,26.7,61,1011.9,False,False,0.05907283761362497,0.19319011,0.3465165804685123,0.8364770307271068,0.5914968055978096,Low,False
2024-10-06 22:00:00,25.7,65,1012.1,False,False,0.06541280447935555,0.19428235,0.25996349254639484,0.8387587465774262,0.5493611195619106,Low,False
2024-10-06 23:00:00,25.0,70,1012.2,False,False,0.05303043169459004,0.3007799,0.4231822330392455,0.9315485244904168,0.6773653787648312,Low,False
2024-10-07 00:00:00,24.4,73,1012.1,False,False,0.0663703532721216,0.19116916,0.24581685427441435,0.8331305141466383,0.5394736842105263,Low,False
2024-10-07 01:00:00,23.9,75,1011.9,False,False,0.07222870032505668,0.14165653,0.16595679951323394,0.7143291755400061,0.44014298752662,Low,False
2024-10-07 02:00:00,23.2,77,1011.8,False,False,0.07897470026055287,0.08881196,0.09446303620322483,0.4885914207484028,0.2915272284758138,Low,False
2024-10-07 03:00:00,22.7,79,1011.9,False,False,0.07608520414577585,0.056215614,0.12473379981746269,0.28475813811986617,0.20474596896866443,Low,False
2024-10-07 04:00:00,22.1,83,1012.1,False,False,0.0653606846273847,0.054650456,0.26057195010648004,0.27365378764831155,0.2671128688773958,Low,False
2024-10-07 05:00:00,21.7,86,1012.4,False,False,0.06505328342064093,0.07098117,0.2642226954669912,0.381807118953453,0.3230149072102221,Low,False
2024-10-07 06:00:00,22.0,88,1013.6,False,False,0.03663805039198709,0.09019288,0.61971402494676,0.49634925463948887,0.5580316397931244,Low,False
2024-10-07 07:00:00,23.5,82,1014.0,False,False,0.06400385369910272,0.098060824,0.27852144812899304,0.5386370550654092,0.4085792515972011,Low,False
2024-10-07 08:00:00,26.0,73,1014.7,False,False,0.04409219428093841,0.06137766,0.5363553392150897,0.3195923334347429,0.4279738363249163,Low,False
2024-10-07 09:00:00,28.6,61,1014.9,False,False,0.02561089294905483,0.056495614,0.7275631274718588,0.2865835108001217,0.5070733191359902,Low,False
2024-10-07 10:00:00,30.7,52,1014.7,False,False,0.038557500978024906,0.04476702,0.5982658959537572,0.19546699117736538,0.39686644356556133,Low,False
2024-10-07 11:00:00,32.1,46,1014.1,False,False,0.05266574683229758,0.054568186,0.42820200790994833,0.27304533008822635,0.35062366899908737,Low,False
2024-10-07 12:00:00,33.0,44,1013.2,False,False,0.051855578962875015,0.06459515,0.44219653179190754,0.34149680559780954,0.3918466686948585,Low,False
2024-10-07 13:00:00,33.7,42,1012.1,False,False,0.05018553256375213,0.079295985,0.4609066017645269,0.43656829936111957,0.4487374505628232,Low,False
2024-10-07 14:00:00,34.1,41,1011.2,False,False,0.05445562824080069,0.07634265,0.4061454213568604,0.41785822938850015,0.41200182537268026,Low,False
2024-10-07 15:00:00,34.0,40,1010.5,False,False,0.05637012677807535,0.0763333,0.38256769090355947,0.41755400060845754,0.40006084575600853,Low,False
2024-10-07 16:00:00,33.4,40,1010.5,False,False,0.06476482821931046,0.065497115,0.26893824155765134,0.34879829631883175,0.30886826893824154,Low,False
2024-10-07 17:00:00,31.9,47,1010.7,False,False,0.054774883983369715,0.06873446,0.40173410404624277,0.3662914511712808,0.3840127776087618,Low,False
2024-10-07 18:00:00,29.6,53,1011.5,False,False,0.053977387705813895,0.05932955,0.4123821113477335,0.30514146638271983,0.3587617888652267,Low,False
2024-10-07 19:00:00,28.8,55,1012.2,False,False,0.07181108717061208,0.053560346,0.1712808031639793,0.2658959537572254,0.21858837846060236,Low,False
2024-10-07 20:00:00,28.2,56,1012.9,False,False,0.07233039717945494,0.056365743,0.16458777000304226,0.2861271676300578,0.22535746881655003,Low,False
2024-10-07 21:00:00,27.7,60,1012.8,False,False,0.07695064850499767,0.109149486,0.11682385153635533,0.5937024642531183,0.35526315789473684,Low,False
2024-10-07 22:00:00,27.1,62,1012.9,False,False,0.07788339602998678,0.09305188,0.10663218740492852,0.5114085792515972,0.30902038332826287,Low,False
2024-10-07 23:00:00,26.5,64,1012.7,False,False,0.07021701176092215,0.17173171,0.19272893215698206,0.79342865835108,0.49307879525403103,Low,False
2024-10-08 00:00:00,25.9,66,1012.4,False,False,0.07729201669038094,0.120367415,0.1131731061758442,0.642835412229997,0.3780042592029206,Low,False
2024-10-08 01:00:00,25.3,69,1012.0,False,False,0.07823673412634158,0.0910558,0.10146029814420443,0.5003042287800425,0.3008822634621235,Low,False
2024-10-08 02:00:00,25.0,70,1011.5,False,False,0.0826167085624469,0.094187304,0.06373592941892303,0.5187100699726194,0.2912229996957712,Low,False
2024-10-08 03:00:00,24.6,72,1011.4,False,False,0.09321975502539848,0.089342944,0.01080012169151201,0.4916337085488287,0.25121691512017036,Low,False
2024-10-08 04:00:00,24.3,73,1011.6,False,False,0.0888248153609717,0.099068075,0.026772132643748114,0.5445695162762397,0.2856708244599939,Low,False
2024-10-08 05:00:00,23.8,75,1012.0,False,False,0.07622911445754987,0.09330843,0.12336477030727111,0.5132339519318527,0.3182993611195619,Low,False
2024-10-08 06:00:00,24.0,77,1013.0,False,False,0.06828059415482107,0.12729122,0.22010952236081538,0.6662610282932765,0.44318527532704594,Low,False
2024-10-08 07:00:00,25.2,74,1013.7,False,False,0.0752981622864583,0.1019268,0.13203529053848495,0.5581076969881351,0.34507149376331003,Low,False
2024-10-08 08:00:00,27.2,66,1014.7,False,False,0.04997776973425405,0.11923828,0.4636446607849103,0.6370550654091877,0.5503498630970489,Low,False
2024-10-08 09:00:00,29.3,58,1015.0,False,False,0.05062479433527528,0.100583345,0.45558259811378155,0.5521752357773045,0.5038789169455431,Low,False
2024-10-08 10:00:00,31.1,52,1014.8,False,False,0.05248007219728201,0.097636476,0.4317006388804381,0.5363553392150897,0.4840279890477639,Low,False
2024-10-08 11:00:00,32.2,49,1013.9,False,False,0.04715906901374084,0.1119548,0.5013690295101917,0.6040462427745664,0.552707636142379,Low,False
2024-10-08 12:00:00,33.1,46,1012.5,False,False,0.04979611307922388,0.14007096,0.466078491025251,0.7093094006693034,0.5876939458472772,Low,False
2024-10-08 13:00:00,33.5,43,1011.4,False,False,0.06317878425746415,0.1276791,0.29190751445086704,0.6689990873136599,0.48045330088226346,Low,False
2024-10-08 14:00:00,33.1,43,1010.3,False,False,0.05761543647410294,0.29278958,0.36598722239123826,0.9277456647398844,0.6468664435655613,Low,False
2024-10-08 15:00:00,32.9,43,1009.9,False,False,0.06870581100343187,0.17324333,0.21508974749011256,0.7973836324916337,0.5062366899908731,Low,False
2024-10-08 16:00:00,22.7,88,1013.4,True,True,-0.08246685134401244,2.1814468,0.998478856099787,1.0,0.9992394280498935,High,True
2024-10-08 17:00:00,23.1,89,1011.9,False,True,0.029466480325858746,0.6540559,0.6901429875266201,0.9928506236689991,0.8414968055978096,Medium,True
2024-10-08 18:00:00,27.0,64,1011.3,False,True,0.024720767887205786,0.8811073,0.7359294189230301,0.9981746273197445,0.8670520231213873,Medium,True
2024-10-08 19:00:00,26.4,66,1011.8,False,False,0.08965309984193887,0.1037528,0.02296927289321571,0.566321874049285,0.29464557347125037,Low,False
2024-10-08 20:00:00,25.2,75,1012.2,False,False,0.05742467292256692,0.08733772,0.3675083662914511,0.48250684514755093,0.425007605719501,Low,False
2024-10-08 21:00:00,24.8,74,1012.3,False,False,0.08464263238042946,0.1469848,0.05171889260724061,0.728627928202008,0.3901734104046243,Low,False
2024-10-08 22:00:00,24.2,78,1012.3,False,False,0.07171910103826146,0.1278059,0.172649832674171,0.6697596592637663,0.4212047459689687,Low,False
2024-10-08 23:00:00,23.6,81,1011.7,False,False,0.05188747778191932,0.2628804,0.44143595984180106,0.912077882567691,0.676756921204746,Low,False
2024-10-09 00:00:00,23.1,84,1011.2,False,False,0.06854133649305622,0.08298128,0.2167630057803468,0.457864313964101,0.3373136598722239,Low,False
2024-10-09 01:00:00,22.7,86,1010.7,False,False,0.0678054492415911,0.108210795,0.22771524186188008,0.589443261332522,0.40857925159720104,Low,False
2024-10-09 02:00:00,22.5,88,1010.4,False,False,0.06594659869657288,0.13816543,0.2531183449954366,0.7035290538484941,0.47832369942196534,Low,False
2024-10-09 03:00:00,22.1,90,1010.3,False,False,0.06427247118000978,0.15869881,0.27578338910860967,0.7596592637663523,0.5177213264374809,Low,False
2024-10-09 04:00:00,21.3,95,1010.3,False,False,0.04651691419630283,0.16328026,0.5079099482811074,0.7709157286279282,0.6394128384545178,Low,False
2024-10-09 05:00:00,21.0,96,1010.8,False,False,0.06308095510810469,0.19878326,0.29373288713112256,0.8446912077882568,0.5692120474596897,Low,False
2024-10-09 06:00:00,22.1,91,1011.8,False,False,0.04280354126410946,0.22680661,0.5517188926072407,0.8801338606632187,0.7159263766352297,Low,False
2024-10-09 07:00:00,23.0,87,1012.5,False,False,0.07230434495208948,0.15847585,0.16489199878308491,0.7587465774262245,0.4618192881046547,Low,False
2024-10-09 08:00:00,25.3,77,1013.0,False,False,0.05429880290180222,0.13304518,0.40827502281715855,0.6886218436264071,0.5484484332217828,Low,False
2024-10-09 09:00:00,27.7,68,1013.1,False,False,0.06021472970580338,0.07976254,0.3325220565865531,0.438850015211439,0.3856860358989961,Low,False
2024-10-09 10:00:00,29.7,58,1012.8,False,False,0.04461963342184294,0.07645885,0.5299665348341953,0.4187709157286279,0.4743687252814116,Low,False
2024-10-09 11:00:00,31.1,50,1012.0,False,False,0.04160000396557151,0.09426539,0.5644965013690295,0.519014298752662,0.5417554000608458,Low,False
2024-10-09 12:00:00,32.2,46,1011.0,False,False,0.03416968761157657,0.048946295,0.6460298144204442,0.22969272893215698,0.43786127167630057,Low,False
2024-10-09 13:00:00,32.8,42,1010.1,False,False,0.02934798551006562,0.03729944,0.6915120170368116,0.1379677517493155,0.4147398843930636,Low,False
2024-10-09 14:00:00,31.5,44,1009.8,False,False,0.038267880292458756,0.039327834,0.6023729844843322,0.15500456343170063,0.3786887739580164,Low,False
2024-10-09 15:00:00,32.1,41,1009.0,False,False,0.03359858546803751,0.06363739,0.650593246121083,0.3352601156069364,0.4929266808640097,Low,False
2024-10-09 16:00:00,31.6,42,1008.7,False,False,0.0347500907668537,0.040019408,0.641314268329784,0.16154548220261636,0.40142987526620016,Low,False
2024-10-09 17:00:00,30.3,46,1008.6,False,False,0.03314925959190784,0.042637732,0.6551566778217219,0.18162458168542744,0.41839062975357466,Low,False
2024-10-09 18:00:00,28.2,54,1009.4,False,False,0.02033646099028158,0.02893345,0.7684818983875874,0.07970794037115911,0.42409491937937327,Low,False
2024-10-09 19:00:00,27.1,58,1009.9,False,False,0.06429019463984825,0.049957696,0.2750228171585032,0.23836324916337084,0.256693033160937,Low,False
2024-10-09 20:00:00,26.4,62,1010.5,False,False,0.0729616648513462,0.057736967,0.15880742318223307,0.2941892303011865,0.22649832674170978,Low,False
2024-10-09 21:00:00,25.5,65,1010.7,False,False,0.06993418918460498,0.10577639,0.1963796775174932,0.577578338910861,0.3869790082141771,Low,False
2024-10-09 22:00:00,24.8,67,1011.1,False,False,0.06988380503556324,0.089739256,0.19668390629753574,0.49452388195923336,0.34560389412838455,Low,False
2024-10-09 23:00:00,24.4,66,1010.9,False,False,0.06839642424548398,0.19757509,0.21782780651049594,0.8436264070581077,0.5307271067843018,Low,False
2024-10-10 00:00:00,23.7,67,1010.4,False,False,0.07537616992855534,0.13680196,0.13081837541831454,0.6994219653179191,0.4151201703681168,Low,False
2024-10-10 01:00:00,22.9,70,1009.9,False,False,0.07727531418571609,0.093956165,0.11332522056586558,0.5165804685123213,0.31495284453909345,Low,False
2024-10-10 02:00:00,22.4,73,1009.4,False,False,0.07629665986524975,0.080710925,0.12245208396714324,0.44493459081229086,0.283693337389717,Low,False
2024-10-10 03:00:00,21.8,77,1009.4,False,False,0.08154002114571057,0.06464693,0.0722543352601156,0.34210526315789475,0.20717979920900517,Low,False
2024-10-10 04:00:00,21.0,81,1009.4,False,False,0.07990335349611549,0.053254504,0.08609674475205353,0.2627015515667782,0.17439914815941587,Low,False
2024-10-10 05:00:00,20.4,85,1009.6,False,False,0.07226685175896697,0.059782337,0.16534834195314874,0.30787952540310315,0.23661393367812594,Low,False
2024-10-10 06:00:00,21.5,85,1010.7,False,False,0.061957433894180125,0.10961387,0.3112260419835716,0.5952236081533313,0.45322482506845146,Low,False
2024-10-10 07:00:00,22.3,83,1011.2,False,False,0.08496606477732332,0.04130504,0.049437176756921164,0.1714329175540006,0.11043504715546089,Low,False
2024-10-10 08:00:00,25.2,72,1011.6,False,False,0.051038894797250656,0.062102493,0.45101916641314266,0.3241557651353818,0.38758746577426223,Low,False
2024-10-10 09:00:00,28.0,57,1012.0,False,False,0.04049455474488384,0.07481369,0.5771219957407971,0.4091877091572863,0.4931548524490417,Low,False
2024-10-10 10:00:00,30.0,46,1011.7,False,False,0.04931322843423569,0.034644425,0.47216306662610286,0.1143900212960146,0.29327654396105873,Low,False
2024-10-10 11:00:00,31.3,39,1010.9,False,False,0.06385570715387823,0.03546055,0.28095527836933376,0.12321265591724977,0.20208396714329177,Low,False
2024-10-10 12:00:00,32.1,37,1010.0,False,False,0.05462456779154162,0.032684885,0.403407362336477,0.10130818375418314,0.2523577730453301,Low,False
2024-10-10 13:00:00,32.5,36,1009.1,False,False,0.04961303443259796,0.020706294,0.4682080924855492,0.03300882263462124,0.2506084575600852,Low,False
2024-10-10 14:00:00,32.8,34,1008.2,False,False,0.04278334609515966,0.02151091,0.5520231213872833,0.0381807118953453,0.2951019166413143,Low,False
2024-10-10 15:00:00,32.7,33,1007.8,False,False,0.04465952894349229,0.024046954,0.5296623060541528,0.05004563431700639,0.28985397018557957,Low,False
2024-10-10 16:00:00,32.2,33,1007.9,False,False,0.0494331341091484,0.043356515,0.4710982658959537,0.1866443565561302,0.32887131122604196,Low,False
2024-10-10 17:00:00,30.3,42,1008.1,False,False,0.03743847040337067,0.02325592,0.6107392759355035,0.04609066017645269,0.3284149680559781,Low,False
2024-10-10 18:00:00,27.9,46,1008.8,False,False,0.04925527580953415,0.042919245,0.47292363857620934,0.18344995436568298,0.3281867964709462,Low,False
2024-10-10 19:00:00,26.7,49,1009.4,False,False,0.07344641358334342,0.029994655,0.15302707636142376,0.08548828719196835,0.11925768177669606,Low,False
2024-10-10 20:00:00,25.8,52,1010.0,False,False,0.07408152755543002,0.03358406,0.14481289930027386,0.10724064496501369,0.12602677213264377,Low,False
2024-10-10 21:00:00,25.0,56,1010.3,False,False,0.07783133574086526,0.06501976,0.10754487374505628,0.34514755095832067,0.22634621235168847,Low,False
2024-10-10 22:00:00,23.9,64,1010.5,False,False,0.06544439884200232,0.08823792,0.25935503498630974,0.4867660480681473,0.3730605415272285,Low,False
2024-10-10 23:00:00,24.0,63,1010.5,False,False,0.08008537268284677,0.1279973,0.08457560085184057,0.6708244599939154,0.377700030422878,Low,False
2024-10-11 00:00:00,23.6,65,1010.0,False,False,0.07829920448621003,0.06950039,0.10069972619409795,0.37146334043200485,0.2360815333130514,Low,False
2024-10-11 01:00:00,23.1,67,1009.6,False,False,0.08388853906601035,0.043646578,0.05536963796775174,0.18816550045634317,0.12176756921204746,Low,False
2024-10-11 02:00:00,22.4,70,1009.2,False,False,0.08261021847508682,0.032865185,0.0638880438089443,0.1028293276543961,0.08335868573167021,Low,False
2024-10-11 03:00:00,23.7,63,1009.2,False,False,0.08752314525049637,0.09108638,0.03300882263462124,0.5004563431700639,0.2667325829023426,Low,False
2024-10-11 04:00:00,23.3,64,1009.2,False,False,0.09371342880773331,0.040763922,0.009583206571341596,0.1676300578034682,0.0886066321874049,Low,False
2024-10-11 05:00:00,23.2,64,1009.5,False,False,0.10091734836308575,0.042217735,0.0006084575600852071,0.17827806510495892,0.08944326133252206,Low,False
2024-10-11 06:00:00,22.9,69,1010.4,False,False,0.07771640044144185,0.078896105,0.10860967447520531,0.4341344691207788,0.27137207179799205,Low,False
2024-10-11 07:00:00,23.3,69,1010.9,False,False,0.09038682039989265,0.027481783,0.019926985092789784,0.07027684818983876,0.04510191664131427,Low,False
2024-10-11 08:00:00,26.2,63,1011.5,False,False,0.06900447683206778,0.059235167,0.20930940066930337,0.3046851232126559,0.2569972619409796,Low,False
2024-10-11 09:00:00,28.8,51,1011.8,False,False,0.04922184587874007,0.051814657,0.4738363249163371,0.2529662306054153,0.36340127776087616,Low,False
2024-10-11 10:00:00,30.5,45,1011.6,False,False,0.07487386696671278,0.03385326,0.13583815028901736,0.10937024642531183,0.1226041983571646,Low,False
2024-10-11 11:00:00,31.8,39,1011.0,False,False,0.07260979529431921,0.025304232,0.16200182537268026,0.056738667477943414,0.10937024642531185,Low,False
2024-10-11 12:00:00,32.7,35,1010.1,False,False,0.06258271208770899,0.023863014,0.30164283541223,0.049132947976878616,0.17538789169455432,Low,False
2024-10-11 13:00:00,33.2,33,1009.1,False,False,0.0595570100222611,0.03065809,0.339671432917554,0.08868268938241558,0.21417706114998478,Low,False
2024-10-11 14:00:00,33.3,32,1008.2,False,False,0.0636858857384267,0.03981177,0.2838454517797384,0.15987222391238212,0.22185883784606025,Low,False
2024-10-11 15:00:00,33.1,31,1007.7,False,False,0.06304729608321313,0.039930254,0.29434134469120776,0.16093702464253118,0.22763918466686947,Low,False
2024-10-11 16:00:00,32.5,33,1007.4,False,False,0.06097448238966674,0.04727621,0.32202616367508363,0.21691512017036813,0.26947064192272585,Low,False
2024-10-11 17:00:00,30.2,44,1007.4,False,False,0.033254883481916464,0.045230143,0.6542439914815942,0.19881350775783388,0.42652874961971404,Low,False
2024-10-11 18:00:00,29.6,43,1008.5,False,False,0.07593577317125993,0.17139117,0.12701551566778213,0.7929723151810161,0.4599939154243991,Low,False
2024-10-11 19:00:00,27.0,53,1008.8,False,False,0.05810290916584071,0.023386609,0.3580772741101308,0.047307575296623064,0.20269242470337692,Low,False
2024-10-11 20:00:00,25.6,57,1009.3,False,False,0.08595419978494645,0.027233534,0.04243991481594156,0.0687557042896258,0.05559780955278368,Low,False
2024-10-11 21:00:00,25.1,60,1009.8,False,False,0.0919620448900268,0.035230905,0.014298752662001868,0.12108305445695162,0.06769090355947674,Low,False
2024-10-11 22:00:00,25.1,60,1009.8,False,False,0.09540453459829618,0.09659677,0.005324003650745368,0.5308792211743231,0.2681016124125342,Low,False
2024-10-11 23:00:00,23.5,65,1009.8,False,False,0.06803225716638328,0.064836554,0.22452083967143288,0.3439306358381503,0.2842257377547916,Low,False
2024-10-12 00:00:00,22.7,69,1009.5,False,False,0.07895524407168403,0.030894578,0.09491937937328876,0.09005171889260724,0.092485549132948,Low,False
2024-10-12 01:00:00,22.5,69,1009.1,False,False,0.08648405743011495,0.04009231,0.038637055065409154,0.16230605415272284,0.100471554609066,Low,False
2024-10-12 02:00:00,21.8,71,1008.7,False,False,0.0824545894041766,0.03849672,0.06480073014907206,0.14618192881046546,0.10549132947976876,Low,False
2024-10-12 03:00:00,21.6,71,1008.6,False,False,0.09058303782313443,0.046802424,0.01901429875266203,0.2134164891998783,0.11621539397627016,Low,False
2024-10-12 04:00:00,20.9,74,1008.6,False,False,0.0795861970677128,0.033145756,0.0882263462123517,0.10465470033465166,0.09644052327350168,Low,False
2024-10-12 05:00:00,20.7,74,1009.1,False,False,0.08622352118326254,0.046884857,0.04076665652570732,0.21432917554000608,0.1275479160328567,Low,False
2024-10-12 06:00:00,21.0,75,1009.8,False,False,0.08208806381388717,0.028532324,0.06784301794949799,0.07742622452083966,0.07263462123516883,Low,False
2024-10-12 07:00:00,22.8,67,1010.2,False,False,0.08322120550257261,0.050747674,0.05947672649832669,0.2438393672041375,0.1516580468512321,Low,False
2024-10-12 08:00:00,25.5,60,1010.9,False,False,0.0800448454631909,0.033907603,0.08472771524186185,0.10982658959537572,0.09727715241861878,Low,False
2024-10-12 09:00:00,28.3,50,1011.4,False,False,0.0598317437484438,0.02799727,0.3363249163370855,0.07362336477030727,0.2049741405536964,Low,False
2024-10-12 10:00:00,30.6,43,1011.2,False,False,0.07152205646950938,0.01758523,0.17599634925463947,0.023121387283236993,0.09955886826893823,Low,False
2024-10-12 11:00:00,32.0,38,1010.8,False,False,0.07218469113395776,0.035789024,0.16702160024338297,0.1261028293276544,0.14656221478551867,Low,False
2024-10-12 12:00:00,32.9,35,1010.0,False,False,0.06600795267257081,0.022076065,0.2519014298752662,0.04015819896562215,0.1460298144204442,Low,False
2024-10-12 13:00:00,33.6,32,1009.2,False,False,0.06021161819871107,0.006851241,0.33267417097657437,0.00045634317006388805,0.16656525707331912,Low,False
2024-10-12 14:00:00,33.9,30,1008.5,False,False,0.05520272339208254,0.0032713967,0.3964101003954974,0.000152114390021296,0.19828110739275934,Low,False
2024-10-12 15:00:00,33.7,29,1008.2,False,False,0.060800173362053955,0.012614392,0.3249163370854883,0.00958320657134165,0.16724977182841497,Low,False
2024-10-12 16:00:00,32.9,30,1008.3,False,False,0.06320593153620296,0.03127112,0.29175540006084577,0.09339823547307576,0.19257681776696076,Low,False
2024-10-12 17:00:00,30.3,43,1008.4,False,False,0.031859634643736645,0.09374206,0.6674779434134469,0.5161241253422574,0.5918010343778521,Low,False
2024-10-12 18:00:00,28.7,43,1009.2,False,False,0.0609460624642954,0.079611585,0.3229388500152114,0.43778521448128993,0.38036203224825066,Low,False
2024-10-12 19:00:00,27.0,48,1009.3,False,False,0.07025869251809047,0.030108197,0.19227258898691812,0.08655308792211744,0.1394128384545178,Low,False
2024-10-12 20:00:00,26.3,50,1009.9,False,False,0.08364068014015408,0.021939525,0.057042896257985976,0.039549741405536964,0.04829631883176147,Low,False
2024-10-12 21:00:00,25.9,50,1010.1,False,False,0.0824043391469772,0.031678706,0.065257073319136,0.09522360815333131,0.08024034073623365,Low,False
2024-10-12 22:00:00,25.2,51,1010.2,False,False,0.07970674349793094,0.058231864,0.08700943109218129,0.2978399756616976,0.19242470337693945,Low,False
2024-10-12 23:00:00,24.4,55,1010.0,False,False,0.07663235733278378,0.08905066,0.1195619105567387,0.49041679342865835,0.3049893519926985,Low,False
2024-10-13 00:00:00,24.1,58,1009.8,False,False,0.08926309695276996,0.03832302,0.024642531183449945,0.1452692424703377,0.08495588682689383,Low,False
2024-10-13 01:00:00,23.5,60,1009.5,False,False,0.09383239750003719,0.018571036,0.009431092181320322,0.02631578947368421,0.017873440827502265,Low,False
2024-10-13 02:00:00,22.7,62,1009.3,False,False,0.09295306038250711,0.021606557,0.011104350471554558,0.038484940675387894,0.024794645573471226,Low,False
2024-10-13 03:00:00,22.1,65,1009.4,False,False,0.09789067769307813,0.041550297,0.0027380590203833766,0.17295406145421358,0.08784606023729848,Low,False
2024-10-13 04:00:00,21.1,69,1009.6,False,False,0.08743448222196076,0.07618956,0.03376939458472772,0.4161849710982659,0.22497718284149681,Low,False
2024-10-13 05:00:00,21.0,69,1010.0,False,False,0.08403900944717879,0.08969779,0.054456951627623984,0.49437176756921203,0.274414359598418,Low,False
2024-10-13 06:00:00,20.8,73,1011.4,False,False,0.05120068693828178,0.18963893,0.44980225129297235,0.8308487982963189,0.6403255247946456,Low,False
2024-10-13 07:00:00,22.3,67,1011.8,False,False,0.07732641232952275,0.05128865,0.11286887739580165,0.24870702768481898,0.18078795254031033,Low,False
2024-10-13 08:00:00,24.8,59,1012.4,False,False,0.058993707397843764,0.024212003,0.3471250380285975,0.050806206267112866,0.19896562214785518,Low,False
2024-10-13 09:00:00,27.5,51,1012.8,False,False,0.0513197678394674,0.026556604,0.448128993002738,0.06388804380894432,0.25600851840584116,Low,False
2024-10-13 10:00:00,30.0,44,1012.6,False,False,0.04925458887178824,0.027593438,0.4730757529662306,0.07073319135990265,0.2719044721630666,Low,False
2024-10-13 11:00:00,31.9,37,1011.8,False,False,0.06344297512210345,0.014890513,0.28810465470033464,0.014298752662001825,0.15120170368116823,Low,False
2024-10-13 12:00:00,33.0,33,1011.1,False,False,0.06600600496620701,0.02254821,0.2520535442652875,0.04228780042592029,0.14717067234560388,Low,False
2024-10-13 13:00:00,33.6,30,1010.2,False,False,0.05450826317819446,0.019591408,0.4052327350167326,0.029205962884088835,0.21721934895041073,Low,False
2024-10-13 14:00:00,34.0,27,1009.5,False,False,0.056918746593177305,0.02162592,0.3732887131122604,0.03863705506540919,0.2059628840888348,Low,False
2024-10-13 15:00:00,34.0,26,1009.1,False,False,0.061251552851942836,0.02726088,0.3189838758746577,0.06905993306966839,0.19402190447216305,Low,False
2024-10-13 16:00:00,33.2,27,1008.7,False,False,0.059708742319071306,0.032957204,0.33799817462731974,0.10343778521448128,0.2207179799209005,Low,False
2024-10-13 17:00:00,30.6,33,1008.8,False,False,0.048078165477895896,0.06360357,0.4885914207484028,0.33449954365682993,0.41154548220261633,Low,False
2024-10-13 18:00:00,27.8,40,1009.4,False,False,0.051321658850527585,0.04709634,0.44797687861271673,0.21569820505019774,0.33183754183145725,Low,False
2024-10-13 19:00:00,27.7,41,1009.9,False,False,0.08478764790897614,0.034795865,0.051262549437176785,0.11636750836629145,0.08381502890173412,Low,False
2024-10-13 20:00:00,27.2,44,1010.4,False,False,0.08160769033446252,0.017048674,0.07149376331000912,0.02144812899300274,0.04647094615150593,Low,False
2024-10-13 21:00:00,26.0,48,1010.7,False,False,0.08234545950875938,0.03609711,0.06556130209917854,0.12823243078795254,0.09689686644356554,Low,False
2024-10-13 22:00:00,24.6,53,1011.1,False,False,0.0753644947780015,0.033617526,0.1311226041983572,0.10769698813507758,0.11940979616671739,Low,False
2024-10-13 23:00:00,23.7,55,1010.9,False,False,0.07817134456778774,0.121631116,0.10252509887435346,0.6475509583206571,0.3750380285975053,Low,False
2024-10-14 00:00:00,23.8,54,1010.5,False,False,0.0860840936773199,0.054234255,0.04167934286583508,0.27061149984788563,0.15614542135686035,Low,False
2024-10-14 01:00:00,23.3,56,1010.3,False,False,0.09370351492291279,0.033350438,0.009735320961362981,0.10571950106480073,0.057727411013081854,Low,False
2024-10-14 02:00:00,21.7,62,1010.1,False,False,0.07600795416399753,0.018185405,0.12579860054761183,0.024946759963492545,0.07537268025555219,Low,False
2024-10-14 03:00:00,21.1,65,1010.4,False,False,0.09158626741882447,0.023136223,0.015667782172193445,0.04563431700638881,0.030651049589291126,Low,False
2024-10-14 04:00:00,20.6,67,1010.8,False,False,0.08122695907322086,0.028162332,0.07453605111043504,0.07514450867052024,0.07484027989047765,Low,False
2024-10-14 05:00:00,20.0,67,1011.2,False,False,0.07190743490286877,0.04052078,0.1700638880438089,0.16534834195314876,0.16770611499847882,Low,False
2024-10-14 06:00:00,19.9,74,1012.7,False,False,0.024307336168804428,0.13169593,0.7392759355034986,0.6842105263157895,0.7117432309096441,Low,False
2024-10-14 07:00:00,21.6,67,1013.2,False,False,0.05790899376556713,0.058980018,0.361271676300578,0.3025555217523578,0.3319135990264679,Low,False
2024-10-14 08:00:00,24.5,58,1013.5,False,False,0.05199486349101062,0.054945976,0.4400669303316094,0.2753270459385458,0.35769698813507755,Low,False
2024-10-14 09:00:00,27.7,50,1013.9,False,False,0.0400457917400559,0.034078714,0.5813811986613934,0.1110435047155461,0.34621235168846975,Low,False
2024-10-14 10:00:00,30.4,41,1013.8,False,False,0.0438123145381783,0.024335518,0.5397018557955582,0.05156677821721935,0.29563431700638876,Low,False
2024-10-14 11:00:00,32.3,34,1013.0,False,False,0.0442744152818586,0.016301414,0.5337693945847277,0.018405841192576818,0.27608761788865227,Low,False
2024-10-14 12:00:00,33.4,28,1012.0,False,False,0.042594273007865724,0.021670086,0.5533921508974748,0.03878916945543048,0.2960906601764527,Low,False
2024-10-14 13:00:00,34.0,24,1011.1,False,False,0.04474030887007108,0.020724058,0.5284453909339824,0.03316093702464253,0.28080316397931243,Low,False
2024-10-14 14:00:00,34.2,22,1010.1,False,False,0.04605840976198988,0.040785875,0.5130818375418315,0.1682385153635534,0.3406601764526924,Low,False
2024-10-14 15:00:00,33.7,23,1009.6,False,False,0.05383166655763144,0.033813797,0.4145117128080317,0.10891390325524794,0.2617128080316398,Low,False
2024-10-14 16:00:00,32.6,26,1009.5,False,False,0.0611422036545714,0.032322027,0.32065713416489194,0.0990264679038637,0.20984180103437783,Low,False
2024-10-14 17:00:00,29.8,47,1009.4,True,False,-0.0023980277394658467,0.20412676,0.8953452996653484,0.8512321265591725,0.8732887131122604,Medium,True
2024-10-14 18:00:00,27.8,37,1009.7,False,True,0.05235462319998341,0.3968214,0.43443869790082146,0.9654700334651658,0.6999543656829936,Low,True
2024-10-14 19:00:00,26.6,39,1010.2,False,False,0.07844335352980236,0.07027536,0.09826589595375723,0.37617888652266507,0.23722239123821115,Low,False
2024-10-14 20:00:00,25.1,47,1010.9,False,False,0.06014812931020391,0.031568434,0.332978399756617,0.09491937937328872,0.21394888956495287,Low,False
2024-10-14 21:00:00,24.0,54,1011.3,False,False,0.07051499514501897,0.05774807,0.1898387587465774,0.29434134469120776,0.24209005171889258,Low,False
2024-10-14 22:00:00,23.1,57,1011.7,False,False,0.07785752320954731,0.0802949,0.10724064496501373,0.4417401886218436,0.27449041679342867,Low,False
2024-10-14 23:00:00,22.4,60,1011.6,False,False,0.0735556060724803,0.17591144,0.15120170368116825,0.8051414663827198,0.478171585031944,Low,False
2024-10-15 00:00:00,22.4,59,1011.2,False,False,0.08040878523765083,0.08546976,0.08229388500152113,0.47398843930635837,0.27814116215393975,Low,False
2024-10-15 01:00:00,21.9,60,1011.0,False,False,0.08710389690353698,0.056710854,0.035746881655004614,0.28810465470033464,0.16192576817766963,Low,False
2024-10-15 02:00:00,21.5,61,1010.4,False,False,0.08614469276843556,0.08732755,0.04107088530574987,0.48235473075752966,0.26171280803163977,Low,False
2024-10-15 03:00:00,21.1,62,1010.2,False,False,0.09120436611197702,0.07246887,0.01764526924247034,0.39504107088530577,0.20634317006388805,Low,False
2024-10-15 04:00:00,20.4,63,1010.4,False,False,0.08673061601771687,0.06875103,0.03726802555521758,0.3664435655613021,0.20185579555825983,Low,False
2024-10-15 05:00:00,20.2,61,1010.6,False,False,0.08523675518932816,0.096881956,0.04776391846668693,0.5327045938545787,0.2902342561606328,Low,False
2024-10-15 06:00:00,19.4,70,1011.7,False,False,0.03103779062170653,0.07825854,0.6750836629145117,0.4313964101003955,0.5532400365074536,Low,False
2024-10-15 07:00:00,21.3,64,1012.0,False,False,0.07605423834960284,0.08007101,0.12519014298752662,0.4406753878916946,0.2829327654396106,Low,False
2024-10-15 08:00:00,24.3,55,1012.5,False,False,0.06366073276159562,0.06290946,0.2844539093398235,0.32887131122604196,0.30666261028293273,Low,False
2024-10-15 09:00:00,27.5,47,1012.8,False,False,0.059065939354574215,0.030279675,0.3466686948585336,0.0873136598722239,0.21699117736537873,Low,False
2024-10-15 10:00:00,30.0,39,1012.3,False,False,0.05251158009332729,0.011773015,0.43139641010039553,0.007149376331000912,0.21927289321569823,Low,False
2024-10-15 11:00:00,32.0,33,1011.5,False,False,0.05675082940769338,0.020243064,0.3766352296927289,0.031487678734408275,0.20406145421356858,Low,False
2024-10-15 12:00:00,33.4,29,1010.7,False,False,0.048900657678942194,0.02639163,0.4777912990568908,0.06267112868877396,0.2702312138728324,Low,False
2024-10-15 13:00:00,34.2,26,1009.4,False,False,0.020668196776083336,0.0372684,0.7671128688773958,0.1369029510191664,0.4520079099482811,Low,False
2024-10-15 14:00:00,34.4,26,1008.7,False,False,0.043906143152497634,0.032632187,0.5378764831153027,0.10100395497414055,0.31944021904472164,Low,False
2024-10-15 15:00:00,34.1,26,1008.2,False,False,0.051383428251094265,0.045871656,0.4469120778825677,0.20352905384849407,0.3252205658655309,Low,False
2024-10-15 16:00:00,33.3,30,1008.1,False,False,0.05840032767499359,0.0643198,0.35336172801947063,0.3393672041375114,0.34636446607849103,Low,False
2024-10-15 17:00:00,29.8,52,1008.2,True,False,-0.013574660176225661,0.17521624,0.9361119561910557,0.8034682080924855,0.8697900821417706,Medium,True
2024-10-15 18:00:00,26.9,48,1008.7,False,False,0.0510082424640691,0.3127902,0.45117128080316393,0.9385457864313964,0.6948585336172801,Low,False
2024-10-15 19:00:00,25.6,52,1009.2,False,False,0.08432619764982918,0.09223008,0.05324003650745357,0.5069972619409796,0.2801186492242166,Low,False
2024-10-15 20:00:00,25.3,51,1009.6,False,False,0.09339163715515658,0.14325674,0.010343778521448077,0.7185883784606024,0.36446607849102525,Low,False
2024-10-15 21:00:00,23.7,56,1009.9,False,False,0.07711279433364715,0.07330582,0.11469425007605716,0.39930027380590205,0.2569972619409796,Low,False
2024-10-15 22:00:00,22.6,60,1009.9,False,False,0.08555930215765362,0.13206492,0.045177973836324936,0.6861880133860663,0.3656829936111956,Low,False
2024-10-15 23:00:00,22.3,60,1009.4,False,False,0.07334154296993906,0.30769283,0.15439610587161545,0.9356556130209918,0.5450258594463036,Low,False
2024-10-16 00:00:00,21.5,64,1008.9,False,False,0.07875859477109232,0.06328594,0.09613629449345906,0.3322178278065105,0.21417706114998478,Low,False
2024-10-16 01:00:00,20.8,67,1008.7,False,False,0.07615535399191642,0.06786739,0.12382111347733493,0.3621843626407058,0.24300273805902037,Low,False
2024-10-16 02:00:00,20.2,70,1008.4,False,False,0.06804612734661936,0.09921237,0.22406449650136906,0.5457864313964101,0.3849254639488896,Low,False
2024-10-16 03:00:00,19.9,72,1008.3,False,False,0.07121939878122463,0.13249253,0.18055978095527836,0.6872528141162154,0.4339062975357469,Low,False
2024-10-16 04:00:00,20.2,69,1008.2,False,False,0.06909732016702497,0.21966724,0.20733191359902647,0.8745056282324308,0.5409187709157286,Low,False
2024-10-16 05:00:00,20.2,67,1008.3,False,False,0.08311021750559267,0.19575642,0.06054152722847583,0.8407362336477031,0.4506388804380895,Low,False
2024-10-16 06:00:00,20.2,71,1009.1,False,False,0.07274672953703887,0.10864091,0.1604806814724673,0.5911165196227564,0.3757986005476118,Low,False
2024-10-16 07:00:00,21.7,65,1009.5,False,False,0.08866342699906637,0.12870833,0.028597505324003625,0.6735625190142988,0.3510800121691512,Low,False
2024-10-16 08:00:00,24.6,55,1009.9,False,False,0.07150725520320567,0.122363985,0.1764526924247034,0.6493763310009126,0.412914511712808,Low,False
2024-10-16 09:00:00,27.7,50,1010.3,False,False,0.07733134184077223,0.08663068,0.11271676300578037,0.4797687861271676,0.29624277456647397,Low,False
2024-10-16 10:00:00,30.4,43,1010.0,False,False,0.06362830721537699,0.03905687,0.28491025250988744,0.15181016124125343,0.21836020687557045,Low,False
2024-10-16 11:00:00,32.9,33,1009.5,False,False,0.035344239984786974,0.0706448,0.6353818071189534,0.37952540310313354,0.5074536051110434,Low,False
2024-10-16 12:00:00,34.1,28,1008.3,False,False,0.026304831135290085,0.036499985,0.721478551871007,0.13127471858837847,0.4263766352296927,Low,False
2024-10-16 13:00:00,34.9,25,1007.3,False,False,0.016735575595095142,0.020771347,0.7922117432309097,0.03361728019470642,0.4129145117128081,Low,False
2024-10-16 14:00:00,35.4,23,1006.5,False,False,0.016534273775827002,0.02288736,0.7946455734712504,0.04456951627623973,0.4196075448737451,Low,False
2024-10-16 15:00:00,35.1,23,1006.0,False,False,0.027930688911141144,0.024301099,0.7061149984788562,0.05126254943717676,0.3786887739580165,Low,False
2024-10-16 16:00:00,33.9,28,1006.2,False,False,0.03990239230514925,0.029967984,0.584271372071798,0.08518405841192576,0.3347277152418619,Low,False
2024-10-16 17:00:00,31.2,32,1006.5,False,False,0.03270780598430145,0.049704023,0.6589595375722543,0.2362336477030727,0.4475965926376635,Low,False
2024-10-16 18:00:00,29.1,38,1007.6,False,False,0.041121293630740074,0.036015835,0.5702768481898388,0.12747185883784606,0.34887435351384244,Low,False
2024-10-16 19:00:00,28.3,37,1008.1,False,False,0.07167061410865844,0.054132804,0.17417097657438396,0.26909035594767267,0.22163066626102831,Low,False
2024-10-16 20:00:00,27.0,40,1008.4,False,False,0.06262426607965832,0.04216609,0.30088226346212354,0.17812595071493764,0.2395041070885306,Low,False
2024-10-16 21:00:00,25.8,44,1008.9,False,False,0.06444832435333692,0.045789234,0.271828414968056,0.2027684818983876,0.2372984484332218,Low,False
2024-10-16 22:00:00,25.2,44,1009.5,False,False,0.06578586399145936,0.050951526,0.2550958320657134,0.24642531183449953,0.2507605719501065,Low,False
2024-10-16 23:00:00,24.4,45,1009.7,False,False,0.05726424653996387,0.09157417,0.369485853361728,0.5033465165804685,0.43641618497109824,Low,False
2024-10-17 00:00:00,23.9,47,1009.4,False,False,0.0631767852359118,0.13098057,0.2920596288408883,0.6822330392455126,0.48714633404320046,Low,False
2024-10-17 01:00:00,22.9,51,1009.5,False,False,0.07479540938000018,0.08826505,0.13720717979920904,0.48691816245816855,0.3120626711286888,Low,False
2024-10-17 02:00:00,21.7,57,1009.2,False,False,0.07723034580661953,0.055310704,0.11393367812595068,0.2780651049589291,0.1959993915424399,Low,False
2024-10-17 03:00:00,20.8,61,1009.0,False,False,0.07799654102576065,0.029439883,0.10526315789473684,0.08183754183145725,0.09355034986309704,Low,False
2024-10-17 04:00:00,20.2,66,1009.0,False,False,0.06221972088763811,0.02680219,0.3074231822330392,0.06571341648919987,0.18656829936111954,Low,False
2024-10-17 05:00:00,19.5,73,1009.3,False,False,0.039828071801687126,0.04035086,0.5851840584119258,0.1641314268329784,0.3746577426224521,Low,False
2024-10-17 06:00:00,19.5,76,1009.7,False,False,0.04794964806683727,0.06107571,0.4911773653787649,0.316550045634317,0.40386370550654094,Low,False
2024-10-17 07:00:00,20.7,74,1010.2,False,False,0.05765316508976004,0.07156032,0.3652266504411318,0.3869790082141771,0.37610282932765443,Low,False
2024-10-17 08:00:00,24.2,62,1010.8,False,False,0.026687846507772173,0.09286638,0.7176756921204746,0.5103437785214481,0.6140097353209613,Low,False
2024-10-17 09:00:00,27.8,51,1011.2,False,False,0.04043193146117163,0.043009315,0.5777304533008822,0.18421052631578946,0.38097048980833587,Low,False
2024-10-17 10:00:00,30.4,42,1011.1,False,False,0.052479897899632366,0.02226699,0.43185275327045936,0.04107088530574993,0.23646181928810464,Low,False
2024-10-17 11:00:00,32.2,38,1010.7,False,False,0.0698029316902164,0.045513812,0.19790082141770615,0.20048676604806814,0.19919379373288715,Low,False
2024-10-17 12:00:00,33.5,35,1009.7,False,False,0.05694167437538239,0.066927604,0.3728323699421965,0.35716458777000304,0.36499847885609976,Low,False
2024-10-17 13:00:00,34.3,30,1008.8,False,False,0.051349084296241354,0.0444898,0.44721630666261025,0.19425007605719502,0.32073319135990264,Low,False
2024-10-17 14:00:00,34.5,28,1008.0,False,False,0.05808656618297048,0.035726536,0.358685731670216,0.12534225737754792,0.24201399452388195,Low,False
2024-10-17 15:00:00,34.3,28,1007.6,False,False,0.06258569359836141,0.024349852,0.30149072102220875,0.051871006997261944,0.17668086400973534,Low,False
2024-10-17 16:00:00,33.5,34,1007.5,False,False,0.06605283323320449,0.05889636,0.251292972315181,0.30164283541222997,0.27646790386370546,Low,False
2024-10-17 17:00:00,30.2,54,1007.6,False,False,0.003046754936242624,0.16922846,0.8703985397018558,0.7876483115302708,0.8290234256160633,Medium,False
2024-10-17 18:00:00,27.4,52,1008.2,False,False,0.06262083050221734,0.18762387,0.3010343778521448,0.8267417097657438,0.5638880438089443,Low,False
2024-10-17 19:00:00,26.1,55,1008.6,False,False,0.08595330353761654,0.0305674,0.042592029205962834,0.08822634621235169,0.06540918770915727,Low,False
2024-10-17 20:00:00,25.1,56,1009.1,False,False,0.0903908955712468,0.03498075,0.01977487070276851,0.1186492242166109,0.0692120474596897,Low,False
2024-10-17 21:00:00,24.2,58,1009.3,False,False,0.09262960330597081,0.034673966,0.01262549437176752,0.1146942500760572,0.06365987222391237,Low,False
2024-10-17 22:00:00,23.1,61,1009.6,False,False,0.08460666620873625,0.03722448,0.05187100699726199,0.13644660784910254,0.09415880742318226,Low,False
2024-10-17 23:00:00,22.9,59,1009.4,False,False,0.08495473802770392,0.13928439,0.04958929114694255,0.7070276848189839,0.37830848798296324,Low,False
2024-10-18 00:00:00,23.0,56,1009.2,False,False,0.09172714626483336,0.037339956,0.015363553392150897,0.13811986613933677,0.07674170976574383,Low,False
2024-10-18 01:00:00,22.8,56,1009.0,False,False,0.09458095715506104,0.032403674,0.0071493763310008784,0.10009126863401278,0.05362032248250683,Low,False
2024-10-18 02:00:00,21.9,58,1008.8,False,False,0.08956418980289493,0.03379169,0.023273501673258257,0.10860967447520535,0.06594158807423181,Low,False
2024-10-18 03:00:00,21.1,61,1008.8,False,False,0.09272115904110151,0.03194374,0.012017036811682424,0.09628840888348038,0.0541527228475814,Low,False
2024-10-18 04:00:00,20.9,61,1008.9,False,False,0.09468642818388168,0.03950077,0.006997261940979604,0.1563735929418923,0.08168542744143595,Low,False
2024-10-18 05:00:00,20.4,64,1009.3,False,False,0.08630380825792366,0.0480053,0.04031031335564339,0.2219348950410709,0.13112260419835714,Low,False
2024-10-18 06:00:00,20.7,65,1010.3,False,False,0.07714394654750267,0.07994917,0.11454213568603588,0.4399148159415881,0.277228475813812,Low,False
2024-10-18 07:00:00,21.8,65,1010.8,False,False,0.08637330622180162,0.051067077,0.039701855795558294,0.24733799817462732,0.1435199269850928,Low,False
2024-10-18 08:00:00,24.5,61,1011.2,False,False,0.07669210839125962,0.07620696,0.1189534529966535,0.4163370854882872,0.26764526924247034,Low,False
2024-10-18 09:00:00,27.5,55,1011.4,False,False,0.06697228996641535,0.06282403,0.23805902038332827,0.32780651049589293,0.2829327654396106,Low,False
2024-10-18 10:00:00,30.5,46,1011.2,False,False,0.056282164446151195,0.049748152,0.3836324916337085,0.23684210526315788,0.3102372984484332,Low,False
2024-10-18 11:00:00,32.8,36,1010.5,False,False,0.04735660355205146,0.03406551,0.49954365682993607,0.11073927593550349,0.3051414663827198,Low,False
2024-10-18 12:00:00,34.0,32,1009.6,False,False,0.052386095157544,0.033763867,0.43383024034073625,0.10830544569516276,0.2710678430179495,Low,False
2024-10-18 13:00:00,34.7,29,1008.5,False,False,0.0411470914352412,0.037828114,0.5699726194097962,0.14237906905993308,0.3561758442348646,Low,False
2024-10-18 14:00:00,35.1,26,1007.8,False,False,0.04755231852857894,0.042022023,0.49589291146942505,0.17675692120474598,0.3363249163370855,Low,False
2024-10-18 15:00:00,35.1,25,1007.4,False,False,0.050570502151081165,0.051968124,0.4558868268938242,0.2543352601156069,0.35511104350471556,Low,False
2024-10-18 16:00:00,33.9,35,1007.3,False,False,0.04030016039288514,0.15440147,0.5783389108609674,0.7482506845147551,0.6632947976878613,Low,False
2024-10-18 17:00:00,30.3,53,1007.5,False,False,0.0024308816911715048,0.14144157,0.8728323699421965,0.7131122604198357,0.7929723151810161,Medium,False
2024-10-18 18:00:00,27.9,54,1008.1,False,False,0.07357836490688913,0.1218922,0.1508974749011256,0.6483115302707636,0.3996045025859446,Low,False
2024-10-18 19:00:00,26.6,56,1008.6,False,False,0.08802672746910267,0.058517396,0.030727106784301794,0.29981746273197446,0.16527228475813813,Low,False
2024-10-18 20:00:00,25.5,60,1008.9,False,False,0.08782807269861909,0.047702085,0.03163979312442955,0.22026163675083663,0.1259507149376331,Low,False
2024-10-18 21:00:00,24.5,64,1009.1,False,False,0.08157187202478994,0.06111016,0.07179799209005167,0.31700638880438087,0.19440219044721627,Low,False
2024-10-18 22:00:00,24.1,66,1009.5,False,False,0.08589656945626273,0.07255713,0.04289625798600549,0.3961058716154548,0.21950106480073014,Low,False
2024-10-18 23:00:00,23.8,67,1009.6,False,False,0.08230419650293341,0.112876475,0.0658655308792212,0.6096744752053544,0.3377700030422878,Low,False
2024-10-19 00:00:00,22.6,71,1009.6,False,False,0.0794254296404941,0.03771803,0.09096440523273497,0.1411621539397627,0.11606327958624883,Low,False
2024-10-19 01:00:00,22.0,73,1009.5,False,False,0.0890320940057519,0.027895888,0.02585944630362036,0.0730149072102221,0.049437176756921226,Low,False
2024-10-19 02:00:00,21.7,72,1009.2,False,False,0.09019637274477355,0.049294733,0.02083967143291754,0.2325829023425616,0.12671128688773958,Low,False
2024-10-19 03:00:00,21.2,73,1009.4,False,False,0.09208929864655246,0.022618556,0.013842409491937935,0.04243991481594159,0.02814116215393976,Low,False
2024-10-19 04:00:00,21.1,72,1009.6,False,False,0.09542888277588596,0.029223107,0.00501977487070282,0.08092485549132948,0.04297231518101615,Low,False
2024-10-19 05:00:00,21.3,68,1009.8,False,False,0.09386523291970494,0.046910077,0.009278977791299048,0.21448128993002738,0.11188013386066321,Low,False
2024-10-19 06:00:00,20.7,73,1010.5,False,False,0.07705403234160091,0.032686286,0.11545482202616364,0.10146029814420444,0.10845756008518403,Low,False
2024-10-19 07:00:00,21.7,70,1011.2,False,False,0.07861800749918324,0.020978894,0.0972010952236082,0.0343778521448129,0.06578947368421055,Low,False
2024-10-19 08:00:00,24.0,64,1012.0,False,False,0.05669745542794863,0.055554133,0.37754791603285676,0.2794341344691208,0.3284910252509888,Low,False
2024-10-19 09:00:00,26.7,55,1012.4,False,False,0.05626975089342867,0.01855567,0.3840888348037724,0.02601156069364162,0.20505019774870703,Low,False
2024-10-19 10:00:00,29.2,47,1012.0,False,False,0.04187120745885892,0.027102394,0.5614542135686036,0.06814724672954062,0.3148007301490721,Low,False
2024-10-19 11:00:00,31.2,41,1011.3,False,False,0.06839297598221261,0.028522387,0.2179799209005172,0.07712199574079708,0.14755095832065715,Low,False
2024-10-19 12:00:00,32.5,38,1010.3,False,False,0.059856413621681814,0.03821936,0.33602068755704284,0.14435655613020992,0.24018862184362638,Low,False
2024-10-19 13:00:00,33.2,36,1009.5,False,False,0.059823813821944405,0.019688826,0.33662914511712805,0.029662306054152723,0.18314572558564038,Low,False
2024-10-19 14:00:00,33.5,34,1008.8,False,False,0.05831908452985829,0.018041952,0.3548828719196836,0.024642531183449955,0.18976270155156677,Low,False
2024-10-19 15:00:00,33.3,34,1008.4,False,False,0.06954498187489394,0.023522044,0.20170368116823856,0.04776391846668695,0.12473379981746276,Low,False
2024-10-19 16:00:00,32.5,37,1008.1,False,False,0.06578966601520597,0.032835886,0.2549437176756921,0.10252509887435352,0.17873440827502282,Low,False
2024-10-19 17:00:00,29.3,60,1008.2,True,False,-0.002244250637050804,0.22515178,0.8944326133252205,0.879221174323091,0.8868268938241557,Medium,True
2024-10-19 18:00:00,27.1,61,1009.1,False,False,0.0695438903896391,0.09801636,0.2020079099482811,0.5384849406753879,0.3702464253118345,Low,False
2024-10-19 19:00:00,25.6,67,1009.6,False,False,0.0828022511206486,0.0256273,0.06221478551871007,0.058107696988135074,0.06016124125342257,Low,False
2024-10-19 20:00:00,24.9,69,1009.9,False,False,0.09815191840399534,0.046374235,0.0024338302403407175,0.20946151505932462,0.10594767264983267,Low,False
2024-10-19 21:00:00,24.4,70,1010.3,False,False,0.08879408069350231,0.049069315,0.027076361423790662,0.23075752966230606,0.12891694554304836,Low,False
2024-10-19 22:00:00,23.9,70,1010.6,False,False,0.0890891278975059,0.06098202,0.025403103133556426,0.3147246729540615,0.17006388804380895,Low,False
2024-10-19 23:00:00,22.8,75,1010.7,False,False,0.06879621960864202,0.07222216,0.21326437480985705,0.3921508974749011,0.30270763614237906,Low,False
2024-10-20 00:00:00,22.2,77,1010.3,False,False,0.07986312776693455,0.038043294,0.08640097353209608,0.14359598418010344,0.11499847885609976,Low,False
2024-10-20 01:00:00,21.6,80,1010.0,False,False,0.08437159486743562,0.027371584,0.053087922117432296,0.06997261940979617,0.06153027076361423,Low,False
2024-10-20 02:00:00,21.0,84,1009.6,False,False,0.0698411764508956,0.04892076,0.19729236385762094,0.2289321569820505,0.21311226041983572,Low,False
2024-10-20 03:00:00,20.5,86,1009.7,False,False,0.0711316836282348,0.050348084,0.18208092485549132,0.2406449650136903,0.2113629449345908,Low,False
2024-10-20 04:00:00,20.6,85,1009.9,False,False,0.0709852516473431,0.06436521,0.18375418314572556,0.3398235473075753,0.26178886522665046,Low,False
2024-10-20 05:00:00,20.5,83,1010.6,False,False,0.07124054426914245,0.062100004,0.1802555521752358,0.3240036507453605,0.25212960146029817,Low,False
2024-10-20 06:00:00,21.0,80,1011.5,False,False,0.06078066128478876,0.04224665,0.3253726802555522,0.17873440827502282,0.25205354426528753,Low,False
2024-10-20 07:00:00,21.6,78,1012.2,False,False,0.06452674155460664,0.03971559,0.2710678430179495,0.15865530879221174,0.21486157590508062,Low,False
2024-10-20 08:00:00,23.9,70,1012.8,False,False,0.052993394072721745,0.043801904,0.42348646181928806,0.18968664435655613,0.3065865530879221,Low,False
2024-10-20 09:00:00,26.5,61,1013.6,False,False,0.031499220405028505,0.05344823,0.6712808031639793,0.2648311530270764,0.46805597809552785,Low,False
2024-10-20 10:00:00,29.0,52,1013.5,False,False,0.03467490771476772,0.035155814,0.6422269546699118,0.12047459689686645,0.3813507757833891,Low,False
2024-10-20 11:00:00,31.1,44,1012.8,False,False,0.028088891641652236,0.03438764,0.7044417401886218,0.11286887739580165,0.40865530879221174,Low,False
2024-10-20 12:00:00,32.4,38,1011.9,False,False,0.035306083699966184,0.036127534,0.6359902646790386,0.12838454517797385,0.3821874049285062,Low,False
2024-10-20 13:00:00,33.2,34,1011.0,False,False,0.03776673695797006,0.020682817,0.6087617888652266,0.03270459385457864,0.32073319135990264,Low,False
2024-10-20 14:00:00,33.5,32,1010.3,False,False,0.041058171079954686,0.017252002,0.5707331913599026,0.022360815333130515,0.29654700334651657,Low,False
2024-10-20 15:00:00,33.4,31,1009.7,False,False,0.04847826808183825,0.019852553,0.48433221782780655,0.03011864922421661,0.25722543352601157,Low,False
2024-10-20 16:00:00,32.9,35,1009.8,False,False,0.05091514261537605,0.036207285,0.4522360815333131,0.12884088834803772,0.2905384849406754,Low,False
2024-10-20 17:00:00,29.8,46,1009.9,False,False,0.01687245099702195,0.10711497,0.7909948281107393,0.5838150289017341,0.6874049285062367,Low,False
2024-10-20 18:00:00,27.4,55,1010.9,False,False,0.0353131323894339,0.055912614,0.6358381502890174,0.2820200790994828,0.4589291146942501,Low,False
2024-10-20 19:00:00,26.7,57,1011.4,False,False,0.07816367270886304,0.03923001,0.10267721326437484,0.15393976270155157,0.1283084879829632,Low,False
2024-10-20 20:00:00,25.9,59,1011.7,False,False,0.07278163343802635,0.054270398,0.16002433830240337,0.2709157286279282,0.21547003346516577,Low,False
2024-10-20 21:00:00,25.3,61,1012.2,False,False,0.07214049635799452,0.050765175,0.16732582902342563,0.2441435959841801,0.20573471250380287,Low,False
2024-10-20 22:00:00,24.9,63,1012.1,False,False,0.07171616515121376,0.13028257,0.17295406145421355,0.6791907514450867,0.4260724064496501,Low,False
2024-10-20 23:00:00,24.2,65,1012.1,False,False,0.0718972462453385,0.14983073,0.17052023121387283,0.7372984484332218,0.4539093398235473,Low,False
2024-10-21 00:00:00,23.5,66,1011.7,False,False,0.07265057339796172,0.10800426,0.16169759659263772,0.5885305749923943,0.375114085792516,Low,False
2024-10-21 01:00:00,22.4,71,1011.8,False,False,0.07723044496517467,0.063182995,0.1137815637359294,0.3311530270763614,0.2224672954061454,Low,False
2024-10-21 02:00:00,21.6,74,1011.7,False,False,0.08493089258622732,0.027055668,0.050197748707027645,0.06753878916945542,0.058868268938241534,Low,False
2024-10-21 03:00:00,21.2,75,1012.1,False,False,0.0838700012412601,0.02574212,0.05582598113781567,0.058564040158198966,0.05719501064800732,Low,False
2024-10-21 04:00:00,21.0,77,1012.1,False,False,0.08586780872005789,0.030711167,0.043352601156069315,0.08883480377243687,0.06609370246425308,Low,False
2024-10-21 05:00:00,20.7,80,1012.2,False,False,0.08644688020249297,0.044519454,0.03894128384545181,0.1945543048372376,0.1167477943413447,Low,False
2024-10-21 06:00:00,20.9,84,1012.9,False,False,0.07372938457232647,0.07570337,0.1489199878308488,0.4134469120778826,0.2811834499543657,Low,False
2024-10-21 07:00:00,21.8,82,1013.5,False,False,0.06961763507690072,0.047461838,0.20033465165804687,0.21797992090051718,0.20915728627928204,Low,False
2024-10-21 08:00:00,24.5,73,1014.0,False,False,0.05764132140759659,0.06808865,0.36537876483115306,0.3635533921508975,0.3644660784910253,Low,False
2024-10-21 09:00:00,27.4,65,1014.2,False,False,0.059759810450722706,0.051603433,0.3376939458472772,0.2515972010952236,0.2946455734712504,Low,False
2024-10-21 10:00:00,30.0,56,1013.9,False,False,0.044668272208981175,0.043812186,0.5293580772741101,0.18983875874657744,0.35959841801034376,Low,False
2024-10-21 11:00:00,31.7,43,1013.1,False,False,0.025610014038954854,0.07236723,0.7277152418618802,0.3935199269850928,0.5606175844234865,Low,False
2024-10-21 12:00:00,32.6,37,1012.2,False,False,0.05212821205341328,0.03503451,0.43763310009126866,0.11925768177669607,0.27844539093398235,Low,False
2024-10-21 13:00:00,33.0,34,1011.3,False,False,0.05317332917707579,0.02306888,0.4221174323090965,0.04533008822634621,0.23372376026772135,Low,False
2024-10-21 14:00:00,33.3,32,1010.3,False,False,0.04355595986506372,0.035471372,0.5430483723760268,0.12351688469729237,0.3332826285366596,Low,False
2024-10-21 15:00:00,33.3,30,1010.2,False,False,0.05714595811628742,0.058695003,0.3707027684818984,0.3004259202920596,0.335564344386979,Low,False
2024-10-21 16:00:00,32.1,34,1010.1,False,False,0.04799383927264511,0.02571568,0.4896562214785519,0.05841192576817767,0.2740340736233648,Low,False
2024-10-21 17:00:00,29.7,40,1010.3,False,False,0.04217155883040419,0.039550755,0.5590203833282629,0.1568299361119562,0.3579251597201095,Low,False
2024-10-21 18:00:00,26.7,58,1010.7,False,False,0.02214442133408867,0.09455031,0.7555521752357773,0.5211439002129602,0.6383480377243688,Low,False
2024-10-21 19:00:00,25.2,63,1011.4,False,False,0.07003696036214752,0.044804607,0.19516276239732278,0.19577121995740798,0.19546699117736538,Low,False
2024-10-21 20:00:00,24.9,60,1011.6,False,False,0.08769824055965553,0.11437411,0.032248250684514757,0.6175844234864618,0.3249163370854883,Low,False
2024-10-21 21:00:00,25.7,54,1011.9,False,False,0.07221386007442532,0.16406347,0.1662610282932765,0.774414359598418,0.47033769394584723,Low,False
2024-10-21 22:00:00,23.4,63,1012.1,False,False,0.04964322729034376,0.05356982,0.4679038637055065,0.26604806814724674,0.3669759659263766,Low,False
2024-10-21 23:00:00,23.0,66,1012.3,False,False,0.06910011032302199,0.096773945,0.2071797992090052,0.532400365074536,0.3697900821417706,Low,False
2024-10-22 00:00:00,22.5,69,1012.4,False,False,0.08163385677976759,0.051664367,0.07103742013994518,0.2519014298752662,0.1614694250076057,Low,False
2024-10-22 01:00:00,22.2,72,1012.0,False,False,0.08209630014621977,0.04285273,0.06769090355947671,0.1829936111956191,0.1253422573775479,Low,False
2024-10-22 02:00:00,22.0,74,1011.8,False,False,0.08063313116809856,0.03056705,0.08092485549132944,0.08807423182233039,0.0844995436568299,Low,False
2024-10-22 03:00:00,21.6,76,1012.0,False,False,0.08287323404417896,0.027552143,0.061758442348646136,0.07058107696988135,0.06616975965926375,Low,False
2024-10-22 04:00:00,21.0,78,1012.4,False,False,0.0814204591802109,0.02880462,0.07271067843017953,0.07894736842105263,0.07582902342561608,Low,False
2024-10-22 05:00:00,20.8,79,1013.1,False,False,0.07737440393563783,0.030403534,0.11165196227563123,0.08746577426224521,0.09955886826893823,Low,False
2024-10-22 06:00:00,22.1,77,1014.0,False,False,0.06615812104524588,0.03529225,0.2493154852449042,0.12138728323699421,0.1853513842409492,Low,False
2024-10-22 07:00:00,22.7,75,1014.5,False,False,0.07431670372232957,0.06506986,0.1426832978399757,0.3457560085184058,0.24421965317919075,Low,False
2024-10-22 08:00:00,24.8,69,1015.1,False,False,0.06115249976079834,0.05034075,0.3203529053848494,0.24049285062366899,0.2804228780042592,Low,False
2024-10-22 09:00:00,27.1,62,1015.7,False,False,0.050846995304112186,0.039935857,0.4528445390933983,0.16108913903255248,0.3069668390629754,Low,False
2024-10-22 10:00:00,29.3,55,1015.5,False,False,0.040613706387211734,0.039339017,0.576057195010648,0.15515667782172193,0.36560693641618497,Low,False
2024-10-22 11:00:00,31.0,48,1014.9,False,False,0.04264594988197484,0.034387667,0.552935807727411,0.11302099178582294,0.33297839975661697,Low,False
2024-10-22 12:00:00,31.9,42,1014.0,False,False,0.04452587329415253,0.050851133,0.5311834499543657,0.24536051110435048,0.3882719805293581,Low,False
2024-10-22 13:00:00,32.4,38,1013.0,False,False,0.05124336092033377,0.049013954,0.44919379373288715,0.23014907210222088,0.33967143291755403,Low,False
2024-10-22 14:00:00,32.7,36,1012.2,False,False,0.05970185664254474,0.049681395,0.3383024034073623,0.23592941892303013,0.2871159111651962,Low,False
2024-10-22 15:00:00,32.5,36,1011.8,False,False,0.06632939256336579,0.053299133,0.2462731974444783,0.2630057803468208,0.2546394888956496,Low,False
2024-10-22 16:00:00,31.7,38,1011.8,False,False,0.07341622673476866,0.060104027,0.15378764831153025,0.3092485549132948,0.2315181016124125,Low,False
2024-10-22 17:00:00,29.0,58,1012.0,False,False,0.01935557368182239,0.24944532,0.7753270459385457,0.9031031335564345,0.8392150897474902,Medium,False
2024-10-22 18:00:00,28.1,51,1011.7,False,False,0.07944465331942108,0.20451358,0.0908122908427137,0.8516884697292364,0.47125038028597505,Low,False
2024-10-22 19:00:00,27.1,53,1012.3,False,False,0.07950920737492306,0.058629736,0.08989960450258594,0.30012169151201706,0.1950106480073015,Low,False
2024-10-22 20:00:00,26.3,57,1012.8,False,False,0.08415966377650747,0.05019514,0.05384849406753878,0.23973227867356253,0.14679038637055064,Low,False
2024-10-22 21:00:00,25.6,61,1013.0,False,False,0.08175718503942819,0.07794866,0.06997261940979616,0.42957103742013997,0.24977182841496806,Low,False
2024-10-22 22:00:00,24.7,64,1013.0,False,False,0.0808379625776775,0.101377495,0.07909948281107393,0.5553696379677517,0.31723456038941283,Low,False
2024-10-22 23:00:00,23.4,70,1012.9,False,False,0.059781459620136534,0.105705336,0.33723760267721326,0.5769698813507758,0.4571037420139945,Low,False
2024-10-23 00:00:00,22.7,73,1012.9,False,False,0.08586923021673515,0.060914215,0.04320048676604804,0.3141162153939763,0.17865835108001216,Low,False
2024-10-23 01:00:00,22.0,76,1012.8,False,False,0.08135668410083746,0.04639127,0.07301490721022208,0.2097657438393672,0.14139032552479464,Low,False
2024-10-23 02:00:00,21.4,78,1012.7,False,False,0.08399782502568143,0.04556496,0.05460906601764526,0.20094310921813205,0.12777608761788867,Low,False
2024-10-23 03:00:00,21.9,76,1012.9,False,False,0.08116471121621699,0.060203694,0.07499239428049898,0.31031335564344387,0.19265287496197142,Low,False
2024-10-23 04:00:00,20.3,84,1013.2,False,False,0.033290136347074784,0.059575234,0.6540918770915729,0.3066626102829328,0.4803772436872529,Low,False
2024-10-23 05:00:00,21.3,77,1013.6,False,False,0.07596915218816541,0.08763697,0.12686340127776086,0.4835716458777,0.30521752357773047,Low,False
2024-10-23 06:00:00,20.7,88,1014.3,False,False,0.03848840394950326,0.14318071,0.5993306966839063,0.7179799209005172,0.6586553087922118,Low,False
2024-10-23 07:00:00,22.2,81,1014.8,False,False,0.07085000877706127,0.070610344,0.18573167021600245,0.3789169455430484,0.28232430787952545,Low,False
2024-10-23 08:00:00,24.9,71,1015.4,False,False,0.04838222488678284,0.051547304,0.48570124733799813,0.2508366291451171,0.3682689382415576,Low,False
2024-10-23 09:00:00,27.7,58,1015.9,False,False,0.02382609999253754,0.069039226,0.7433830240340736,0.369485853361728,0.5564344386979008,Low,False
2024-10-23 10:00:00,29.7,50,1015.3,False,False,0.04670997393462334,0.040596947,0.5063888043808944,0.16565257073319137,0.3360206875570429,Low,False
2024-10-23 11:00:00,31.0,44,1014.6,False,False,0.05459686266342256,0.04749585,0.40386370550654094,0.21874049285062366,0.3113020991785823,Low,False
2024-10-23 12:00:00,31.8,41,1013.5,False,False,0.059674537894861934,0.05430846,0.33860663218740494,0.2713720717979921,0.3049893519926985,Low,False
2024-10-23 13:00:00,32.4,38,1012.2,False,False,0.051091299854105265,0.06923545,0.45041070885305745,0.3703985397018558,0.4104046242774566,Low,False
2024-10-23 14:00:00,32.8,35,1011.5,False,False,0.05063228177366247,0.046602584,0.455278369333739,0.21159111651962276,0.33343474292668085,Low,False
2024-10-23 15:00:00,32.6,34,1011.0,False,False,0.05016937844757979,0.04921081,0.46136294493459085,0.23182233039245512,0.346592637663523,Low,False
2024-10-23 16:00:00,31.7,36,1011.2,False,False,0.05609984530032852,0.05331312,0.38515363553392146,0.2631578947368421,0.3241557651353818,Low,False
2024-10-23 17:00:00,29.0,46,1011.7,False,False,0.025192278722699135,0.05918817,0.7313659872223912,0.3039245512625494,0.5176452692424703,Low,False
2024-10-23 18:00:00,26.4,58,1012.0,False,False,0.039886203410540944,0.050837114,0.5845756008518406,0.24520839671432917,0.41489199878308486,Low,False
2024-10-23 19:00:00,25.7,59,1012.4,False,False,0.08296999950016531,0.08500903,0.06145421356860359,0.47094615150593244,0.266200182537268,Low,False
2024-10-23 20:00:00,25.4,58,1012.8,False,False,0.08283215901640223,0.08069035,0.06191055673866752,0.44463036203224826,0.2532704593854579,Low,False
2024-10-23 21:00:00,24.6,62,1013.0,False,False,0.07366170280999562,0.0848609,0.14952844539093402,0.4689686644356556,0.30924855491329484,Low,False
2024-10-23 22:00:00,24.0,68,1013.0,False,False,0.07088621987355498,0.1317027,0.18527532704593852,0.684514755095832,0.4348950410708853,Low,False
2024-10-23 23:00:00,22.6,76,1012.8,False,False,0.039211360780418036,0.160418,0.5914207484027989,0.763614237906906,0.6775174931548524,Low,False
2024-10-24 00:00:00,22.2,78,1012.4,False,False,0.06790817182090797,0.0726434,0.2257377547916033,0.39671432917554,0.3112260419835716,Low,False
2024-10-24 01:00:00,22.4,76,1012.2,False,False,0.07597798581401594,0.09853164,0.1265591724977183,0.5407666565257073,0.3336629145117128,Low,False
2024-10-24 02:00:00,22.2,75,1011.9,False,False,0.07624650430222146,0.10872936,0.12306054152722845,0.5917249771828414,0.35739275935503495,Low,False
2024-10-24 03:00:00,21.2,81,1012.0,False,False,0.06697662483543249,0.07145318,0.237906905993307,0.3854578643139641,0.31168238515363555,Low,False
2024-10-24 04:00:00,20.8,83,1012.2,False,False,0.07080879593918099,0.084402524,0.18618801338606628,0.466078491025251,0.32613325220565864,Low,False
2024-10-24 05:00:00,20.4,86,1012.6,False,False,0.06740039745296944,0.07598389,0.23182233039245514,0.4145117128080316,0.32316702160024335,Low,False
2024-10-24 06:00:00,20.6,83,1013.3,False,False,0.07224211822807936,0.08073583,0.16580468512321267,0.44508670520231214,0.30544569516276243,Low,False
2024-10-24 07:00:00,21.2,81,1013.7,False,False,0.07297867581970041,0.057184506,0.1585031944021904,0.2912990568907819,0.22490112564648615,Low,False
2024-10-24 08:00:00,23.6,74,1014.4,False,False,0.06284663613059688,0.07158498,0.2978399756616976,0.3872832369942196,0.3425616063279586,Low,False
2024-10-24 09:00:00,26.6,65,1015.0,False,False,0.05422994081334426,0.04967603,0.40888348037724365,0.23577730453300882,0.32233039245512624,Low,False
2024-10-24 10:00:00,29.2,55,1014.7,False,False,0.04468567199744378,0.03903066,0.5292059628840888,0.15150593246121083,0.3403559476726498,Low,False
2024-10-24 11:00:00,31.4,43,1014.0,False,False,0.02000264543952268,0.05544135,0.7709157286279282,0.2786735625190143,0.5247946455734713,Low,False
2024-10-24 12:00:00,32.6,36,1012.9,False,False,0.030290989105878907,0.0430941,0.6817766960754488,0.18466686948585337,0.43322178278065104,Low,False
2024-10-24 13:00:00,33.1,35,1011.6,False,False,0.03825037521463953,0.059229415,0.6031335564344387,0.30438089443261335,0.45375722543352603,Low,False
2024-10-24 14:00:00,33.3,34,1010.6,False,False,0.038726972517002245,0.036991365,0.5962884088834803,0.13492546394888957,0.36560693641618497,Low,False
2024-10-24 15:00:00,33.1,34,1010.2,False,False,0.044103912832170744,0.028481046,0.5362032248250684,0.07696988135077579,0.3065865530879221,Low,False
2024-10-24 16:00:00,32.2,37,1010.4,False,False,0.04457424741108862,0.031494476,0.5304228780042592,0.09446303620322483,0.31244295710374204,Low,False
2024-10-24 17:00:00,29.5,46,1010.5,False,False,0.02692881143316944,0.03803999,0.7167630057803468,0.14344386979008214,0.4301034377852145,Low,False
2024-10-24 18:00:00,27.3,54,1010.9,False,False,0.04683308531710789,0.032746047,0.5053240036507454,0.10191664131426834,0.30362032248250687,Low,False
2024-10-24 19:00:00,26.2,57,1011.1,False,False,0.07836100790195022,0.091094635,0.0997870398539702,0.5007605719501065,0.30027380590203834,Low,False
2024-10-24 20:00:00,25.2,61,1011.4,False,False,0.0784188904777482,0.08993477,0.0984180103437785,0.4954365682993611,0.2969272893215698,Low,False
2024-10-24 21:00:00,24.6,64,1011.7,False,False,0.07801980157613336,0.112176806,0.1048068147246729,0.6052631578947368,0.35503498630970487,Low,False
2024-10-24 22:00:00,23.7,68,1011.6,False,False,0.07160387620979908,0.17334874,0.175235777304533,0.7981442044417402,0.4866899908731366,Low,False
2024-10-24 23:00:00,22.9,72,1011.2,False,False,0.06075470639282904,0.27273718,0.3261332522056587,0.9175540006084576,0.6218436264070581,Low,False
2024-10-25 00:00:00,22.4,74,1010.9,False,False,0.07520220199942063,0.0990121,0.13264374809857016,0.5438089443261332,0.3382263462123517,Low,False
2024-10-25 01:00:00,21.8,77,1010.9,False,False,0.0795051872968342,0.09408267,0.09005171889260721,0.5174931548524491,0.30377243687252814,Low,False
2024-10-25 02:00:00,21.2,80,1010.6,False,False,0.06958407380112186,0.11542342,0.20094310921813208,0.6210830544569517,0.41101308183754187,Low,False
2024-10-25 03:00:00,20.8,81,1010.6,False,False,0.07674059935367555,0.13665609,0.11849710982658956,0.69835716458777,0.40842713720717977,Low,False
2024-10-25 04:00:00,20.6,81,1010.7,False,False,0.07776636321257963,0.14872207,0.10830544569516276,0.7350167325829023,0.42166108913903255,Low,False
2024-10-25 05:00:00,20.0,84,1011.0,False,False,0.06933125381180322,0.104785,0.2045938545786431,0.5716458777000304,0.38811986613933674,Low,False
2024-10-25 06:00:00,21.5,79,1011.7,False,False,0.06494046366970974,0.15554705,0.2660480681472467,0.7522056586553088,0.5091268634012778,Low,False
2024-10-25 07:00:00,21.4,84,1012.4,False,False,0.07076127701760337,0.074578024,0.1866443565561302,0.4078186796470946,0.2972315181016124,Low,False
2024-10-25 08:00:00,24.1,72,1012.8,False,False,0.04258275362647962,0.13365093,0.5535442652874962,0.6904472163066626,0.6219957407970794,Low,False
2024-10-25 09:00:00,27.3,61,1013.2,False,False,0.04736823737413848,0.05530285,0.49908731365987224,0.27791299056890784,0.38850015211439004,Low,False
2024-10-25 10:00:00,29.7,52,1013.1,False,False,0.052700321610790635,0.044858843,0.42744143595984185,0.19622756312747186,0.31183449954365683,Low,False
2024-10-25 11:00:00,31.3,45,1012.5,False,False,0.06092927261871084,0.056161948,0.3235473075752966,0.28384545177973836,0.3036963796775175,Low,False
2024-10-25 12:00:00,32.4,40,1011.5,False,False,0.051058879704830695,0.047880072,0.4507149376331001,0.2213264374809857,0.3360206875570429,Low,False
2024-10-25 13:00:00,32.9,38,1010.5,False,False,0.04860702170237019,0.03310024,0.48235473075752966,0.10404624277456648,0.29320048676604804,Low,False
2024-10-25 14:00:00,33.1,37,1009.7,False,False,0.04979970533987643,0.01764104,0.46592637663522973,0.023425616063279586,0.24467599634925466,Low,False
2024-10-25 15:00:00,32.8,37,1009.4,False,False,0.053224473655023086,0.01465113,0.42166108913903255,0.013842409491937937,0.21775174931548524,Low,False
2024-10-25 16:00:00,32.0,41,1009.4,False,False,0.06132302474399487,0.020202367,0.3179190751445087,0.03133556434438698,0.17462731974444784,Low,False
2024-10-25 17:00:00,29.0,53,1009.6,False,False,0.028520009471122376,0.046942152,0.6992698509278978,0.21508974749011256,0.4571797992090052,Low,False
2024-10-25 18:00:00,26.9,59,1009.5,False,False,0.05837597924589416,0.031030357,0.3536659567995132,0.0914207484027989,0.22254335260115604,Low,False
2024-10-25 19:00:00,25.8,62,1010.0,False,False,0.08749107140208373,0.042110387,0.033313051414663786,0.17766960754487374,0.10549132947976876,Low,False
2024-10-25 20:00:00,24.7,66,1010.5,False,False,0.08491208171749332,0.036816493,0.050501977487070304,0.1338606632187405,0.0921813203529054,Low,False
2024-10-25 21:00:00,24.1,68,1010.8,False,False,0.09239463279678639,0.060210593,0.01292972315181018,0.31046547003346514,0.16169759659263766,Low,False
2024-10-25 22:00:00,23.8,68,1010.8,False,False,0.09269733933181307,0.110235885,0.012321265591724972,0.5973532096136295,0.3048372376026772,Low,False
2024-10-25 23:00:00,23.4,69,1010.5,False,False,0.07742169233501389,0.16241805,0.11089139032552475,0.7686340127776088,0.43976270155156677,Low,False
2024-10-26 00:00:00,22.6,72,1010.3,False,False,0.0855097395656001,0.029810954,0.04563431700638876,0.08351080012169151,0.06457255856404014,Low,False
2024-10-26 01:00:00,22.1,74,1010.1,False,False,0.08631406583573148,0.02313047,0.040158198965622116,0.045482202616367505,0.042820200790994814,Low,False
2024-10-26 02:00:00,21.4,78,1010.0,False,False,0.08722010757949689,0.022654466,0.03483419531487675,0.04259202920596288,0.03871311226041982,Low,False
2024-10-26 03:00:00,21.4,77,1010.0,False,False,0.09331856862527721,0.0462464,0.010495892911469462,0.20809248554913296,0.10929418923030121,Low,False
2024-10-26 04:00:00,21.8,76,1010.1,False,False,0.09540890310284628,0.048341688,0.005171889260724094,0.22406449650136903,0.11461819288104656,Low,False
2024-10-26 05:00:00,22.2,74,1010.4,False,False,0.09497701479063275,0.046145406,0.006540918770915782,0.2067234560389413,0.10663218740492854,Low,False
2024-10-26 06:00:00,20.7,85,1011.1,False,False,0.03111328127499874,0.080808364,0.6743230909644052,0.445543048372376,0.5599330696683906,Low,False
2024-10-26 07:00:00,21.9,81,1011.6,False,False,0.07972799226860317,0.039658442,0.08670520231213874,0.15789473684210525,0.122299969577122,Low,False
2024-10-26 08:00:00,25.1,69,1011.9,False,False,0.04702799597141061,0.055005267,0.5031944021904472,0.275935503498631,0.38956495284453907,Low,False
2024-10-26 09:00:00,28.3,59,1012.3,False,False,0.05558941446344745,0.040312618,0.3904776391846668,0.1639793124429571,0.27722847581381194,Low,False
2024-10-26 10:00:00,30.9,49,1012.1,False,False,0.05179452370178561,0.036266103,0.44265287496197137,0.1296014602981442,0.2861271676300578,Low,False
2024-10-26 11:00:00,32.4,44,1011.4,False,False,0.057725568395256444,0.04604046,0.3643139641010039,0.2055065409187709,0.28491025250988744,Low,False
2024-10-26 12:00:00,33.4,40,1010.3,False,False,0.04712375000711999,0.029346332,0.5021296014602982,0.08122908427137207,0.29167934286583513,Low,False
2024-10-26 13:00:00,34.0,38,1009.4,False,False,0.04425024284178675,0.020401336,0.5345299665348342,0.031791907514450865,0.2831609370246425,Low,False
2024-10-26 14:00:00,34.1,36,1008.4,False,False,0.04439798688080082,0.023779258,0.5325524794645573,0.04882871919683602,0.2906905993306967,Low,False
2024-10-26 15:00:00,33.8,37,1008.0,False,False,0.050653622480678506,0.021520782,0.45497414055369634,0.0383328262853666,0.24665348341953147,Low,False
2024-10-26 16:00:00,33.0,42,1007.9,False,False,0.06267168215101587,0.040069055,0.2999695771219958,0.16184971098265896,0.2309096440523274,Low,False
2024-10-26 17:00:00,30.0,58,1008.3,False,False,0.013073655324049804,0.09542265,0.8156373592941892,0.5255552175235777,0.6705962884088834,Low,False
2024-10-26 18:00:00,28.2,58,1008.6,False,False,0.06429067624284035,0.10000942,0.2748707027684819,0.5494371767569212,0.41215393976270154,Low,False
2024-10-26 19:00:00,26.2,66,1009.2,False,False,0.0696204237895412,0.042449865,0.2000304228780042,0.17979920900517188,0.18991481594158804,Low,False
2024-10-26 20:00:00,25.0,71,1009.6,False,False,0.0833557567188914,0.07241639,0.05902038332826287,0.39412838454517796,0.2265743839367204,Low,False
2024-10-26 21:00:00,25.1,69,1009.7,False,False,0.09159205166274287,0.1718798,0.015515667782172171,0.7935807727411013,0.4045482202616367,Low,False
2024-10-26 22:00:00,23.5,75,1009.6,False,False,0.06267429528577428,0.11450995,0.2998174627319744,0.6178886522665044,0.4588530574992394,Low,False
2024-10-26 23:00:00,23.3,75,1009.4,False,False,0.07209149338698767,0.2424312,0.16793428658351084,0.8971706723456039,0.5325524794645573,Low,False
2024-10-27 00:00:00,22.2,80,1009.2,False,False,0.0688389348692614,0.034460936,0.21250380285975057,0.11347733495588683,0.1629905689078187,Low,False
2024-10-27 01:00:00,22.2,80,1009.1,False,False,0.0825406477303835,0.058305945,0.06419227258898696,0.29844843322178277,0.18132035290538487,Low,False
2024-10-27 02:00:00,21.7,81,1008.8,False,False,0.08090294377913965,0.07009729,0.0780346820809249,0.37496197140249465,0.22649832674170978,Low,False
2024-10-27 03:00:00,21.5,82,1008.7,False,False,0.08040509165954318,0.08288247,0.0824459993915424,0.45725585640401584,0.2698509278977791,Low,False
2024-10-27 04:00:00,21.4,82,1008.7,False,False,0.08045091190300757,0.0993638,0.08198965622147858,0.546242774566474,0.3141162153939763,Low,False
2024-10-27 05:00:00,21.3,82,1009.0,False,False,0.08557666801870228,0.09327196,0.04502585944630366,0.5124733799817462,0.27874961971402495,Low,False
2024-10-27 06:00:00,21.8,81,1009.9,False,False,0.07068988116411351,0.08432725,0.18846972923638572,0.4654700334651658,0.32696988135077576,Low,False
2024-10-27 07:00:00,22.6,79,1010.5,False,False,0.08533976216728018,0.046482306,0.047003346516580446,0.21052631578947367,0.12876483115302706,Low,False
2024-10-27 08:00:00,24.9,72,1010.8,False,False,0.08074069592301159,0.08433082,0.08031639793124434,0.4656221478551871,0.2729692728932157,Low,False
2024-10-27 09:00:00,27.6,63,1011.4,False,False,0.0669686505355262,0.054520607,0.23821113477334954,0.27274110130818374,0.25547611804076664,Low,False
2024-10-27 10:00:00,30.1,54,1011.2,False,False,0.05195269337745234,0.04401168,0.4406753878916946,0.19181624581685427,0.31624581685427444,Low,False
2024-10-27 11:00:00,31.9,47,1010.5,False,False,0.058415936462771656,0.051196404,0.3530574992394281,0.2480985701247338,0.30057803468208094,Low,False
2024-10-27 12:00:00,33.0,43,1009.1,False,False,0.03905512199274369,0.065838344,0.5929418923030119,0.35047155460906604,0.4717067234560389,Low,False
2024-10-27 13:00:00,33.6,41,1008.2,False,False,0.04944178474534139,0.027622968,0.47094615150593244,0.07103742013994524,0.2709917858229388,Low,False
2024-10-27 14:00:00,33.8,40,1007.3,False,False,0.04526348174564998,0.027780572,0.5223608153331305,0.07195010648007301,0.2971554609066018,Low,False
2024-10-27 15:00:00,33.6,40,1006.7,False,False,0.05139353777705152,0.030096682,0.44675996349254643,0.08640097353209614,0.2665804685123213,Low,False
2024-10-27 16:00:00,32.9,42,1006.6,False,False,0.06041102253128744,0.030806279,0.3303924551262549,0.08974749011256465,0.2100699726194098,Low,False
2024-10-27 17:00:00,30.3,51,1006.8,False,False,0.039293749254140364,0.02270121,0.5905080620626711,0.04320048676604807,0.3168542744143596,Low,False
2024-10-27 18:00:00,28.6,54,1007.5,False,False,0.05782379596882781,0.040176287,0.36279282020079096,0.16261028293276544,0.2627015515667782,Low,False
2024-10-27 19:00:00,27.7,56,1007.8,False,False,0.0839260777972698,0.050592326,0.054913294797687806,0.24307879525403103,0.14899604502585942,Low,False
2024-10-27 20:00:00,27.2,57,1008.0,False,False,0.08500654884060216,0.06865327,0.04898083358685734,0.3659872223912382,0.20748402798904778,Low,False
2024-10-27 21:00:00,26.5,59,1007.9,False,False,0.08112084122752222,0.14095004,0.07529662306054152,0.7117432309096441,0.3935199269850928,Low,False
2024-10-27 22:00:00,25.5,63,1007.9,False,False,0.080955485524484,0.11961476,0.07712199574079703,0.6394888956495285,0.35830544569516276,Low,False
2024-10-27 23:00:00,24.7,66,1007.6,False,False,0.07368605799688,0.2140138,0.14937633100091263,0.8662914511712808,0.5078338910860967,Low,False
2024-10-28 00:00:00,24.1,67,1007.3,False,False,0.08852310079990927,0.11058329,0.029205962884088832,0.5994828110739276,0.31434438697900824,Low,False
2024-10-28 01:00:00,23.6,69,1007.1,False,False,0.08610994338179362,0.10353371,0.041527228475813804,0.5649528445390934,0.3032400365074536,Low,False
2024-10-28 02:00:00,23.1,71,1006.7,False,False,0.07536944438451865,0.122444995,0.13097048980833592,0.6496805597809553,0.3903255247946456,Low,False
2024-10-28 03:00:00,22.7,74,1006.6,False,False,0.07479881105702108,0.13042684,0.13705506540918766,0.6797992090051719,0.40842713720717977,Low,False
2024-10-28 04:00:00,22.3,77,1006.8,False,False,0.07827055356159335,0.12845957,0.10100395497414061,0.6728019470641923,0.38690295101916644,Low,False
2024-10-28 05:00:00,22.2,78,1007.1,False,False,0.08287445678606975,0.13014987,0.06160632795862486,0.6781259507149376,0.36986613933678125,Low,False
2024-10-28 06:00:00,22.4,79,1007.8,False,False,0.08220941410273819,0.09675213,0.06662610282932768,0.5319440219044722,0.29928506236689995,Low,False
2024-10-28 07:00:00,23.0,78,1008.3,False,False,0.08393104376474675,0.06301863,0.05476118040766653,0.32947976878612717,0.19212047459689685,Low,False
2024-10-28 08:00:00,25.0,72,1008.7,False,False,0.08896114277687994,0.076902114,0.026467903863705455,0.4215089747490113,0.22398843930635837,Low,False
2024-10-28 09:00:00,27.5,64,1009.2,False,False,0.07957621203243453,0.026757412,0.08853057499239425,0.06540918770915728,0.07696988135077576,Low,False
2024-10-28 10:00:00,29.9,56,1008.8,False,False,0.05825160874097751,0.014986952,0.3559476726498326,0.014602981442044418,0.18527532704593852,Low,False
2024-10-28 11:00:00,32.0,48,1008.1,False,False,0.05390184930448777,0.010370597,0.4137511408579252,0.004107088530574992,0.2089291146942501,Low,False
2024-10-28 12:00:00,33.4,43,1007.0,False,False,0.04811119515196133,0.019137817,0.4884393063583815,0.027989047763918466,0.25821417706114996,Low,False
2024-10-28 13:00:00,34.1,39,1005.9,False,False,0.043003690685517626,0.011624246,0.548828719196836,0.006845147550958321,0.27783693337389714,Low,False
2024-10-28 14:00:00,34.4,37,1005.1,False,False,0.04715785318661958,0.013623181,0.501521143900213,0.012017036811682385,0.2567690903559477,Low,False
2024-10-28 15:00:00,34.1,37,1004.8,False,False,0.058363151788621226,0.021341259,0.3541222999695771,0.036355339215089745,0.19523881959233344,Low,False
2024-10-28 16:00:00,33.2,41,1005.0,False,False,0.05947528749465353,0.025542099,0.3413446912077882,0.05765135381807119,0.1994980225129297,Low,False
2024-10-28 17:00:00,30.8,47,1005.3,False,False,0.054285234507666424,0.020744774,0.4084271372071798,0.03346516580468512,0.22094615150593247,Low,False
2024-10-28 18:00:00,28.8,54,1006.5,False,False,0.04682701409975193,0.06078654,0.5056282324307879,0.3136598722239124,0.4096440523273501,Low,False
2024-10-28 19:00:00,27.8,56,1006.9,False,False,0.08827518021627484,0.012905808,0.030118649224216587,0.01064800730149072,0.020383328262853655,Low,False
2024-10-28 20:00:00,27.0,58,1007.4,False,False,0.09349762050587457,0.010186532,0.010039549741405529,0.0038028597505324006,0.006921204745968965,Low,False
2024-10-28 21:00:00,26.3,59,1007.9,False,False,0.08980139765932493,0.016164199,0.02190447216306668,0.01794949802251293,0.019926985092789805,Low,False
2024-10-28 22:00:00,25.9,60,1008.0,False,False,0.08989674571087491,0.046237454,0.021448128993002746,0.20778825676909035,0.11461819288104655,Low,False
2024-10-28 23:00:00,25.3,64,1007.9,False,False,0.08086833462216209,0.11678861,0.07894736842105265,0.626407058107697,0.35267721326437484,Low,False
2024-10-29 00:00:00,24.7,69,1007.5,False,False,0.08215309120162623,0.0586705,0.0670824459993915,0.30027380590203834,0.18367812595071492,Low,False
2024-10-29 01:00:00,24.3,72,1007.1,False,False,0.08951436245639594,0.025302386,0.023577730453300916,0.05658655308792212,0.04008214177061152,Low,False
2024-10-29 02:00:00,23.9,74,1006.8,False,False,0.08792076792464454,0.013528483,0.031335564344387,0.011712808031639793,0.021524186188013397,Low,False
2024-10-29 03:00:00,23.6,76,1006.8,False,False,0.09141906297209923,0.009629472,0.01658046851232131,0.002890173410404624,0.009735320961362967,Low,False
2024-10-29 04:00:00,23.2,78,1007.1,False,False,0.08669490726954615,0.012228662,0.037572254335260125,0.008518405841192577,0.023045330088226353,Low,False
2024-10-29 05:00:00,22.7,82,1007.8,False,False,0.0750646680163296,0.027528508,0.1335564344386979,0.07042896257986006,0.10199269850927899,Low,False
2024-10-29 06:00:00,22.7,83,1008.5,False,False,0.07124927896707456,0.016403757,0.18010343778521443,0.01871006997261941,0.09940675387891693,Low,False
2024-10-29 07:00:00,23.1,80,1009.1,False,False,0.07790699190792155,0.020537306,0.10632795862488587,0.03240036507453605,0.06936416184971096,Low,False
2024-10-29 08:00:00,25.1,72,1009.7,False,False,0.06894888219780293,0.03516341,0.2103742013994524,0.12062671128688773,0.16550045634317007,Low,False
2024-10-29 09:00:00,27.4,62,1010.2,False,False,0.06291531619893326,0.009882326,0.29631883176148466,0.0034986309704898083,0.14990873136598723,Low,False
2024-10-29 10:00:00,29.6,55,1009.8,False,False,0.06377328452637221,0.01778779,0.282628536659568,0.02372984484332218,0.1531791907514451,Low,False
2024-10-29 11:00:00,31.6,48,1008.9,False,False,0.05198096528375523,0.023768507,0.4403711591116519,0.04852449041679343,0.24444782476422267,Low,False
2024-10-29 12:00:00,33.2,42,1008.1,False,False,0.06546202222407049,0.0324356,0.25920292059628836,0.10039549741405537,0.17979920900517188,Low,False
2024-10-29 13:00:00,34.2,38,1007.0,False,False,0.04920061922107538,0.025803952,0.474292668086401,0.05917249771828415,0.2667325829023426,Low,False
2024-10-29 14:00:00,34.7,36,1006.3,False,False,0.05222179166918556,0.017945636,0.4359598418010344,0.02403407362336477,0.2299969577121996,Low,False
2024-10-29 15:00:00,34.6,35,1005.8,False,False,0.05919017074513189,0.017053101,0.34438697900821413,0.021600243383024034,0.18299361119561908,Low,False
2024-10-29 16:00:00,33.7,39,1005.8,False,False,0.06155633991012588,0.010379383,0.3151810161241253,0.0042592029205962886,0.1597201095223608,Low,False
2024-10-29 17:00:00,30.6,48,1006.0,False,False,0.04317406343252217,0.024175465,0.5471554609066018,0.05065409187709157,0.2989047763918467,Low,False
2024-10-29 18:00:00,29.1,51,1006.8,False,False,0.07377892045384837,0.023348168,0.14846364466078488,0.04669911773653788,0.09758138119866137,Low,False
2024-10-29 19:00:00,27.4,58,1007.3,False,False,0.07184810744819392,0.0073916027,0.17082445999391538,0.0007605719501064801,0.08579251597201093,Low,False
2024-10-29 20:00:00,26.7,61,1007.8,False,False,0.09392504096960697,0.016645882,0.009126863401277774,0.01947064192272589,0.014298752662001831,Low,False
2024-10-29 21:00:00,25.9,64,1008.1,False,False,0.08948271262828628,0.03930161,0.02372984484332219,0.15454822026163675,0.08913903255247947,Low,False
2024-10-29 22:00:00,25.5,64,1008.2,False,False,0.09315286708274567,0.07003983,0.010952236081533284,0.3743535138424095,0.1926528749619714,Low,False
2024-10-29 23:00:00,25.1,65,1008.2,False,False,0.08360882406495301,0.10388793,0.05749923942804991,0.5673866747794342,0.31244295710374204,Low,False
2024-10-30 00:00:00,24.6,67,1008.0,False,False,0.09140262517512077,0.04565689,0.01688469729236386,0.20124733799817462,0.10906601764526924,Low,False
2024-10-30 01:00:00,24.0,69,1007.6,False,False,0.09402145728394767,0.029635584,0.00867052023121384,0.08259811378156373,0.045634317006388786,Low,False
2024-10-30 02:00:00,23.4,72,1007.5,False,False,0.09688974152765634,0.009825587,0.0038028597505324058,0.003346516580468512,0.003574688165500459,Low,False
2024-10-30 03:00:00,22.7,76,1007.8,False,False,0.08564639670272978,0.013217974,0.044417401886218455,0.011104350471554609,0.02776087617888653,Low,False
2024-10-30 04:00:00,22.3,80,1007.9,False,False,0.08361216013759004,0.015826885,0.057347125038028635,0.017036811682385154,0.0371919683602069,Low,False
2024-10-30 05:00:00,21.8,84,1008.6,False,False,0.0689407031428812,0.032805167,0.21083054456951633,0.10237298448433221,0.15660176452692426,Low,False
2024-10-30 06:00:00,21.9,90,1009.0,False,False,0.06264727973051276,0.086401165,0.3004259202920596,0.478399756616976,0.3894128384545178,Low,False
2024-10-30 07:00:00,22.6,88,1009.8,False,False,0.05446264120500033,0.050040603,0.4055369637967752,0.23881959233343475,0.32217827806510496,Low,False
2024-10-30 08:00:00,24.9,79,1010.5,False,False,0.052145943967927266,0.07415801,0.437328871311226,0.4043200486766048,0.4208244599939154,Low,False
2024-10-30 09:00:00,27.6,69,1011.0,False,False,0.04108292524635315,0.03575086,0.5705810769698814,0.12549437176756922,0.34803772436872527,Low,False
2024-10-30 10:00:00,30.3,60,1011.1,False,False,0.03883173163980985,0.040020313,0.5952236081533313,0.16169759659263766,0.3784606023729845,Low,False
2024-10-30 11:00:00,32.3,51,1010.5,False,False,0.038752318315901424,0.034845755,0.5961362944934591,0.11697596592637663,0.35655613020991783,Low,False
2024-10-30 12:00:00,33.8,42,1009.6,False,False,0.03395335863797916,0.04759392,0.6481594158807423,0.21950106480073014,0.43383024034073625,Low,False
2024-10-30 13:00:00,34.7,35,1008.9,False,False,0.03408408151598041,0.04844152,0.646942500760572,0.2246729540614542,0.43580772741101315,Low,False
2024-10-30 14:00:00,34.9,30,1008.5,False,False,0.04790593829425055,0.060282134,0.49178582293885,0.31061758442348647,0.40120170368116825,Low,False
2024-10-30 15:00:00,34.7,29,1008.2,False,False,0.04907430970876264,0.038770407,0.47550958320657133,0.14907210222087008,0.3122908427137207,Low,False
2024-10-30 16:00:00,33.6,34,1008.4,False,False,0.04123164259956358,0.066076696,0.5690599330696684,0.3524490416793429,0.46075448737450564,Low,False
2024-10-30 17:00:00,31.1,40,1008.8,False,False,0.040836338306132924,0.11145735,0.5730149072102221,0.6025250988743535,0.5877700030422878,Low,False
2024-10-30 18:00:00,28.4,53,1009.9,False,False,0.009679442634758062,0.18944497,0.8357164587770003,0.8302403407362337,0.8329783997566169,Medium,False
2024-10-30 19:00:00,27.6,56,1010.8,False,False,0.0649164867430248,0.09896573,0.2666565257073319,0.5433526011560693,0.4050045634317006,Low,False
2024-10-30 20:00:00,26.8,61,1011.3,False,False,0.06732642211396395,0.09162743,0.2333434742926681,0.5039549741405537,0.3686492242166109,Low,False
2024-10-30 21:00:00,26.3,65,1011.6,False,False,0.06327037162903448,0.097489655,0.29053848494067536,0.5351384240949194,0.4128384545177974,Low,False
2024-10-30 22:00:00,25.6,68,1011.8,False,False,0.05828484053983174,0.11654472,0.35533921508974753,0.6251901429875266,0.4902646790386371,Low,False
2024-10-30 23:00:00,24.7,71,1011.9,False,False,0.049349259334934836,0.17049478,0.4718588378460602,0.7916032856708245,0.6317310617584424,Low,False
2024-10-31 00:00:00,23.8,75,1011.6,False,False,0.06125697509081174,0.22713816,0.31867964709461516,0.8805902038332827,0.5996349254639489,Low,False
2024-10-31 01:00:00,23.3,76,1011.4,False,False,0.06566460726164314,0.15698819,0.2564648615759051,0.7563127471858838,0.5063888043808944,Low,False
2024-10-31 02:00:00,22.8,77,1011.4,False,False,0.06908700182809668,0.107519716,0.20794037115911168,0.5856404015819897,0.3967903863705507,Low,False
2024-10-31 03:00:00,22.3,76,1011.3,False,False,0.07383973064348942,0.1059267,0.1470946151505933,0.57864313964101,0.36286887739580165,Low,False
2024-10-31 04:00:00,21.9,73,1011.3,False,False,0.08223970150460402,0.098444164,0.06647398843930641,0.5401581989656221,0.30331609370246426,Low,False
2024-10-31 05:00:00,21.4,72,1011.7,False,False,0.08248214541051041,0.06588119,0.06464861575905079,0.3512321265591725,0.20794037115911165,Low,False
2024-10-31 06:00:00,20.3,80,1012.7,False,False,0.012404390628360573,0.0914519,0.8205050197748707,0.5028901734104047,0.6616975965926377,Low,False
2024-10-31 07:00:00,21.0,78,1013.2,False,False,0.05368523715872747,0.06621595,0.4163370854882872,0.35305749923942803,0.38469729236385763,Low,False
2024-10-31 08:00:00,23.5,70,1013.9,False,False,0.04198205209184286,0.054625437,0.5606936416184971,0.27334955886826895,0.41702160024338303,Low,False
2024-10-31 09:00:00,26.5,60,1014.3,False,False,0.03286975307270351,0.03355985,0.6580468512321266,0.10663218740492851,0.38233951931852755,Low,False
2024-10-31 10:00:00,29.3,49,1014.3,False,False,0.024259897414953824,0.038325507,0.7395801642835412,0.14542135686035898,0.4425007605719501,Low,False
2024-10-31 11:00:00,31.0,39,1013.4,False,False,0.021808916534766354,0.06167493,0.7582902342561606,0.32156982050501975,0.5399300273805901,Low,False
2024-10-31 12:00:00,31.9,36,1012.5,False,False,0.05883113024916231,0.04412069,0.34818983875874654,0.19257681776696076,0.27038332826285366,Low,False
2024-10-31 13:00:00,32.4,34,1011.6,False,False,0.05172838819111819,0.041776564,0.4437176756921205,0.17417097657438393,0.30894432613325223,Low,False
2024-10-31 14:00:00,32.5,33,1010.8,False,False,0.05685162217855633,0.042718098,0.37435351384240945,0.18253726802555523,0.27844539093398235,Low,False
2024-10-31 15:00:00,32.3,33,1010.4,False,False,0.06150254401718569,0.032575686,0.3159415880742318,0.10069972619409796,0.20832065713416487,Low,False
2024-10-31 16:00:00,31.5,35,1010.3,False,False,0.06641489496531078,0.03073416,0.24475205354426532,0.08898691816245817,0.16686948585336175,Low,False
2024-10-31 17:00:00,28.7,44,1010.2,False,False,0.029904991187561236,0.06282562,0.6851232126559172,0.3279586248859142,0.5065409187709158,Low,False
2024-10-31 18:00:00,26.9,53,1011.1,False,False,0.04281918734216522,0.052412722,0.5512625494371768,0.2567690903559477,0.4040158198965622,Low,False
2024-10-31 19:00:00,25.7,57,1011.4,False,False,0.08158334839913711,0.037753563,0.07164587770003039,0.1416184971098266,0.1066321874049285,Low,False
2024-10-31 20:00:00,24.4,63,1011.7,False,False,0.07425605602949076,0.039665937,0.1431396410100395,0.15804685123212656,0.15059324612108305,Low,False
2024-10-31 21:00:00,23.3,67,1011.8,False,False,0.07323245192760386,0.06914347,0.15561302099178587,0.3699421965317919,0.2627776087617889,Low,False
2024-10-31 22:00:00,22.9,68,1011.6,False,False,0.07625618079733315,0.14813313,0.1227563127471859,0.7324307879525404,0.4275935503498631,Low,False
2024-10-31 23:00:00,21.9,71,1011.6,False,False,0.0693579041749352,0.119320996,0.20444174018862182,0.6375114085792516,0.4209765743839367,Low,False
2024-11-01 00:00:00,21.5,72,1011.4,False,False,0.0792762297499629,0.024723334,0.09278977791299059,0.054000608457560086,0.07339519318527533,Low,False
2024-11-01 01:00:00,20.9,75,1011.1,False,False,0.0708070636449395,0.022953581,0.18634012777608766,0.04472163066626103,0.11553087922117435,Low,False
2024-11-01 02:00:00,20.2,80,1010.8,False,False,0.06892952213230025,0.037030935,0.21113477334955888,0.13507757833891085,0.17310617584423488,Low,False
2024-11-01 03:00:00,19.6,83,1010.6,False,False,0.06889477157252094,0.06759215,0.2115911165196227,0.36066321874049284,0.28612716763005774,Low,False
2024-11-01 04:00:00,19.3,84,1010.5,False,False,0.06629572979787035,0.106678754,0.24703376939458477,0.5821417706114999,0.4145877700030423,Low,False
2024-11-01 05:00:00,18.9,86,1010.9,False,False,0.06820819677709816,0.098541915,0.22132643748098568,0.5409187709157286,0.38112260419835714,Low,False
2024-11-01 06:00:00,18.1,89,1011.7,False,False,0.04150205162724446,0.08419886,0.5657134164891999,0.46455734712503804,0.5151353818071189,Low,False
2024-11-01 07:00:00,19.5,81,1012.2,False,False,0.05758336263998709,0.1273526,0.3664435655613021,0.6667173714633404,0.5165804685123212,Low,False
2024-11-01 08:00:00,22.9,65,1012.9,False,False,0.01905761604909545,0.12527329,0.7774566473988439,0.6595679951323395,0.7185123212655917,Low,False
2024-11-01 09:00:00,26.5,54,1013.6,False,False,0.01726872782953376,0.089611486,0.7887131122604198,0.4926985092789778,0.6407058107696988,Low,False
2024-11-01 10:00:00,29.4,46,1013.6,False,False,0.03817997609806045,0.07783653,0.6045025859446304,0.4285062366899909,0.5165044113173106,Low,False
2024-11-01 11:00:00,31.3,38,1013.0,False,False,0.028433527118631785,0.080021374,0.7003346516580469,0.440371159111652,0.5703529053848494,Low,False
2024-11-01 12:00:00,32.4,33,1012.2,False,False,0.021795048878515244,0.0611147,0.758442348646182,0.3171585031944022,0.5378004259202921,Low,False
2024-11-01 13:00:00,32.8,33,1011.3,False,False,0.0302195572095183,0.054356594,0.6823851536355339,0.2721326437480986,0.47725889869181626,Low,False
2024-11-01 14:00:00,33.0,33,1010.7,False,False,0.03636655649611431,0.031071309,0.6219957407970794,0.09172497718284149,0.35686035898996044,Low,False
2024-11-01 15:00:00,32.9,32,1010.4,False,False,0.03940578428640751,0.03129726,0.589443261332522,0.09370246425311834,0.3415728627928202,Low,False
2024-11-01 16:00:00,32.1,35,1010.3,False,False,0.04890037724820878,0.031142848,0.47794341344691205,0.09248554913294797,0.28521448128993,Low,False
2024-11-01 17:00:00,28.5,47,1010.5,False,False,0.0036137863702100925,0.111319266,0.8676604806814725,0.6022208700943109,0.7349406753878918,Low,False
2024-11-01 18:00:00,26.6,49,1011.2,False,False,0.043577311003052566,0.061912328,0.5427441435959841,0.32233039245512624,0.43253726802555514,Low,False
2024-11-01 19:00:00,26.4,49,1011.9,False,False,0.062319746716715196,0.07189937,0.305749923942805,0.39032552479464555,0.34803772436872527,Low,False
2024-11-01 20:00:00,25.0,53,1012.6,False,False,0.04237345013119115,0.06563706,0.555978095527837,0.3495588682689382,0.4527684818983876,Low,False
2024-11-01 21:00:00,24.2,55,1012.8,False,False,0.062426273502438845,0.087040074,0.30407666565257074,0.4812899300273806,0.3926832978399757,Low,False
2024-11-01 22:00:00,23.5,56,1012.8,False,False,0.06621654887988249,0.1227949,0.24855491329479773,0.651049589291147,0.44980225129297235,Low,False
2024-11-01 23:00:00,23.3,55,1012.6,False,False,0.05735659364189449,0.15326624,0.36872528141162153,0.7449041679342866,0.556814724672954,Low,False
2024-11-02 00:00:00,22.7,55,1012.3,False,False,0.06274749997156276,0.12733038,0.2987526620018254,0.6665652570733192,0.48265895953757226,Low,False
2024-11-02 01:00:00,22.2,54,1012.0,False,False,0.07097995039598021,0.10257492,0.1842105263157895,0.561149984788561,0.37268025555217527,Low,False
2024-11-02 02:00:00,21.6,56,1011.7,False,False,0.08264253149272988,0.058091927,0.06343170063888048,0.2966230605415272,0.18002738059020384,Low,False
2024-11-02 03:00:00,21.1,57,1011.5,False,False,0.08612787807971939,0.035849154,0.041222999695771256,0.12655917249771828,0.08389108609674477,Low,False
2024-11-02 04:00:00,20.7,59,1011.4,False,False,0.08998876287647245,0.027094584,0.021296014602981472,0.06799513233951932,0.044645573471250394,Low,False
2024-11-02 05:00:00,20.4,61,1011.6,False,False,0.08922096214924036,0.048438795,0.024946759963492493,0.2245208396714329,0.1247337998174627,Low,False
2024-11-02 06:00:00,19.5,74,1012.5,False,False,0.028652725740646978,0.24151538,0.6980529358077274,0.8959537572254336,0.7970033465165804,Medium,False
2024-11-02 07:00:00,20.2,74,1012.9,False,False,0.07328501424726402,0.11953602,0.15500456343170066,0.6393367812595071,0.3971706723456039,Low,False
2024-11-02 08:00:00,23.1,66,1013.7,False,False,0.03806518802077602,0.08777898,0.606327958624886,0.4841801034377852,0.5452540310313356,Low,False
2024-11-02 09:00:00,26.4,56,1014.5,False,False,0.02956211306446227,0.08946415,0.6886218436264071,0.4923942804989352,0.5905080620626711,Low,False
2024-11-02 10:00:00,29.2,47,1014.3,False,False,0.04348561564329312,0.066500604,0.543656829936112,0.3548828719196836,0.4492698509278978,Low,False
2024-11-02 11:00:00,31.1,40,1013.6,False,False,0.04111362813826097,0.049647603,0.57042896257986,0.23547307575296622,0.40295101916641307,Low,False
2024-11-02 12:00:00,32.2,36,1012.5,False,False,0.04644704439480202,0.06283161,0.5088226346212352,0.3281107392759355,0.41846668694858535,Low,False
2024-11-02 13:00:00,32.9,32,1011.7,False,False,0.053077432345117304,0.060933806,0.4227258898691816,0.3144204441740189,0.36857316702160026,Low,False
2024-11-02 14:00:00,33.2,30,1011.1,False,False,0.0541101241210043,0.06879849,0.41025250988743533,0.36720413751140857,0.38872832369942195,Low,False
2024-11-02 15:00:00,33.1,29,1010.7,False,False,0.061701885161745795,0.075342596,0.3138119866139337,0.4114694250076057,0.3626407058107697,Low,False
2024-11-02 16:00:00,32.2,34,1010.8,False,False,0.06871248425398946,0.10766826,0.21493763310009129,0.5864009735320961,0.4006693033160937,Low,False
2024-11-02 17:00:00,28.3,45,1011.2,False,False,0.029927960177108914,0.14956175,0.684971098265896,0.7369942196531792,0.7109826589595376,Low,False
2024-11-02 18:00:00,26.4,47,1012.0,False,False,0.05680835080088947,0.10020089,0.3752662001825373,0.5505019774870703,0.4628840888348038,Low,False
2024-11-02 19:00:00,25.4,50,1012.6,False,False,0.0820337678585159,0.04663405,0.06845147550958319,0.21189534529966536,0.14017341040462428,Low,False
2024-11-02 20:00:00,24.7,51,1013.0,False,False,0.07935863752700123,0.043357667,0.09187709157286283,0.1867964709461515,0.13933678125950716,Low,False
2024-11-02 21:00:00,24.0,51,1013.3,False,False,0.07349974116713753,0.0561808,0.15226650441131728,0.28445390933982356,0.21836020687557042,Low,False
2024-11-02 22:00:00,23.1,52,1013.6,False,False,0.07005342379297258,0.077752404,0.19455430483723757,0.4274414359598418,0.31099787039853966,Low,False
2024-11-02 23:00:00,22.5,52,1013.7,False,False,0.06489898069947786,0.1053251,0.26680864009735317,0.574536051110435,0.4206723456038941,Low,False
2024-11-03 00:00:00,21.8,54,1013.4,False,False,0.06363706094182442,0.14758451,0.2846060237298449,0.7310617584423487,0.5078338910860968,Low,False
2024-11-03 01:00:00,21.3,54,1013.2,False,False,0.07479406004213252,0.121427536,0.13735929418923032,0.6472467295406146,0.39230301186492245,Low,False
2024-11-03 02:00:00,21.0,54,1013.2,False,False,0.08481408993669542,0.107430145,0.050958320657134126,0.585336172801947,0.3181472467295406,Low,False
2024-11-03 03:00:00,20.2,57,1013.3,False,False,0.08102690777926763,0.10177884,0.07620930940066928,0.5571950106480072,0.31670216002433826,Low,False
2024-11-03 04:00:00,19.7,61,1013.0,False,False,0.07472221339404944,0.09158497,0.13842409491937935,0.5034986309704899,0.3209613629449346,Low,False
2024-11-03 05:00:00,19.4,64,1013.3,False,False,0.07644969333498325,0.0765923,0.12123516884697294,0.4196836020687557,0.2704593854578643,Low,False
2024-11-03 06:00:00,18.8,73,1014.2,False,False,0.03186408260774831,0.1566328,0.6671737146334042,0.7552479464557347,0.7112108305445695,Low,False
2024-11-03 07:00:00,19.5,71,1014.9,False,False,0.05418016429837669,0.09207119,0.40949193793732885,0.5063888043808944,0.4579403711591116,Low,False
2024-11-03 08:00:00,22.2,63,1015.6,False,False,0.0370894113869874,0.11675989,0.6154548220261638,0.6261028293276544,0.6207788256769091,Low,False
2024-11-03 09:00:00,25.3,56,1016.1,False,False,0.039947916963983754,0.10933085,0.5835108001216915,0.5940066930331609,0.5887587465774262,Low,False
2024-11-03 10:00:00,28.3,48,1016.1,False,False,0.027219637889347448,0.10716441,0.713720717979921,0.5839671432917554,0.6488439306358382,Low,False
2024-11-03 11:00:00,30.7,40,1015.3,False,False,0.025695844086439212,0.09423268,0.7260419835716458,0.5188621843626408,0.6224520839671432,Low,False
2024-11-03 12:00:00,32.0,33,1014.2,False,False,0.03052548094353169,0.08729771,0.6794949802251293,0.48205050197748706,0.5807727411013082,Low,False
2024-11-03 13:00:00,32.6,31,1013.2,False,False,0.03268346122791932,0.115210526,0.6594158807423183,0.6198661393367813,0.6396410100395498,Low,False
2024-11-03 14:00:00,32.9,30,1012.3,False,False,0.0445785501965984,0.13517356,0.5302707636142379,0.6945543048372376,0.6124125342257377,Low,False
2024-11-03 15:00:00,32.7,29,1011.8,False,False,0.05384848461228531,0.13247047,0.414207484027989,0.6869485853361728,0.5505780346820809,Low,False
2024-11-03 16:00:00,31.9,36,1011.7,False,False,0.057360088073891424,0.18985724,0.36857316702160026,0.8311530270763614,0.5998630970489809,Low,False
2024-11-03 17:00:00,27.8,48,1012.0,False,False,0.019855349066495054,0.14896095,0.771372071797992,0.7359294189230301,0.753650745360511,Medium,False
2024-11-03 18:00:00,25.5,52,1013.4,False,False,0.042788991402390675,0.1814399,0.5518710069972619,0.8170063888043809,0.6844386979008215,Low,False
2024-11-03 19:00:00,24.8,53,1013.8,False,False,0.08551383769680371,0.087565124,0.045482202616367484,0.4832674170976574,0.26437480985701245,Low,False
2024-11-03 20:00:00,24.0,52,1014.3,False,False,0.07822387328756547,0.08800545,0.10176452692424698,0.485092789777913,0.29342865835108,Low,False
2024-11-03 21:00:00,23.3,54,1014.5,False,False,0.07250054547036949,0.09897803,0.16321874049285068,0.543656829936112,0.3534377852144813,Low,False
2024-11-03 22:00:00,22.7,57,1014.6,False,False,0.07513701833185576,0.11079132,0.13325220565865525,0.6000912686340127,0.366671737146334,Low,False
2024-11-03 23:00:00,22.2,60,1014.4,False,False,0.06287439989962346,0.15873206,0.29692728932156986,0.7599634925463948,0.5284453909339824,Low,False
2024-11-04 00:00:00,21.7,61,1013.8,False,False,0.06680057763389036,0.13091438,0.24018862184362644,0.68192881046547,0.46105871615454824,Low,False
2024-11-04 01:00:00,20.9,63,1013.3,False,False,0.07257703510504493,0.09892282,0.1624581685427442,0.543200486766048,0.3528293276543961,Low,False
2024-11-04 02:00:00,20.3,65,1012.8,False,False,0.07425894984044717,0.09605664,0.14298752662001823,0.5281411621539398,0.335564344386979,Low,False
2024-11-04 03:00:00,19.3,68,1012.6,False,False,0.0754598321602774,0.08524797,0.13005780346820806,0.4724672954061454,0.30126254943717673,Low,False
2024-11-04 04:00:00,18.6,73,1012.4,False,False,0.06202518626764236,0.09508721,0.3100091268634013,0.5234256160632796,0.4167173714633405,Low,False
2024-11-04 05:00:00,18.2,74,1012.6,False,False,0.06330369565715666,0.11869442,0.28993002738059015,0.6344691207788257,0.4621995740797079,Low,False
2024-11-04 06:00:00,17.5,80,1013.4,False,False,0.035877095789773994,0.09304713,0.6286887739580165,0.5112564648615759,0.5699726194097963,Low,False
2024-11-04 07:00:00,18.7,75,1013.5,False,False,0.06335291775593932,0.1585833,0.2894736842105263,0.7592029205962884,0.5243383024034074,Low,False
2024-11-04 08:00:00,21.6,63,1013.9,False,False,0.043881380424531935,0.16504487,0.5387891694554305,0.7765439610587161,0.6576665652570733,Low,False
2024-11-04 09:00:00,25.1,52,1014.1,False,False,0.04690662990432737,0.08968363,0.5044113173106175,0.4940675387891695,0.4992394280498935,Low,False
2024-11-04 10:00:00,28.0,43,1013.9,False,False,0.050209996489538,0.043220907,0.45999391542439916,0.18573167021600243,0.3228627928202008,Low,False
2024-11-04 11:00:00,30.0,38,1013.0,False,False,0.04554909159442089,0.055750456,0.5191664131426833,0.2812595071493763,0.4002129601460298,Low,False
2024-11-04 12:00:00,31.3,34,1011.8,False,False,0.040618525821148055,0.054338608,0.5757529662306053,0.2715241861880134,0.42363857620930934,Low,False
2024-11-04 13:00:00,32.1,32,1010.9,False,False,0.02925175495068877,0.05775655,0.6930331609370246,0.2944934590812291,0.4937633100091269,Low,False
2024-11-04 14:00:00,32.5,30,1010.1,False,False,0.03469824521716941,0.088492565,0.6419227258898692,0.487678734408275,0.5648007301490721,Low,False
2024-11-04 15:00:00,32.3,30,1009.5,False,False,0.04103745434903128,0.12863235,0.5713416489199878,0.6732582902342562,0.6222999695771221,Low,False
2024-11-04 16:00:00,31.6,34,1009.4,False,False,0.04698586707607477,0.1476855,0.5038028597505324,0.7312138728323699,0.6175083662914511,Low,False
2024-11-04 17:00:00,27.8,48,1009.9,True,False,-0.003173331387066103,0.10312078,0.8986918162458168,0.563735929418923,0.7312138728323699,Low,True
2024-11-04 18:00:00,26.2,50,1011.0,False,False,0.04874431377137711,0.16815284,0.47992090051718894,0.7849102525098874,0.6324155765135382,Low,False
2024-11-04 19:00:00,25.0,53,1011.7,False,False,0.073265359579479,0.14117004,0.1553087922117432,0.7121995740797079,0.43375418314572556,Low,False
2024-11-04 20:00:00,24.2,56,1012.1,False,False,0.07735298400146995,0.15709865,0.11210830544569517,0.756921204745969,0.4345147550958321,Low,False
2024-11-04 21:00:00,23.6,57,1012.4,False,False,0.07814388598715855,0.123202406,0.10313355643443867,0.6528749619714025,0.3780042592029206,Low,False
2024-11-04 22:00:00,23.1,57,1012.6,False,False,0.07555916174870736,0.10569246,0.12960146029814423,0.5768177669607545,0.35320961362944936,Low,False
2024-11-04 23:00:00,22.6,58,1012.6,False,False,0.07328402124296951,0.15913613,0.15515667782172193,0.7611804076665653,0.4581685427441436,Low,False
2024-11-05 00:00:00,21.9,60,1012.5,False,False,0.08075506919781422,0.11237192,0.07986005476118041,0.6069364161849711,0.34339823547307574,Low,False
2024-11-05 01:00:00,21.5,62,1012.5,False,False,0.08383041783939105,0.080686346,0.056282324307879494,0.44432613325220566,0.25030422878004255,Low,False
2024-11-05 02:00:00,21.0,65,1012.5,False,False,0.08681769382812299,0.059682447,0.03681168238515364,0.30742318223303927,0.17211743230909646,Low,False
2024-11-05 03:00:00,20.7,67,1012.5,False,False,0.08945150248888639,0.049273435,0.023881959233343464,0.2324307879525403,0.12815637359294188,Low,False
2024-11-05 04:00:00,20.4,69,1012.8,False,False,0.08581321453438623,0.037674297,0.04396105871615452,0.14070581076969882,0.09233343474292667,Low,False
2024-11-05 05:00:00,20.2,70,1013.2,False,False,0.0853998371127197,0.03890133,0.04639488895649524,0.14983267417097657,0.0981137815637359,Low,False
2024-11-05 06:00:00,19.5,76,1014.2,False,False,0.043222694546984075,0.06130403,0.5468512321265592,0.31852753270459383,0.43268938241557653,Low,False
2024-11-05 07:00:00,19.9,75,1015.2,False,False,0.04633544086759628,0.070284665,0.5094310921813203,0.3764831153027076,0.44295710374201397,Low,False
2024-11-05 08:00:00,22.1,67,1015.8,False,False,0.037825768723668995,0.08764995,0.6080012169151201,0.4838758746577426,0.5459385457864314,Low,False
2024-11-05 09:00:00,25.0,57,1016.3,False,False,0.02155501519654701,0.05184969,0.759507149376331,0.25342257377547917,0.5064648615759051,Low,False
2024-11-05 10:00:00,27.9,48,1016.3,False,False,0.01038003318492231,0.055754453,0.8328262853665956,0.28141162153939764,0.5571189534529967,Low,False
2024-11-05 11:00:00,30.0,40,1015.5,False,False,0.01713613850772122,0.05365034,0.789321569820505,0.26635229692728934,0.5278369333738973,Low,False
2024-11-05 12:00:00,31.3,36,1014.6,False,False,0.03203628323557772,0.070312336,0.6647398843930636,0.3770915728627928,0.5209157286279282,Low,False
2024-11-05 13:00:00,32.0,34,1013.7,False,False,0.03597069842539363,0.094038926,0.6270155156677821,0.5173410404624278,0.572178278065105,Low,False
2024-11-05 14:00:00,32.2,33,1013.0,False,False,0.05122806822404141,0.10862575,0.4493459081229084,0.5908122908427137,0.5200790994828111,Low,False
2024-11-05 15:00:00,32.0,33,1012.6,False,False,0.05561669837115446,0.11033654,0.390021296014603,0.5982658959537572,0.4941435959841801,Low,False
2024-11-05 16:00:00,31.3,35,1012.5,False,False,0.06236240031346396,0.1050004,0.30529358077274105,0.5727106784301795,0.4390021296014603,Low,False
2024-11-05 17:00:00,28.6,42,1012.9,False,False,0.042928103055071054,0.18545686,0.5500456343170064,0.8235473075752966,0.6867964709461515,Low,False
2024-11-05 18:00:00,27.0,48,1013.8,False,False,0.05329269089637506,0.09371934,0.42105263157894735,0.5158198965622148,0.4684362640705811,Low,False
2024-11-05 19:00:00,26.0,52,1014.4,False,False,0.07582234173404001,0.060401876,0.12808031639793127,0.3115302707636142,0.21980529358077275,Low,False
2024-11-05 20:00:00,24.9,56,1014.8,False,False,0.06908740232991284,0.08619088,0.2077882567690904,0.4776391846668695,0.34271372071797995,Low,False
2024-11-05 21:00:00,24.2,58,1015.1,False,False,0.07049137252281451,0.0669578,0.19014298752662007,0.3573167021600243,0.2737298448433222,Low,False
2024-11-05 22:00:00,23.5,62,1015.2,False,False,0.0690538470808773,0.14653927,0.2085488287191969,0.7269546699117736,0.46775174931548524,Low,False
2024-11-05 23:00:00,23.0,64,1015.2,False,False,0.06362922988279696,0.17256738,0.28475813811986617,0.796014602981442,0.5403863705506541,Low,False
2024-11-06 00:00:00,22.5,66,1014.9,False,False,0.06298769603732668,0.13081105,0.2955582598113782,0.6814724672954061,0.48851536355339215,Low,False
2024-11-06 01:00:00,21.5,69,1014.7,False,False,0.07740026100112535,0.08813164,0.11119561910556741,0.48585336172801946,0.2985244904167934,Low,False
2024-11-06 02:00:00,20.7,73,1014.4,False,False,0.07386469529633721,0.06322154,0.1464861575905081,0.33130514146638274,0.23889564952844541,Low,False
2024-11-06 03:00:00,20.1,76,1014.2,False,False,0.07504515615882584,0.053118374,0.13401277760876174,0.26118040766656525,0.1975965926376635,Low,False
2024-11-06 04:00:00,19.7,78,1014.2,False,False,0.07031048877846202,0.056167286,0.19166413142683303,0.28414968055978096,0.237906905993307,Low,False
2024-11-06 05:00:00,19.3,80,1014.5,False,False,0.07312933092562734,0.061347898,0.15682993611195617,0.3192881046547003,0.23805902038332824,Low,False
2024-11-06 06:00:00,18.6,86,1015.4,False,False,0.041044223482821385,0.10200327,0.5708853057499239,0.5585640401581989,0.5647246729540614,Low,False
2024-11-06 07:00:00,19.5,83,1016.1,False,False,0.049981617107187626,0.06395838,0.4634925463948889,0.3367812595071494,0.4001369029510191,Low,False
2024-11-06 08:00:00,22.1,74,1016.7,False,False,0.0437665762646387,0.068790905,0.5401581989656221,0.3670520231213873,0.4536051110435047,Low,False
2024-11-06 09:00:00,25.2,64,1017.0,False,False,0.04798283507149437,0.050731674,0.48996045025859447,0.2436872528141162,0.3668238515363553,Low,False
2024-11-06 10:00:00,28.0,54,1017.0,False,False,0.041713717380547966,0.0404449,0.5628232430787953,0.16458777000304228,0.36370550654091877,Low,False
2024-11-06 11:00:00,30.0,46,1016.4,False,False,0.04472755439360554,0.03665026,0.5285975053240036,0.133100091268634,0.3308487982963188,Low,False
2024-11-06 12:00:00,31.2,41,1015.5,False,False,0.04431742808202832,0.042535927,0.5334651658046852,0.18086400973532096,0.35716458777000304,Low,False
2024-11-06 13:00:00,31.9,39,1014.3,False,False,0.046132634683243134,0.07512425,0.5120170368116823,0.4110130818375418,0.46151505932461206,Low,False
2024-11-06 14:00:00,32.2,37,1013.6,False,False,0.04769124676540637,0.048905686,0.4943717675692121,0.22847581381198662,0.3614237906905994,Low,False
2024-11-06 15:00:00,32.2,36,1013.2,False,False,0.052197433655766345,0.052777953,0.43626407058107697,0.25844234864618193,0.3473532096136295,Low,False
2024-11-06 16:00:00,31.4,38,1013.0,False,False,0.05218924894368454,0.057555594,0.4365682993611195,0.2935807727411013,0.3650745360511104,Low,False
2024-11-06 17:00:00,28.9,45,1013.2,False,False,0.031439683176651634,0.07004216,0.6717371463340431,0.3745056282324308,0.523121387283237,Low,False
2024-11-06 18:00:00,26.5,56,1013.5,False,False,0.03636199458448969,0.055014156,0.622299969577122,0.27608761788865227,0.44919379373288715,Low,False
2024-11-06 19:00:00,25.6,61,1013.8,False,False,0.08449623241521914,0.06595173,0.052327350167325815,0.35153635533921507,0.20193185275327044,Low,False
2024-11-06 20:00:00,24.7,65,1014.1,False,False,0.08234009555325067,0.0700687,0.06571341648919993,0.3748098570124734,0.22026163675083665,Low,False
2024-11-06 21:00:00,23.7,69,1014.3,False,False,0.07599545129633573,0.079841465,0.12610282932765438,0.43945847277152417,0.28278065104958927,Low,False
2024-11-06 22:00:00,22.8,72,1014.1,False,False,0.06981587413284684,0.14361966,0.19774870702768477,0.7196531791907514,0.4587009431092181,Low,False
2024-11-06 23:00:00,22.2,74,1013.9,False,False,0.0622421628058169,0.18926096,0.30727106784301794,0.8296318831761484,0.5684514755095832,Low,False
2024-11-07 00:00:00,21.7,76,1013.5,False,False,0.06972331524213565,0.06875724,0.19896562214785518,0.3665956799513234,0.28278065104958927,Low,False
2024-11-07 01:00:00,21.2,77,1013.2,False,False,0.07085952645616539,0.08364952,0.18557955582598118,0.46212351688469727,0.32385153635533925,Low,False
2024-11-07 02:00:00,20.7,80,1012.8,False,False,0.06444130364966472,0.10371587,0.27213264374809853,0.5657134164891999,0.41892303011864923,Low,False
2024-11-07 03:00:00,20.2,82,1012.9,False,False,0.07362713844845675,0.12076062,0.14998478856099784,0.6440523273501674,0.3970185579555826,Low,False
2024-11-07 04:00:00,19.7,84,1012.9,False,False,0.0658466010040667,0.1286674,0.2543352601156069,0.6734104046242775,0.4638728323699422,Low,False
2024-11-07 05:00:00,19.6,85,1013.1,False,False,0.07431700419267923,0.14448962,0.1425311834499544,0.7211743230909644,0.4318527532704594,Low,False
2024-11-07 06:00:00,19.0,91,1014.1,False,False,0.030150997518091194,0.119624205,0.6828414968055978,0.6396410100395498,0.6612412534225738,Low,False
2024-11-07 07:00:00,19.8,88,1014.7,False,False,0.0634080425647659,0.10226369,0.2885609978703986,0.5605415272284758,0.4245512625494372,Low,False
2024-11-07 08:00:00,22.5,76,1015.5,False,False,0.023208861448420715,0.12312352,0.7468816550045634,0.6522665044113173,0.6995740797079404,Low,False
2024-11-07 09:00:00,25.6,65,1015.8,False,False,0.04229341081993271,0.05563066,0.5573471250380286,0.2801947064192273,0.41877091572862796,Low,False
2024-11-07 10:00:00,28.5,54,1015.6,False,False,0.038311897659624894,0.044651084,0.6017645269242471,0.1948585336172802,0.39831153027076366,Low,False
2024-11-07 11:00:00,30.1,47,1014.9,False,False,0.049356796543771786,0.05428097,0.4717067234560389,0.2710678430179495,0.3713872832369942,Low,False
2024-11-07 12:00:00,31.1,43,1013.9,False,False,0.039983065598173495,0.048705284,0.5825981137815637,0.22649832674170978,0.4045482202616367,Low,False
2024-11-07 13:00:00,31.7,41,1013.1,False,False,0.045396886555325144,0.032713752,0.5209917858229389,0.10176452692424703,0.311378156373593,Low,False
2024-11-07 14:00:00,31.9,40,1012.3,False,False,0.04880132818407584,0.027672166,0.47931244295710373,0.07118953452996654,0.27525098874353515,Low,False
2024-11-07 15:00:00,31.9,40,1012.0,False,False,0.050266676067933336,0.026877984,0.45938545786431395,0.06647398843930635,0.2629297231518102,Low,False
2024-11-07 16:00:00,31.4,41,1012.0,False,False,0.05536315280766041,0.03311327,0.3930635838150289,0.10419835716458777,0.24863097048980834,Low,False
2024-11-07 17:00:00,28.7,49,1012.3,False,False,0.028317275523147778,0.0574086,0.7023121387283238,0.29221174323090965,0.49726194097961673,Low,False
2024-11-07 18:00:00,26.5,59,1012.8,False,False,0.03395422957806271,0.043165665,0.648007301490721,0.18557955582598112,0.4167934286583511,Low,False
2024-11-07 19:00:00,25.2,64,1013.3,False,False,0.06297195705125641,0.028890649,0.296014602981442,0.07940371159111652,0.18770915728627927,Low,False
2024-11-07 20:00:00,25.0,66,1013.7,False,False,0.08018758511969382,0.044051785,0.08381502890173409,0.19196836020687558,0.13789169455430483,Low,False
2024-11-07 21:00:00,24.4,69,1014.0,False,False,0.07481982289838929,0.05507451,0.13659872223912384,0.27654396105871615,0.20657134164892,Low,False
2024-11-07 22:00:00,23.8,72,1013.9,False,False,0.0694026819109102,0.10761773,0.20368116823851534,0.5860967447520535,0.39488895649528444,Low,False
2024-11-07 23:00:00,23.1,74,1013.9,False,False,0.06496487371069243,0.11225276,0.26574383936720414,0.6060237298448433,0.4358837846060237,Low,False
2024-11-08 00:00:00,22.6,75,1013.7,False,False,0.06263290148239264,0.052043978,0.30073014907210227,0.2547916032856708,0.27776087617888656,Low,False
2024-11-08 01:00:00,22.1,76,1013.2,False,False,0.062435822517817985,0.0449427,0.3037724368725282,0.19714024946759964,0.25045634317006393,Low,False
2024-11-08 02:00:00,21.6,79,1012.9,False,False,0.06962711594178322,0.034340225,0.19987830848798294,0.11256464861575904,0.156221478551871,Low,False
2024-11-08 03:00:00,21.1,81,1012.6,False,False,0.07054141793601681,0.04493295,0.18968664435655613,0.19683602068755704,0.19326133252205657,Low,False
2024-11-08 04:00:00,20.7,83,1012.6,False,False,0.07614647784255268,0.056607086,0.12412534225737759,0.2871919683602069,0.20565865530879224,Low,False
2024-11-08 05:00:00,20.4,83,1013.0,False,False,0.07389521156153989,0.07161776,0.14618192881046543,0.38758746577426223,0.26688469729236386,Low,False
2024-11-08 06:00:00,19.9,87,1013.6,False,False,0.07148215194620067,0.063135415,0.1770611499847886,0.3303924551262549,0.25372680255552177,Low,False
2024-11-08 07:00:00,20.5,85,1014.3,False,False,0.0665931145924959,0.05538664,0.24247033769394588,0.2783693337389717,0.26041983571645877,Low,False
2024-11-08 08:00:00,23.0,74,1015.0,False,False,0.0353516180273018,0.057294328,0.6352296927289321,0.29190751445086704,0.4635686035898996,Low,False
2024-11-08 09:00:00,25.8,63,1015.5,False,False,0.040215610497052856,0.038106963,0.5790994828110739,0.14374809857012474,0.3614237906905993,Low,False
2024-11-08 10:00:00,28.5,54,1015.1,False,False,0.044839533678360854,0.028301781,0.5275327045938546,0.076057195010648,0.3017949498022513,Low,False
2024-11-08 11:00:00,30.6,46,1014.2,False,False,0.03450355868850169,0.028079344,0.6434438697900822,0.07438393672041375,0.35891390325524797,Low,False
2024-11-08 12:00:00,31.8,40,1012.9,False,False,0.034029505433702645,0.03714606,0.6477030727106785,0.13614237906905993,0.3919227258898692,Low,False
2024-11-08 13:00:00,32.6,36,1012.1,False,False,0.03523612850788299,0.027952293,0.6364466078491025,0.07347125038028597,0.35495892911469423,Low,False
2024-11-08 14:00:00,32.8,34,1011.3,False,False,0.037106865156275426,0.027104065,0.6153027076361424,0.0682993611195619,0.34180103437785214,Low,False
2024-11-08 15:00:00,32.6,34,1010.9,False,False,0.042170746612789634,0.03116473,0.5591724977182841,0.09278977791299056,0.32598113781563737,Low,False
2024-11-08 16:00:00,31.9,35,1011.3,False,False,0.04435416297687694,0.07602766,0.5331609370246425,0.4151201703681168,0.47414055369637964,Low,False
2024-11-08 17:00:00,29.0,44,1011.4,False,False,0.022526945164065615,0.052372556,0.7522056586553088,0.25661697596592636,0.5044113173106175,Low,False
2024-11-08 18:00:00,27.3,54,1012.0,False,False,0.03819329357400225,0.041350145,0.6041983571645877,0.17158503194402192,0.38789169455430483,Low,False
2024-11-08 19:00:00,26.0,61,1012.6,False,False,0.055305345000717654,0.03864855,0.39473684210526316,0.14709461515059324,0.27091572862792823,Low,False
2024-11-08 20:00:00,25.1,67,1013.0,False,False,0.0699357450122558,0.06625097,0.1962275631274718,0.35320961362944936,0.2747185883784606,Low,False
2024-11-08 21:00:00,24.3,71,1013.3,False,False,0.0709017571201333,0.08809509,0.18497109826589597,0.48554913294797686,0.3352601156069364,Low,False
2024-11-08 22:00:00,23.8,72,1013.3,False,False,0.07227495025091846,0.15515979,0.16519622756312746,0.7506845147550958,0.4579403711591116,Low,False
2024-11-08 23:00:00,23.1,75,1013.3,False,False,0.0622884905089644,0.15492742,0.3062062671128689,0.7500760571950107,0.5281411621539398,Low,False
2024-11-09 00:00:00,22.5,78,1013.1,False,False,0.06887997992694922,0.06160898,0.21204745968968663,0.3208092485549133,0.2664283541222999,Low,False
2024-11-09 01:00:00,21.9,81,1013.1,False,False,0.07589270913192309,0.05141202,0.12762397322786734,0.24961971402494676,0.18862184362640705,Low,False
2024-11-09 02:00:00,21.4,83,1013.1,False,False,0.07498763258637264,0.050931357,0.13462123516884694,0.24596896866443566,0.19029510191664128,Low,False
2024-11-09 03:00:00,21.1,84,1012.9,False,False,0.07163484419567495,0.06912351,0.17493154852449044,0.3697900821417706,0.2723608153331305,Low,False
2024-11-09 04:00:00,20.8,85,1012.7,False,False,0.06432640264040485,0.08042697,0.27411013081837543,0.4423486461819288,0.3582293885001521,Low,False
2024-11-09 05:00:00,20.5,87,1012.9,False,False,0.06774975990236726,0.07151077,0.2283236994219653,0.38606632187404927,0.30719501064800725,Low,False
2024-11-09 06:00:00,20.0,91,1013.7,False,False,0.04643072752271599,0.08038407,0.5089747490112564,0.4420444174018862,0.47550958320657133,Low,False
2024-11-09 07:00:00,20.3,89,1014.5,False,False,0.0414342189004836,0.070839845,0.5664739884393064,0.3810465470033465,0.47376026772132646,Low,False
2024-11-09 08:00:00,22.4,79,1015.3,False,False,0.027555829555659495,0.094499685,0.7102220870094311,0.5208396714329175,0.6155308792211743,Low,False
2024-11-09 09:00:00,25.1,67,1015.9,False,False,0.018548146855220604,0.057894673,0.7812595071493763,0.2958624885914207,0.5385609978703985,Low,False
2024-11-09 10:00:00,27.6,57,1015.7,False,False,0.03515822298783072,0.052167147,0.6367508366291451,0.2555521752357773,0.4461515059324612,Low,False
2024-11-09 11:00:00,29.7,50,1014.8,False,False,0.038937929713709685,0.07169667,0.5946151505932461,0.38819592333434744,0.49140553696379674,Low,False
2024-11-09 12:00:00,31.0,44,1013.9,False,False,0.035764631132169544,0.06323186,0.630514146638272,0.33160937024642534,0.48106175844234866,Low,False
2024-11-09 13:00:00,31.6,40,1013.0,False,False,0.03585141870335723,0.040517375,0.6292972315181016,0.16519622756312746,0.3972467295406145,Low,False
2024-11-09 14:00:00,31.8,39,1012.2,False,False,0.049808852184635044,0.034285713,0.46577426224520835,0.11241253422573776,0.28909339823547303,Low,False
2024-11-09 15:00:00,31.7,39,1011.9,False,False,0.0492601602160197,0.028545951,0.4726194097961667,0.07757833891086097,0.2750988743535138,Low,False
2024-11-09 16:00:00,31.1,40,1012.0,False,False,0.05734145536025215,0.04139409,0.3688773958016428,0.1718892607240645,0.27038332826285366,Low,False
2024-11-09 17:00:00,28.3,50,1012.2,False,False,0.020819855086406436,0.07028097,0.7657438393672041,0.37633100091268634,0.5710374201399453,Low,False
2024-11-09 18:00:00,26.0,62,1012.6,False,False,0.024811271920641476,0.054844417,0.7348646181928811,0.2750228171585032,0.5049437176756921,Low,False
2024-11-09 19:00:00,24.9,66,1013.1,False,False,0.06896091155069983,0.033558775,0.20991785822938847,0.10648007301490721,0.15819896562214783,Low,False
2024-11-09 20:00:00,24.5,67,1013.5,False,False,0.08021054610474432,0.045961253,0.08366291451171282,0.20444174018862185,0.14405232735016732,Low,False
2024-11-09 21:00:00,23.9,71,1013.8,False,False,0.07300289520388081,0.058323264,0.15804685123212658,0.2986005476118041,0.22832369942196534,Low,False
2024-11-09 22:00:00,23.1,75,1014.1,False,False,0.06038450941368717,0.070307106,0.3306966839062976,0.37663522969272895,0.3536659567995133,Low,False
2024-11-09 23:00:00,22.5,78,1014.2,False,False,0.06043778030531832,0.11297765,0.3300882263462124,0.6104350471554609,0.47026163675083665,Low,False
2024-11-10 00:00:00,22.1,80,1013.7,False,False,0.06183773647962293,0.06493861,0.31244295710374204,0.34453909339823546,0.3284910252509887,Low,False
2024-11-10 01:00:00,21.5,82,1013.3,False,False,0.06768570225671999,0.04607846,0.2289321569820505,0.2056586553087922,0.21729540614542137,Low,False
2024-11-10 02:00:00,20.8,85,1013.3,False,False,0.07145432638287025,0.037768066,0.17736537876483116,0.14177061149984788,0.15956799513233952,Low,False
2024-11-10 03:00:00,20.3,86,1013.2,False,False,0.07177137152692281,0.04621796,0.17219348950410707,0.20733191359902647,0.18976270155156677,Low,False
2024-11-10 04:00:00,19.9,88,1013.1,False,False,0.06768437207770672,0.055743184,0.22908427137207177,0.28110739275935503,0.2550958320657134,Low,False
2024-11-10 05:00:00,19.5,90,1013.4,False,False,0.06592925311379488,0.06307579,0.25357468816550044,0.3297839975661698,0.2916793428658351,Low,False
2024-11-10 06:00:00,19.1,94,1014.4,False,False,0.038941036755126335,0.09791765,0.5943109218132036,0.5377243687252814,0.5660176452692425,Low,False
2024-11-10 07:00:00,19.8,91,1015.0,False,False,0.056205968024820474,0.06374483,0.38454517797383636,0.3360206875570429,0.36028293276543966,Low,False
2024-11-10 08:00:00,22.1,81,1015.7,False,False,0.03525860051024404,0.07062236,0.6362944934590813,0.37922117432309094,0.5077578338910861,Low,False
2024-11-10 09:00:00,25.0,69,1016.3,False,False,0.01934160887773656,0.048941936,0.7754791603285671,0.22954061454213567,0.5025098874353514,Low,False
2024-11-10 10:00:00,27.9,58,1016.2,False,False,0.023293885404857606,0.045768123,0.7465774262245208,0.20246425311834498,0.4745208396714329,Low,False
2024-11-10 11:00:00,29.8,48,1015.4,False,False,0.02881932806355275,0.05213043,0.6960754487374505,0.25524794645573473,0.4756616975965926,Low,False
2024-11-10 12:00:00,30.8,44,1014.1,False,False,0.03335479952992676,0.063494705,0.653179190751445,0.33373897170672345,0.4934590812290842,Low,False
2024-11-10 13:00:00,31.4,42,1013.0,False,False,0.03727271840339347,0.047615506,0.6130209917858229,0.21965317919075145,0.4163370854882872,Low,False
2024-11-10 14:00:00,31.6,41,1012.3,False,False,0.044665774122665536,0.030537125,0.5295101916641314,0.0879221174323091,0.3087161545482202,Low,False
2024-11-10 15:00:00,31.6,40,1011.9,False,False,0.043351682946393355,0.035421785,0.5454822026163675,0.12275631274718589,0.3341192576817767,Low,False
2024-11-10 16:00:00,31.1,41,1011.9,False,False,0.04558737142213909,0.037289225,0.5188621843626406,0.1378156373592942,0.32833891086096745,Low,False
2024-11-10 17:00:00,28.4,51,1012.3,False,False,0.012970624140832165,0.05309299,0.8162458168542744,0.2607240644965014,0.5384849406753879,Low,False
2024-11-10 18:00:00,26.3,61,1013.1,False,False,0.02403511675549458,0.04610496,0.7417097657438394,0.2062671128688774,0.47398843930635837,Low,False
2024-11-10 19:00:00,25.2,64,1013.4,False,False,0.0648471293995656,0.057944,0.2678734408275023,0.29616671737146333,0.2820200790994828,Low,False
2024-11-10 20:00:00,24.6,68,1014.2,False,False,0.06703718696595307,0.03964732,0.2365378764831153,0.15774262245208398,0.19714024946759964,Low,False
2024-11-10 21:00:00,24.1,73,1014.8,False,False,0.06943616252859419,0.06473233,0.20307271067843014,0.3430179494980225,0.2730453300882263,Low,False
2024-11-10 22:00:00,23.6,75,1014.8,False,False,0.0665208187482334,0.1612552,0.24338302403407364,0.7651353818071189,0.5042592029205963,Low,False
2024-11-10 23:00:00,23.0,77,1014.7,False,False,0.058046109754560704,0.20542139,0.35975053240036503,0.8529053848494067,0.6063279586248859,Low,False
2024-11-11 00:00:00,22.2,81,1014.3,False,False,0.05816872561081565,0.11260914,0.3574688165500456,0.6076969881350776,0.48258290234256157,Low,False
2024-11-11 01:00:00,21.2,85,1013.6,False,False,0.05844758659587507,0.104512475,0.3524490416793429,0.5705810769698814,0.4615150593246121,Low,False
2024-11-11 02:00:00,20.7,87,1013.0,False,False,0.06776094678612721,0.107252076,0.228171585031944,0.584271372071798,0.406221478551871,Low,False
2024-11-11 03:00:00,20.2,90,1012.9,False,False,0.06693163390224499,0.092795804,0.2385153635533922,0.5100395497414055,0.37427745664739887,Low,False
2024-11-11 04:00:00,19.7,92,1013.2,False,False,0.06148358118582731,0.098251514,0.3163979312442957,0.5392455126254944,0.42782172193489504,Low,False
2024-11-11 05:00:00,19.4,93,1013.6,False,False,0.06311431263503986,0.096317925,0.29342865835108,0.5299665348341953,0.41169759659263766,Low,False
2024-11-11 06:00:00,19.7,93,1013.6,False,False,0.056619029329528225,0.12755895,0.3786127167630058,0.6683906297535747,0.5235016732582902,Low,False
2024-11-11 07:00:00,20.1,89,1014.4,False,False,0.057779325910666035,0.10215808,0.3632491633708549,0.5596288408883481,0.4614390021296015,Low,False
2024-11-11 08:00:00,22.3,78,1015.2,False,False,0.03162925457554461,0.118340686,0.6697596592637663,0.6326437480985702,0.6512017036811683,Low,False
2024-11-11 09:00:00,25.1,66,1015.5,False,False,0.030489436401383685,0.06399611,0.6799513233951933,0.33693337389717065,0.508442348646182,Low,False
2024-11-11 10:00:00,27.8,57,1015.5,False,False,0.03944201022878918,0.059891097,0.5888348037724369,0.3084879829631883,0.44866139336781263,Low,False
2024-11-11 11:00:00,29.7,47,1014.6,False,False,0.024921592209312726,0.067456774,0.7339519318527532,0.3597505324003651,0.5468512321265592,Low,False
2024-11-11 12:00:00,30.9,38,1013.5,False,False,0.006944060280021591,0.08430254,0.8526011560693642,0.4651658046851232,0.6588834803772436,Low,False
2024-11-11 13:00:00,31.4,34,1012.4,False,False,0.02552496266357418,0.055626858,0.7287800425920292,0.28004259202920595,0.5044113173106176,Low,False
2024-11-11 14:00:00,31.7,32,1011.5,False,False,0.012380356436786422,0.05599167,0.8208092485549133,0.282628536659568,0.5517188926072407,Low,False
2024-11-11 15:00:00,31.7,31,1011.2,False,False,0.022317863897009793,0.068775445,0.7535746881655004,0.3667477943413447,0.5601612412534226,Low,False
2024-11-11 16:00:00,31.1,30,1011.0,False,False,0.013314315996827752,0.084483206,0.813964101003955,0.46638271980529356,0.6401734104046243,Low,False
2024-11-11 17:00:00,27.7,38,1011.2,True,False,-0.005317566218468794,0.11146192,0.9070581076969881,0.6026772132643748,0.7548676604806814,Medium,True
2024-11-11 18:00:00,24.9,50,1011.7,True,False,-0.0051077373320065345,0.090891264,0.9059933069668391,0.4992394280498935,0.7026163675083663,Low,True
2024-11-11 19:00:00,24.9,46,1012.2,False,False,0.05949190596073778,0.26576075,0.3407362336477031,0.9143595984180103,0.6275479160328568,Low,False
2024-11-11 20:00:00,24.4,47,1012.7,False,False,0.049219155929288716,0.1506793,0.47398843930635837,0.7397322786735625,0.6068603589899604,Low,False
2024-11-11 21:00:00,23.0,53,1013.2,False,False,0.02878267693748565,0.1520421,0.696836020687557,0.7427745664739884,0.7198052935807727,Low,False
2024-11-11 22:00:00,21.9,60,1013.2,False,False,0.038621676489301704,0.24121968,0.5973532096136295,0.8956495284453909,0.7465013690295101,Low,False
2024-11-11 23:00:00,20.8,69,1013.4,False,False,0.034951711146329556,0.2187621,0.639793124429571,0.8731365987222391,0.7564648615759051,Medium,False
2024-11-12 00:00:00,20.0,74,1013.1,False,False,0.047945961581385255,0.14313935,0.49132947976878616,0.7178278065104959,0.604578643139641,Low,False
2024-11-12 01:00:00,19.2,82,1013.0,False,False,0.03716159406719233,0.11985664,0.6146942500760573,0.6405536963796775,0.6276239732278674,Low,False
2024-11-12 02:00:00,18.2,90,1012.8,False,False,0.02137551745789179,0.13232246,0.7614846364466079,0.6867964709461515,0.7241405536963796,Low,False
2024-11-12 03:00:00,17.7,93,1012.9,False,False,0.039976241648221444,0.1491367,0.5829023425616063,0.7362336477030728,0.6595679951323395,Low,False
2024-11-12 04:00:00,17.4,94,1012.7,False,False,0.02468013615719028,0.21932916,0.736385762093094,0.8737450562823244,0.8050654091877092,Medium,False
2024-11-12 05:00:00,17.2,94,1012.9,False,False,0.02670946769808602,0.19931833,0.7175235777304533,0.8454517797383633,0.7814876787344083,Medium,False
2024-11-12 06:00:00,17.3,97,1014.0,True,False,-0.0056196306379537875,0.17712887,0.9078186796470946,0.8078795254031031,0.8578491025250989,Medium,True
2024-11-12 07:00:00,17.5,97,1014.8,False,False,0.009801237275132213,0.17854694,0.8352601156069364,0.8103133556434439,0.8227867356251901,Medium,False
2024-11-12 08:00:00,19.6,87,1015.4,True,False,-0.01217140224689861,0.25862083,0.9301794949802251,0.9093398235473076,0.9197596592637663,High,True
2024-11-12 09:00:00,23.1,72,1015.9,True,False,-0.008654148520562899,0.18948087,0.9190751445086706,0.8303924551262549,0.8747337998174627,Medium,True
2024-11-12 10:00:00,26.4,58,1015.8,True,False,-0.006037315092535245,0.16371457,0.9093398235473076,0.7736537876483115,0.8414968055978096,Medium,True
2024-11-12 11:00:00,28.3,47,1015.1,False,False,0.005208393856204918,0.17848581,0.860206875570429,0.8098570124733799,0.8350319440219045,Medium,False
2024-11-12 12:00:00,29.4,40,1014.0,False,False,0.008096263486874866,0.15203689,0.8449954365682993,0.7426224520839672,0.7938089443261332,Medium,False
2024-11-12 13:00:00,30.1,36,1013.0,True,False,-0.0004438193987886807,0.10554975,0.8877395801642836,0.5759050806206267,0.7318223303924551,Low,True
2024-11-12 14:00:00,30.3,34,1012.3,False,False,0.009269347424009089,0.07274474,0.838150289017341,0.3970185579555826,0.6175844234864618,Low,False
2024-11-12 15:00:00,30.0,34,1011.9,False,False,0.021536920797471715,0.053214747,0.7601156069364162,0.26224520839671434,0.5111804076665653,Low,False
2024-11-12 16:00:00,29.1,37,1011.9,False,False,0.028772277179505923,0.037483554,0.6969881350775784,0.13918466686948586,0.4180864009735321,Low,False
2024-11-12 17:00:00,26.1,48,1012.2,False,False,0.004053411250320826,0.08076221,0.8655308792211743,0.4452388195923334,0.6553848494067539,Low,False
2024-11-12 18:00:00,24.5,53,1013.1,False,False,0.0311206133553949,0.053782128,0.674170976574384,0.2669607544873745,0.4705658655308792,Low,False
2024-11-12 19:00:00,23.2,59,1013.6,False,False,0.054685710734784676,0.07788488,0.4027989047763918,0.4288104654700335,0.41580468512321267,Low,False
2024-11-12 20:00:00,22.3,65,1013.9,False,False,0.06009899687254683,0.10640711,0.3335868573167021,0.5806206267112869,0.4571037420139945,Low,False
2024-11-12 21:00:00,21.6,70,1014.3,False,False,0.06108185570079083,0.111538574,0.3211134773349559,0.6032856708244599,0.4621995740797079,Low,False
2024-11-12 22:00:00,20.6,75,1013.9,False,False,0.04648039728258918,0.25104904,0.5085184058411926,0.9046242774566474,0.70657134164892,Low,False
2024-11-12 23:00:00,19.8,81,1013.5,False,False,0.03540773441625916,0.29516646,0.6347733495588683,0.9288104654700334,0.7817919075144508,Medium,False
2024-11-13 00:00:00,19.3,85,1013.1,False,False,0.041598471643094936,0.11057672,0.5646486157590508,0.5993306966839063,0.5819896562214786,Low,False
2024-11-13 01:00:00,18.9,89,1012.8,False,False,0.04299430210795985,0.12701575,0.5491329479768786,0.6647398843930635,0.6069364161849711,Low,False
2024-11-13 02:00:00,18.6,90,1012.4,False,False,0.047081157151324216,0.16211195,0.5027380590203834,0.767721326437481,0.6352296927289323,Low,False
2024-11-13 03:00:00,18.2,91,1012.2,False,False,0.04739988915270299,0.17333296,0.4986309704898083,0.7978399756616976,0.6482354730757529,Low,False
2024-11-13 04:00:00,17.7,93,1012.3,False,False,0.04782584069325674,0.17282124,0.49269850927897774,0.7964709461515059,0.6445847277152419,Low,False
2024-11-13 05:00:00,17.5,94,1012.6,False,False,0.052599402524766026,0.18063627,0.4297231518101612,0.815028901734104,0.6223760267721326,Low,False
2024-11-13 06:00:00,17.4,100,1013.6,False,False,0.0071510937410679265,0.20944758,0.8509278977791299,0.8583815028901735,0.8546547003346516,Medium,False
2024-11-13 07:00:00,17.1,99,1014.1,False,False,0.042287315647555446,0.16756646,0.5574992394280499,0.7829327654396105,0.6702160024338302,Low,False
2024-11-13 08:00:00,18.5,97,1014.6,False,False,0.028362235187518237,0.19907498,0.7015515667782173,0.8449954365682993,0.7732735016732584,Medium,False
2024-11-13 09:00:00,22.0,82,1015.1,False,False,0.0009850021930406516,0.2173146,0.8799817462731975,0.8703985397018558,0.8751901429875266,Medium,False
2024-11-13 10:00:00,25.5,63,1014.7,False,False,0.004364468710054081,0.2308391,0.8643139641010039,0.8850015211439002,0.874657742622452,Medium,False
2024-11-13 11:00:00,27.3,52,1014.0,False,False,0.011611503633756015,0.1785235,0.8256769090355948,0.8100091268634013,0.817843017949498,Medium,False
2024-11-13 12:00:00,28.3,46,1013.0,False,False,0.02422957846863677,0.12780394,0.740036507453605,0.6696075448737451,0.7048220261636751,Low,False
2024-11-13 13:00:00,28.9,42,1011.8,False,False,0.012253323406676508,0.10183252,0.8215698205050198,0.5574992394280499,0.6895345299665349,Low,False
2024-11-13 14:00:00,29.2,40,1010.8,False,False,0.00889494032216831,0.07633858,0.8398235473075752,0.4177061149984789,0.6287648311530271,Low,False
2024-11-13 15:00:00,28.8,41,1010.4,False,False,0.01958206201848539,0.037865028,0.7735016732582902,0.14253118344995436,0.45801642835412226,Low,False
2024-11-13 16:00:00,28.0,42,1010.4,False,False,0.023643637035323406,0.042035796,0.7445999391542439,0.17690903559476726,0.4607544873745056,Low,False
2024-11-13 17:00:00,25.7,51,1010.6,False,False,0.010685878856955655,0.035892114,0.8317614846364466,0.12671128688773958,0.4792363857620931,Low,False
2024-11-13 18:00:00,23.8,59,1011.9,False,False,0.014653621077575785,0.03478563,0.805293580772741,0.11606327958624886,0.46067843017949495,Low,False
2024-11-13 19:00:00,23.9,58,1012.2,False,False,0.07072800301648158,0.09414444,0.1874049285062367,0.5182537268025555,0.3528293276543961,Low,False
2024-11-13 20:00:00,23.3,60,1012.6,False,False,0.06602072012521604,0.04877647,0.25144508670520227,0.22771524186188014,0.2395801642835412,Low,False
2024-11-13 21:00:00,22.3,64,1012.9,False,False,0.06234697511285714,0.06670323,0.30544569516276243,0.35609978703985395,0.33077274110130817,Low,False
2024-11-13 22:00:00,21.1,69,1013.2,False,False,0.056399768949993656,0.112826765,0.38195923334347426,0.6092181320352905,0.4955886826893824,Low,False
2024-11-13 23:00:00,20.1,73,1013.1,False,False,0.054608052642513616,0.20474648,0.40371159111651966,0.851992698509279,0.6278521448128993,Low,False
2024-11-14 00:00:00,19.5,75,1012.9,False,False,0.06619334312516656,0.13375606,0.248707027684819,0.6907514450867052,0.4697292363857621,Low,False
2024-11-14 01:00:00,18.7,79,1012.8,False,False,0.06675527002645026,0.08944308,0.24049285062366899,0.4922421661089139,0.36636750836629145,Low,False
2024-11-14 02:00:00,17.9,83,1012.7,False,False,0.06641695638885298,0.05834961,0.24459993915424394,0.29890477639184665,0.2717523577730453,Low,False
2024-11-14 03:00:00,17.4,86,1012.8,False,False,0.07423416329112553,0.042867586,0.14344386979008217,0.1832978399756617,0.16337085488287195,Low,False
2024-11-14 04:00:00,16.9,88,1013.0,False,False,0.0755608747820144,0.036738575,0.12944934590812296,0.1334043200486766,0.1314268329783998,Low,False
2024-11-14 05:00:00,16.9,88,1013.3,False,False,0.07793586744380726,0.03978766,0.10602372984484332,0.15956799513233952,0.13279586248859143,Low,False
2024-11-14 06:00:00,17.3,92,1014.6,False,False,0.028035004952332132,0.06851417,0.7048980833586858,0.365378764831153,0.5351384240949194,Low,False
2024-11-14 07:00:00,17.6,91,1015.4,False,False,0.044116398197592444,0.044416934,0.5360511104350472,0.1936416184971098,0.3648463644660785,Low,False
2024-11-14 08:00:00,19.9,79,1016.3,False,False,0.00016478605106529098,0.041077867,0.8848494067538789,0.17052023121387283,0.5276848189838759,Low,False
2024-11-14 09:00:00,23.2,64,1016.8,True,False,-0.0032141122361546426,0.051315513,0.8989960450258594,0.24885914207484028,0.5739275935503498,Low,True
2024-11-14 10:00:00,26.1,52,1016.9,True,False,-0.0037255630005356144,0.039469875,0.9006693033160937,0.15591724977182841,0.5282932765439611,Low,True
2024-11-14 11:00:00,27.9,43,1016.2,False,False,0.014187204791405006,0.019070303,0.8080316397931244,0.027532704593854578,0.4177821721934895,Low,False
2024-11-14 12:00:00,29.1,37,1015.3,False,False,0.019158063989815788,0.02073807,0.7765439610587161,0.03331305141466383,0.40492850623668997,Low,False
2024-11-14 13:00:00,29.8,34,1014.2,False,False,0.020563392769525846,0.02993402,0.7675692120474598,0.08472771524186189,0.4261484636446608,Low,False
2024-11-14 14:00:00,30.0,32,1013.3,False,False,0.026223812102487476,0.031120738,0.7220870094310922,0.0920292059628841,0.40705810769698814,Low,False
2024-11-14 15:00:00,29.7,31,1012.9,False,False,0.04341752347751249,0.025042467,0.5444174018862185,0.05582598113781564,0.30012169151201706,Low,False
2024-11-14 16:00:00,28.9,32,1012.8,False,False,0.039293588589580264,0.021439439,0.5906601764526924,0.03742013994523882,0.31404015819896564,Low,False
2024-11-14 17:00:00,26.4,36,1013.0,False,False,0.024883940273453253,0.067133844,0.7342561606327959,0.3580772741101308,0.5461667173714633,Low,False
2024-11-14 18:00:00,24.2,47,1014.2,True,False,-0.006654466757183175,0.09493788,0.912077882567691,0.5223608153331305,0.7172193489504107,Low,True
2024-11-14 19:00:00,23.0,53,1014.8,False,False,0.04641004464038717,0.043822445,0.509278977791299,0.1899908731365987,0.34963492546394886,Low,False
2024-11-14 20:00:00,22.1,60,1015.3,False,False,0.05413629867761899,0.11309139,0.4097961667173715,0.61149984788561,0.5106480073014907,Low,False
2024-11-14 21:00:00,21.4,65,1015.6,False,False,0.05590726008647423,0.14783013,0.38773958016428356,0.7313659872223912,0.5595527836933374,Low,False
2024-11-14 22:00:00,20.9,67,1015.8,False,False,0.05445372345483229,0.12336472,0.40629753574688166,0.6534834195314877,0.5298904776391846,Low,False
2024-11-14 23:00:00,20.3,70,1015.4,False,True,0.047654567568009676,0.3946776,0.49467599634925463,0.9653179190751445,0.7299969577121996,Low,True
2024-11-15 00:00:00,19.7,73,1014.8,False,False,0.05635605008872652,0.18973567,0.38271980529358074,0.8310009126863401,0.6068603589899604,Low,False
2024-11-15 01:00:00,18.9,78,1014.6,False,False,0.057272867173262076,0.10489897,0.36933373897170674,0.5721022208700943,0.47071797992090053,Low,False
2024-11-15 02:00:00,18.4,81,1014.3,False,False,0.06181619712150627,0.09108772,0.31289930027380586,0.5006084575600852,0.40675387891694553,Low,False
2024-11-15 03:00:00,17.9,83,1013.9,False,False,0.06549520673554732,0.10286754,0.25874657742622453,0.5623668999087313,0.41055673866747794,Low,False
2024-11-15 04:00:00,17.0,87,1014.0,False,False,0.060751260471179624,0.0792088,0.32628536659567997,0.43595984180103436,0.3811226041983572,Low,False
2024-11-15 05:00:00,16.4,90,1014.1,False,False,0.05547285777251876,0.10667773,0.39169455430483724,0.5819896562214786,0.4868421052631579,Low,False
2024-11-15 06:00:00,16.7,94,1015.3,False,False,0.010824641547778624,0.16267912,0.8306966839062975,0.769242470337694,0.7999695771219957,Medium,False
2024-11-15 07:00:00,16.9,93,1015.6,False,False,0.05715832234120444,0.1287912,0.37039853970185577,0.6740188621843627,0.5222087009431092,Low,False
2024-11-15 08:00:00,19.2,82,1016.3,False,False,0.024068555760830224,0.13846025,0.7414055369637969,0.7052023121387283,0.7233039245512626,Low,False
2024-11-15 09:00:00,22.3,68,1016.8,False,False,0.027846407858863997,0.09761493,0.7076361423790691,0.5362032248250684,0.6219196836020688,Low,False
2024-11-15 10:00:00,25.4,54,1016.8,False,False,0.027854974281739053,0.08184833,0.7074840279890477,0.45208396714329174,0.5797839975661697,Low,False
2024-11-15 11:00:00,27.5,43,1016.1,False,False,0.020213219330127374,0.08414023,0.7695466991177365,0.46410100395497417,0.6168238515363553,Low,False
2024-11-15 12:00:00,28.7,36,1014.9,False,False,0.018443818002185197,0.07440454,0.7821721934895041,0.40644965013690293,0.5943109218132034,Low,False
2024-11-15 13:00:00,29.2,34,1013.6,False,False,0.029450355011670093,0.082716644,0.6904472163066626,0.4557347125038029,0.5730909644052328,Low,False
2024-11-15 14:00:00,29.4,32,1012.8,False,False,0.029768787541530173,0.046102613,0.6871006997261941,0.2061149984788561,0.4466078491025251,Low,False
2024-11-15 15:00:00,29.1,32,1012.2,False,False,0.03224504732503397,0.04729492,0.6630666261028293,0.2170672345603894,0.4400669303316094,Low,False
2024-11-15 16:00:00,28.4,33,1012.0,False,False,0.029400169594389458,0.046853717,0.6910556738667478,0.2138728323699422,0.45246425311834504,Low,False
2024-11-15 17:00:00,26.1,40,1012.1,False,False,0.00338607150097614,0.061992615,0.8691816245816855,0.32324307879525405,0.5962123516884698,Low,False
2024-11-15 18:00:00,23.3,49,1013.2,False,False,0.005960189581803055,0.04308648,0.8580772741101308,0.18451475509583207,0.5212960146029815,Low,False
2024-11-15 19:00:00,22.6,50,1013.5,False,False,0.06948629085216579,0.092366084,0.20231213872832365,0.5073014907210223,0.35480681472467296,Low,False
2024-11-15 20:00:00,21.4,54,1013.7,False,False,0.05949029593204991,0.13749556,0.3408883480377244,0.7017036811682386,0.5212960146029815,Low,False
2024-11-15 21:00:00,20.6,60,1013.7,False,False,0.05682451758790669,0.18323343,0.37496197140249465,0.8198965622147856,0.5974292668086401,Low,False
2024-11-15 22:00:00,19.6,68,1013.5,False,False,0.049775107809051755,0.22875133,0.46638271980529356,0.882871919683602,0.6746273197444478,Low,False
2024-11-15 23:00:00,18.9,72,1013.5,False,False,0.05637115133503162,0.2506304,0.3824155765135382,0.9038637055065409,0.6431396410100396,Low,False
2024-11-16 00:00:00,18.2,76,1013.2,False,False,0.054737475874456154,0.12247742,0.4021904472163067,0.6498326741709766,0.5260115606936416,Low,False
2024-11-16 01:00:00,17.7,79,1013.0,False,False,0.058758403365574696,0.12680255,0.3492546394888957,0.6642835412229997,0.5067690903559476,Low,False
2024-11-16 02:00:00,17.0,83,1012.8,False,False,0.05325404780634424,0.13204905,0.4215089747490113,0.686035898996045,0.5537724368725281,Low,False
2024-11-16 03:00:00,16.8,84,1013.2,False,False,0.06232322298058629,0.14454637,0.3055978095527837,0.721478551871007,0.5135381807118953,Low,False
2024-11-16 04:00:00,16.6,88,1013.4,False,False,0.05490626583685304,0.13226771,0.40051718892607235,0.6864922421661089,0.5435047155460906,Low,False
2024-11-16 05:00:00,16.2,90,1013.7,False,False,0.05489088133561937,0.12597105,0.400821417706115,0.6621539397627015,0.5314876787344083,Low,False
2024-11-16 06:00:00,16.7,94,1014.6,False,False,0.02813056159118671,0.13974671,0.7038332826285367,0.708092485549133,0.7059628840888348,Low,False
2024-11-16 07:00:00,16.9,89,1014.6,False,False,0.04863356011598646,0.20777524,0.4820505019774871,0.8562519014298753,0.6691512017036811,Low,False
2024-11-16 08:00:00,19.0,77,1014.6,False,False,0.03312756526714661,0.26357514,0.6554609066017645,0.912686340127776,0.7840736233647703,Medium,False
2024-11-16 09:00:00,21.7,67,1015.0,False,False,0.0458081173480579,0.10575449,0.5164283541223,0.5774262245208397,0.5469272893215699,Low,False
2024-11-16 10:00:00,24.4,57,1014.9,False,False,0.04715367102593837,0.07145346,0.5018253726802555,0.3856099787039854,0.44371767569212045,Low,False
2024-11-16 11:00:00,26.2,48,1014.1,False,False,0.03354404996457683,0.08776332,0.651049589291147,0.4840279890477639,0.5675387891694554,Low,False
2024-11-16 12:00:00,27.7,41,1013.1,False,False,0.0285186780627103,0.07553649,0.699421965317919,0.4126863401277761,0.5560541527228475,Low,False
2024-11-16 13:00:00,28.5,36,1012.0,False,False,0.02389078445912468,0.048398193,0.7429266808640098,0.22436872528141164,0.4836477030727107,Low,False
2024-11-16 14:00:00,28.6,34,1011.5,False,False,0.042273233000952926,0.021714076,0.5576513538180712,0.03894128384545178,0.2982963188317615,Low,False
2024-11-16 15:00:00,28.3,33,1011.2,False,False,0.04104221674824826,0.0221584,0.5710374201399453,0.04046242774566474,0.30574992394280504,Low,False
2024-11-16 16:00:00,27.6,34,1011.1,False,False,0.03949384773245679,0.019100219,0.5886826893824155,0.02783693337389717,0.30825981137815633,Low,False
2024-11-16 17:00:00,25.3,41,1011.5,False,False,0.011154032132167868,0.02396437,0.827350167325829,0.049741405536963795,0.4385457864313964,Low,False
2024-11-16 18:00:00,22.5,55,1012.3,False,False,0.015791243851193737,0.05675818,0.7990568907818679,0.28840888348037724,0.5437328871311226,Low,False
2024-11-16 19:00:00,22.2,56,1013.0,False,False,0.06778961269783895,0.040727228,0.22786735625190147,0.16717371463340433,0.1975205354426529,Low,False
2024-11-16 20:00:00,21.0,63,1013.7,False,False,0.054570222460799844,0.027786376,0.40447216306662614,0.07210222087009431,0.23828719196836023,Low,False
2024-11-16 21:00:00,20.0,69,1014.1,False,False,0.06954403514949453,0.05616423,0.20185579555825983,0.2839975661697597,0.24292668086400976,Low,False
2024-11-16 22:00:00,19.3,76,1014.3,False,False,0.05553944259766547,0.11390394,0.3907818679647095,0.6153027076361424,0.5030422878004259,Low,False
2024-11-16 23:00:00,18.7,81,1014.3,False,False,0.05396806862097275,0.17296146,0.4125342257377548,0.7966230605415272,0.6045786431396409,Low,False
2024-11-17 00:00:00,18.1,86,1014.0,False,False,0.057050715157569654,0.08640934,0.37176756921204746,0.47855187100699725,0.42515972010952235,Low,False
2024-11-17 01:00:00,17.1,91,1013.7,False,False,0.041834495153973805,0.08232299,0.5616063279586249,0.4542135686035899,0.5079099482811074,Low,False
2024-11-17 02:00:00,16.2,93,1013.5,False,False,0.04554292572705332,0.090406045,0.5193185275327046,0.49741405536963795,0.5083662914511713,Low,False
2024-11-17 03:00:00,16.0,93,1013.7,False,False,0.05244435273741038,0.08743951,0.4327654396105871,0.48296318831761487,0.457864313964101,Low,False
2024-11-17 04:00:00,15.3,96,1013.7,False,False,0.040711565487837165,0.10801833,0.5742318223303924,0.5886826893824155,0.581457255856404,Low,False
2024-11-17 05:00:00,14.6,98,1014.1,False,False,0.03700226448377891,0.110225506,0.616671737146334,0.5972010952236082,0.6069364161849711,Low,False
2024-11-17 06:00:00,15.3,100,1014.7,False,False,0.014337443986918219,0.14995494,0.8071189534529967,0.7374505628232431,0.7722847581381198,Medium,False
2024-11-17 07:00:00,15.8,100,1015.4,False,False,0.00872890708732793,0.15582098,0.8410404624277457,0.752814116215394,0.7969272893215698,Medium,False
2024-11-17 08:00:00,16.7,98,1016.3,True,False,-0.004177072892792011,0.19261399,0.9020383328262853,0.8351080012169151,0.8685731670216001,Medium,True
2024-11-17 09:00:00,17.7,96,1017.1,False,False,0.00016910216989174387,0.30920702,0.8846972923638576,0.9359598418010344,0.910328567082446,High,False
2024-11-17 10:00:00,20.6,81,1017.3,True,False,-0.02715544928257818,0.237408,0.9666869485853362,0.892607240644965,0.9296470946151506,High,True
2024-11-17 11:00:00,23.3,68,1016.7,True,False,-0.017240847231544953,0.21248493,0.947064192272589,0.8637055065409188,0.9053848494067539,High,True
2024-11-17 12:00:00,25.1,54,1015.5,True,False,-0.014433999283947951,0.26271802,0.9380894432613325,0.9117736537876483,0.9249315485244904,High,True
2024-11-17 13:00:00,26.1,45,1014.2,True,False,-0.0007036685443669866,0.17752811,0.8888043808944326,0.8086400973532096,0.8487222391238212,Medium,True
2024-11-17 14:00:00,26.6,39,1013.4,False,False,0.014390615107656435,0.10767172,0.806814724672954,0.5865530879221175,0.6966839062975357,Low,False
2024-11-17 15:00:00,26.5,37,1013.0,False,False,0.022260645869570383,0.065009505,0.7540310313355644,0.34499543656829934,0.5495132339519319,Low,False
2024-11-17 16:00:00,25.8,38,1012.8,False,False,0.02198909723688497,0.050017547,0.7573775479160328,0.23866747794341345,0.49802251292972316,Low,False
2024-11-17 17:00:00,23.1,46,1013.1,False,False,0.01080111306105791,0.1124935,0.8308487982963189,0.6072406449650137,0.7190447216306664,Low,False
2024-11-17 18:00:00,20.7,59,1014.0,False,False,0.000719377624229578,0.083824046,0.8811986613933678,0.4630362032248251,0.6721174323090964,Low,False
2024-11-17 19:00:00,19.6,66,1014.8,False,False,0.04176998241177582,0.05707405,0.5622147855187101,0.2905384849406754,0.4263766352296927,Low,False
2024-11-17 20:00:00,18.6,72,1015.1,False,False,0.05711861447109268,0.10149629,0.3713112260419835,0.5562823243078795,0.4637967751749315,Low,False
2024-11-17 21:00:00,18.5,73,1015.4,False,False,0.05643532158966691,0.08200091,0.38135077578338916,0.4528445390933982,0.41709765743839367,Low,False
2024-11-17 22:00:00,18.1,74,1015.5,False,False,0.05104698075780356,0.114124365,0.4508670520231214,0.6159111651962276,0.5333891086096745,Low,False
2024-11-17 23:00:00,17.7,76,1015.5,False,False,0.0435906716267056,0.16202419,0.5422878004259203,0.7672649832674171,0.6547763918466687,Low,False
2024-11-18 00:00:00,17.3,78,1015.2,False,False,0.0485708796832946,0.16311215,0.4828110739275936,0.770307271067843,0.6265591724977183,Low,False
2024-11-18 01:00:00,15.8,85,1014.9,False,False,0.030811003626077582,0.09980313,0.6769090355947673,0.5479160328567082,0.6124125342257378,Low,False
2024-11-18 02:00:00,15.2,87,1015.0,False,False,0.06860674363230163,0.053363588,0.21600243383024031,0.26391846668694857,0.23996045025859444,Low,False
2024-11-18 03:00:00,15.0,87,1015.1,False,False,0.07838936579046757,0.0474911,0.09917858229388499,0.21858837846060236,0.15888348037724367,Low,False
2024-11-18 04:00:00,14.8,87,1015.2,False,False,0.08087326070957768,0.03851515,0.07864313964101,0.14633404320048676,0.11248859142074838,Low,False
2024-11-18 05:00:00,14.4,88,1015.6,False,False,0.08102644715456392,0.02387832,0.07636142379069055,0.04928506236689991,0.06282324307879524,Low,False
2024-11-18 06:00:00,14.2,90,1015.9,False,False,0.07801259370743052,0.014891988,0.10511104350471556,0.014450867052023121,0.05978095527836934,Low,False
2024-11-18 07:00:00,14.4,90,1016.5,False,False,0.06715336774768876,0.0108823525,0.23501673258290234,0.00532400365074536,0.12017036811682386,Low,False
2024-11-18 08:00:00,16.9,80,1017.2,False,False,0.023449396751772378,0.06133182,0.7452083967143293,0.31883176148463643,0.5320200790994829,Low,False
2024-11-18 09:00:00,20.6,64,1017.8,False,False,0.002927700987991222,0.07736836,0.8707027684818984,0.4247033769394585,0.6477030727106785,Low,False
2024-11-18 10:00:00,23.4,51,1017.8,False,False,0.01701941920956157,0.048968107,0.7902342561606328,0.22999695771219958,0.5101156069364162,Low,False
2024-11-18 11:00:00,25.2,42,1017.3,False,False,0.015844011539345115,0.04391125,0.7986005476118041,0.1909035594767265,0.4947520535442653,Low,False
2024-11-18 12:00:00,26.2,34,1016.0,False,False,0.009798789128499297,0.04368613,0.8354122299969577,0.18877395801642835,0.512093094006693,Low,False
2024-11-18 13:00:00,26.9,30,1015.1,False,False,0.01912682193991755,0.024650903,0.7768481898387587,0.0533921508974749,0.41512017036811677,Low,False
2024-11-18 14:00:00,27.0,28,1014.5,False,False,0.021125437478529352,0.02892013,0.7634621235168847,0.07955582598113782,0.4215089747490113,Low,False
2024-11-18 15:00:00,26.6,28,1014.1,False,False,0.031956734192936764,0.03370097,0.6658046851232127,0.10800121691512017,0.38690295101916644,Low,False
2024-11-18 16:00:00,25.7,30,1014.2,False,False,0.025621349150631245,0.05158104,0.7271067843017949,0.25098874353513845,0.48904776391846666,Low,False
2024-11-18 17:00:00,22.5,40,1014.6,False,False,0.013106039007320436,0.119724415,0.8151810161241253,0.639793124429571,0.7274870702768481,Low,False
2024-11-18 18:00:00,21.6,44,1015.1,False,False,0.04578511030392024,0.06414868,0.5170368116823851,0.33784606023729846,0.4274414359598418,Low,False
2024-11-18 19:00:00,20.2,48,1015.6,False,False,0.04255201065141684,0.084024526,0.5541527228475813,0.46379677517493156,0.5089747490112564,Low,False
2024-11-18 20:00:00,18.8,54,1016.1,False,False,0.03399116380450373,0.09353596,0.6478551871006997,0.5147550958320657,0.5813051414663827,Low,False
2024-11-18 21:00:00,17.9,59,1016.5,False,False,0.044905643578419974,0.10505384,0.5266200182537268,0.5731670216002434,0.5498935199269851,Low,False
2024-11-18 22:00:00,17.3,62,1016.7,False,False,0.055970985499832426,0.13598648,0.3869790082141771,0.6966839062975357,0.5418314572558565,Low,False
2024-11-18 23:00:00,16.9,64,1016.5,False,False,0.05720944759845897,0.21447118,0.3700943109218132,0.8670520231213873,0.6185731670216003,Low,False
2024-11-19 00:00:00,16.7,65,1016.1,False,False,0.05238278317205175,0.1065463,0.4339823547307575,0.5813811986613934,0.5076817766960755,Low,False
2024-11-19 01:00:00,15.9,68,1016.1,False,False,0.062421719223318684,0.071519546,0.304228780042592,0.3862184362640706,0.3452236081533313,Low,False
2024-11-19 02:00:00,15.5,70,1015.8,False,False,0.06340545431646671,0.03976103,0.28871311226041985,0.15926376635229691,0.22398843930635837,Low,False
2024-11-19 03:00:00,15.0,72,1015.8,False,False,0.07463796925085958,0.023770995,0.1394888956495285,0.048676604806814724,0.09408275022817161,Low,False
2024-11-19 04:00:00,14.4,75,1015.7,False,False,0.07041057187718408,0.019907724,0.19105567386674782,0.030270763614237906,0.11066321874049287,Low,False
2024-11-19 05:00:00,14.2,76,1016.0,False,False,0.07608876667165199,0.025837615,0.12458168542744141,0.05932461210830545,0.09195314876787343,Low,False
2024-11-19 06:00:00,12.9,83,1016.7,False,False,0.023961194453020918,0.049952473,0.7426224520839672,0.23821113477334957,0.49041679342865835,Low,False
2024-11-19 07:00:00,12.6,84,1017.5,False,False,0.031588057471569064,0.03973725,0.6705202312138728,0.15880742318223304,0.41466382719805295,Low,False
2024-11-19 08:00:00,15.7,70,1018.3,False,False,0.007959094140706613,0.067846715,0.8459081229084271,0.36203224825068453,0.6039701855795558,Low,False
2024-11-19 09:00:00,20.0,54,1019.1,False,False,0.000799460692791909,0.07961112,0.8808944326133252,0.43763310009126866,0.6592637663522969,Low,False
2024-11-19 10:00:00,23.2,42,1019.0,False,False,0.019088146408492213,0.022337675,0.7771524186188014,0.041375114085792516,0.40926376635229694,Low,False
2024-11-19 11:00:00,25.1,35,1018.5,False,False,0.03600554711731846,0.022830095,0.626407058107697,0.044113173106175844,0.3352601156069364,Low,False
2024-11-19 12:00:00,26.2,31,1017.4,False,False,0.02999338715314226,0.024388209,0.6842105263157895,0.05247946455734712,0.3683449954365683,Low,False
2024-11-19 13:00:00,26.8,27,1016.4,False,False,0.023388319244552647,0.02356519,0.7455126254943718,0.04791603285670824,0.39671432917554,Low,False
2024-11-19 14:00:00,27.0,25,1015.8,False,False,0.03421262766320998,0.02208544,0.6457255856404016,0.040310313355643446,0.34301794949802256,Low,False
2024-11-19 15:00:00,26.5,26,1015.2,False,False,0.037803447967146575,0.040100038,0.6081533313051415,0.16245816854274414,0.38530574992394284,Low,False
2024-11-19 16:00:00,25.5,29,1015.2,False,False,0.04057898522465725,0.03498781,0.5763614237906907,0.11880133860663218,0.34758138119866144,Low,False
2024-11-19 17:00:00,22.8,37,1015.5,False,False,0.021558089769045663,0.06978519,0.7593550349863097,0.3732887131122604,0.566321874049285,Low,False
2024-11-19 18:00:00,22.4,36,1016.0,False,False,0.06541467053963035,0.053400405,0.25981137815637356,0.2640705810769699,0.26194097961667173,Low,False
2024-11-19 19:00:00,20.4,42,1016.4,False,False,0.044083584366463424,0.04988734,0.5365074536051111,0.2374505628232431,0.3869790082141771,Low,False
2024-11-19 20:00:00,18.7,50,1016.7,False,False,0.041638398084479444,0.0389087,0.5635838150289018,0.14998478856099787,0.3567843017949498,Low,False
2024-11-19 21:00:00,17.4,56,1017.0,False,False,0.05731516027801875,0.03617485,0.3690295101916641,0.12853665956799512,0.24878308487982959,Low,False
2024-11-19 22:00:00,16.6,59,1016.9,False,False,0.06858249436522584,0.09839803,0.21645877700030425,0.5400060845756008,0.37823243078795254,Low,False
2024-11-19 23:00:00,16.0,61,1016.8,False,False,0.06643703122908051,0.122274704,0.2442957103742014,0.6492242166108914,0.4467599634925464,Low,False
2024-11-20 00:00:00,15.7,62,1016.2,False,False,0.0590160435104537,0.05000137,0.34697292363857624,0.23851536355339215,0.2927441435959842,Low,False
2024-11-20 01:00:00,15.4,63,1015.8,False,False,0.06244305636195424,0.040783398,0.30346820809248554,0.16808640097353209,0.23577730453300882,Low,False
2024-11-20 02:00:00,14.9,64,1015.5,False,False,0.06304317395004178,0.04714594,0.29449345908122904,0.21600243383024034,0.2552479464557347,Low,False
2024-11-20 03:00:00,14.6,65,1015.0,False,False,0.058042021975381164,0.080886684,0.3599026467903864,0.4461515059324612,0.4030270763614238,Low,False
2024-11-20 04:00:00,14.4,67,1015.0,False,False,0.07194418434293998,0.090131536,0.16930331609370242,0.4960450258594463,0.33267417097657437,Low,False
2024-11-20 05:00:00,13.7,71,1015.1,False,False,0.06990385817787476,0.07601599,0.19653179190751446,0.41496805597809555,0.305749923942805,Low,False
2024-11-20 06:00:00,12.2,83,1016.0,True,False,-0.011659572857969813,0.11183826,0.9283541222999696,0.6037420139945239,0.7660480681472468,Medium,True
2024-11-20 07:00:00,12.3,83,1016.6,False,False,0.05194113835300734,0.09622067,0.44082750228171586,0.5290538484940676,0.4849406753878917,Low,False
2024-11-20 08:00:00,14.8,73,1017.2,False,False,0.04315599893194866,0.12925255,0.5474596896866444,0.6761484636446607,0.6118040766656525,Low,False
2024-11-20 09:00:00,19.5,55,1017.7,False,False,0.02561521940420347,0.1326897,0.7272588986918163,0.6877091572862792,0.7074840279890477,Low,False
2024-11-20 10:00:00,22.7,42,1017.7,False,False,0.02929198832158436,0.030018672,0.6924247033769395,0.08564040158198966,0.38903255247946456,Low,False
2024-11-20 11:00:00,24.8,35,1017.0,False,False,0.03616100022585167,0.021346057,0.6248859142074841,0.03650745360511105,0.3306966839062976,Low,False
2024-11-20 12:00:00,26.0,32,1015.7,False,False,0.029724305716179678,0.053673975,0.6877091572862792,0.2665044113173106,0.47710678430179493,Low,False
2024-11-20 13:00:00,26.7,30,1014.8,False,False,0.025686796034775694,0.02487104,0.7264983267417098,0.055065409187709156,0.3907818679647095,Low,False
2024-11-20 14:00:00,27.0,28,1014.1,False,False,0.031823510057437165,0.025391236,0.6680864009735321,0.0571950106480073,0.3626407058107697,Low,False
2024-11-20 15:00:00,26.7,28,1013.6,False,False,0.03807508338586152,0.0407777,0.6060237298448433,0.1679342865835108,0.3869790082141771,Low,False
2024-11-20 16:00:00,25.6,31,1013.7,False,False,0.03833879034271259,0.04650018,0.6013081837541832,0.21083054456951628,0.4060693641618497,Low,False
2024-11-20 17:00:00,22.7,40,1014.0,False,False,0.01827620510636152,0.04507527,0.7829327654396105,0.19790082141770612,0.49041679342865835,Low,False
2024-11-20 18:00:00,22.2,41,1014.7,False,False,0.06186835339214675,0.06366512,0.3119866139336781,0.3354122299969577,0.32369942196531787,Low,False
2024-11-20 19:00:00,21.0,44,1015.1,False,False,0.05783446806386028,0.04383119,0.3624885914207484,0.19014298752662,0.2763157894736842,Low,False
2024-11-20 20:00:00,19.3,50,1015.3,False,False,0.04872921346452003,0.035448927,0.48037724368725276,0.12290842713720718,0.30164283541222997,Low,False
2024-11-20 21:00:00,18.2,57,1015.6,False,False,0.060087497633161624,0.031086659,0.3338910860967448,0.09187709157286279,0.21288408883480378,Low,False
2024-11-20 22:00:00,17.1,61,1015.5,False,False,0.06436614598941859,0.07076679,0.2731974444782477,0.38013386066321875,0.3266656525707332,Low,False
2024-11-20 23:00:00,15.9,66,1015.3,False,False,0.05254656751982034,0.08984253,0.4307879525403103,0.49498022512929724,0.4628840888348038,Low,False
2024-11-21 00:00:00,15.2,68,1015.1,False,False,0.07093289253937002,0.015502472,0.18451475509583204,0.016428354122299968,0.10047155460906601,Low,False
2024-11-21 01:00:00,14.8,70,1014.6,False,False,0.06512613118777033,0.029675333,0.26315789473684215,0.08275022817158503,0.1729540614542136,Low,False
2024-11-21 02:00:00,13.9,73,1014.5,False,False,0.0681337505210875,0.020048155,0.2225433526011561,0.030727106784301794,0.12663522969272895,Low,False
2024-11-21 03:00:00,13.9,71,1014.5,False,False,0.07417657051424753,0.06325307,0.14435655613020992,0.3317614846364466,0.23805902038332827,Low,False
2024-11-21 04:00:00,13.4,72,1014.5,False,False,0.07954987392049051,0.0423023,0.08913903255247946,0.1791907514450867,0.13416489199878306,Low,False
2024-11-21 05:00:00,12.8,75,1014.5,False,False,0.06877091895356857,0.04084401,0.21341648919987832,0.16884697292363857,0.19113173106175846,Low,False
2024-11-21 06:00:00,12.2,77,1015.3,False,False,0.04309513732717668,0.050586537,0.5477639184666869,0.24292668086400973,0.3953452996653483,Low,False
2024-11-21 07:00:00,12.6,75,1015.8,False,False,0.057928043485852065,0.041291617,0.3611195619105567,0.1712808031639793,0.266200182537268,Low,False
2024-11-21 08:00:00,15.8,60,1016.7,False,False,0.015501863995656506,0.099990144,0.8013386066321874,0.5491329479768786,0.675235777304533,Low,False
2024-11-21 09:00:00,19.6,46,1017.2,False,False,0.008098060955505304,0.0527605,0.8448433221782781,0.25798600547611805,0.5514146638271981,Low,False
2024-11-21 10:00:00,22.9,36,1017.2,False,False,0.027968898166483958,0.040601585,0.7058107696988135,0.16580468512321267,0.4358077274110131,Low,False
2024-11-21 11:00:00,25.2,31,1016.5,False,False,0.030528199046115256,0.039605174,0.679342865835108,0.15728627928202008,0.418314572558564,Low,False
2024-11-21 12:00:00,26.5,29,1015.2,False,False,0.024655478357690108,0.05014588,0.736842105263158,0.23942804989351993,0.48813507757833896,Low,False
2024-11-21 13:00:00,27.1,28,1014.1,False,False,0.024957697571852677,0.036380116,0.7331913599026467,0.1306662610282933,0.43192881046547,Low,False
2024-11-21 14:00:00,27.4,28,1013.6,False,False,0.030117485132919897,0.016820611,0.683449954365683,0.020687557042896258,0.35206875570428964,Low,False
2024-11-21 15:00:00,27.2,28,1013.1,False,False,0.03262485047404301,0.02055366,0.6601764526924248,0.032552479464557346,0.34636446607849103,Low,False
2024-11-21 16:00:00,26.1,30,1013.1,False,False,0.03869223283515605,0.024391634,0.5967447520535443,0.05263157894736842,0.3246881655004563,Low,False
2024-11-21 17:00:00,23.1,38,1013.4,False,False,0.013005913711696349,0.036601394,0.8157894736842105,0.13218740492850622,0.47398843930635837,Low,False
2024-11-21 18:00:00,22.6,41,1014.1,False,False,0.05817498672591487,0.028678989,0.35701247337998177,0.07833891086096745,0.2176756921204746,Low,False
2024-11-21 19:00:00,21.1,45,1014.3,False,False,0.04822395915629302,0.025054371,0.4870702768481898,0.05597809552783693,0.2715241861880134,Low,False
2024-11-21 20:00:00,19.5,51,1014.5,False,False,0.04942654256863849,0.01836501,0.4712503802859751,0.025403103133556433,0.24832674170976576,Low,False
2024-11-21 21:00:00,18.5,55,1014.6,False,False,0.06558065725383139,0.04333481,0.2576817766960755,0.1864922421661089,0.22208700943109222,Low,False
2024-11-21 22:00:00,17.5,59,1014.7,False,False,0.06944344072377617,0.054406438,0.20292059628840886,0.27258898691816247,0.23775479160328566,Low,False
2024-11-21 23:00:00,16.8,61,1014.7,False,False,0.07182985631662031,0.09798806,0.17112868877395804,0.5380285975053241,0.35457864313964105,Low,False
2024-11-22 00:00:00,16.1,62,1014.4,False,False,0.06728594531167725,0.030924758,0.23364770307271066,0.09035594767264983,0.16200182537268024,Low,False
2024-11-22 01:00:00,15.5,63,1014.2,False,False,0.07099635982075342,0.026219906,0.18360206875570428,0.06160632795862488,0.12260419835716459,Low,False
2024-11-22 02:00:00,14.9,65,1013.9,False,False,0.07163515569851098,0.028639372,0.17477943413446917,0.07803468208092486,0.126407058107697,Low,False
2024-11-22 03:00:00,14.3,68,1013.7,False,False,0.07500873143917869,0.035503812,0.1343170063888044,0.12382111347733496,0.12906905993306966,Low,False
2024-11-22 04:00:00,13.9,70,1013.6,False,False,0.0790046006282345,0.058069777,0.09431092181320355,0.29647094615150593,0.19539093398235474,Low,False
2024-11-22 05:00:00,13.7,71,1013.5,False,False,0.07788029313608641,0.08752094,0.1067843017949498,0.48311530270763614,0.29494980225129297,Low,False
2024-11-22 06:00:00,13.2,73,1014.5,False,False,0.06522638617572973,0.09130292,0.262093094006693,0.5021296014602982,0.3821113477334956,Low,False
2024-11-22 07:00:00,13.4,71,1015.1,False,False,0.0803899862780243,0.053508203,0.08275022817158506,0.26513538180711893,0.173942804989352,Low,False
2024-11-22 08:00:00,16.2,58,1015.9,False,False,0.027428781539169167,0.100752115,0.7115911165196227,0.5535442652874962,0.6325676909035595,Low,False
2024-11-22 09:00:00,19.7,48,1016.4,False,False,0.0471862756474653,0.04175764,0.501064800730149,0.17386674779434133,0.33746577426224517,Low,False
2024-11-22 10:00:00,22.8,39,1016.7,False,False,0.037889253811083434,0.05407638,0.607392759355035,0.26878612716763006,0.43808944326133253,Low,False
2024-11-22 11:00:00,25.3,32,1015.9,False,False,0.031978488494534774,0.016781867,0.6656525707331913,0.020383328262853665,0.3430179494980225,Low,False
2024-11-22 12:00:00,26.9,28,1014.7,False,False,0.03204487206646206,0.026863826,0.664435655613021,0.06632187404928507,0.365378764831153,Low,False
2024-11-22 13:00:00,27.7,26,1013.5,False,False,0.019533146289667624,0.0420922,0.7741101308183754,0.17751749315485246,0.47581381198661393,Low,False
2024-11-22 14:00:00,27.9,25,1012.7,False,False,0.031248128498575167,0.033994507,0.6729540614542135,0.11013081837541831,0.3915424399148159,Low,False
2024-11-22 15:00:00,27.7,25,1012.2,False,False,0.036731292903183166,0.040085852,0.6186492242166108,0.16215393976270154,0.3904015819896562,Low,False
2024-11-22 16:00:00,26.6,28,1012.2,False,False,0.04335506390272498,0.047470897,0.5453300882263462,0.21828414968055979,0.381807118953453,Low,False
2024-11-22 17:00:00,23.3,36,1012.5,False,False,0.02028608933133086,0.06259092,0.7687861271676301,0.32643748098570124,0.5476118040766657,Low,False
2024-11-22 18:00:00,22.4,39,1013.2,False,False,0.061878745979288496,0.04122821,0.31183449954365683,0.1709765743839367,0.24140553696379677,Low,False
2024-11-22 19:00:00,21.1,44,1013.5,False,False,0.06356178568520832,0.033218607,0.28597505324003647,0.10526315789473684,0.19561910556738665,Low,False
2024-11-22 20:00:00,19.9,47,1013.8,False,False,0.06732010676174532,0.040661585,0.23349558868268938,0.16656525707331912,0.20003042287800427,Low,False
2024-11-22 21:00:00,18.7,50,1014.0,False,False,0.0635675688961459,0.052133862,0.2856708244599939,0.255400060845756,0.270535442652875,Low,False
2024-11-22 22:00:00,18.2,50,1014.0,False,False,0.07072325298063686,0.11565733,0.18755704289625796,0.6219957407970794,0.4047763918466687,Low,False
2024-11-22 23:00:00,17.9,51,1013.9,False,False,0.06481032079443766,0.13818567,0.26832978399756613,0.7036811682385153,0.48600547611804074,Low,False
2024-11-23 00:00:00,16.9,54,1013.5,False,False,0.06702255983900313,0.07631042,0.23684210526315785,0.41740188621843627,0.32712199574079703,Low,False
2024-11-23 01:00:00,16.1,59,1013.1,False,False,0.06682138440744712,0.050461475,0.2397322786735625,0.24125342257377547,0.24049285062366899,Low,False
2024-11-23 02:00:00,15.7,60,1013.1,False,False,0.07859256907527934,0.06427246,0.09750532400365075,0.3390629753574688,0.21828414968055979,Low,False
2024-11-23 03:00:00,15.3,60,1013.2,False,False,0.0822792187275147,0.0762373,0.06601764526924248,0.4166413142683298,0.24132947976878613,Low,False
2024-11-23 04:00:00,14.9,59,1013.1,False,False,0.08054096707172809,0.102247626,0.0812290842713721,0.5600851840584119,0.320657134164892,Low,False
2024-11-23 05:00:00,14.6,60,1013.3,False,False,0.08266325776962918,0.09380423,0.0632795862488591,0.5162762397322787,0.2897779129905689,Low,False
2024-11-23 06:00:00,14.2,63,1014.1,False,False,0.07321035516333885,0.10032423,0.15591724977182841,0.5509583206571341,0.35343778521448127,Low,False
2024-11-23 07:00:00,14.3,62,1014.8,False,False,0.07145209795611696,0.09716722,0.17751749315485243,0.5336172801947064,0.35556738667477944,Low,False
2024-11-23 08:00:00,16.8,52,1015.6,False,False,0.04065583617534202,0.13731802,0.5752966230605415,0.7007909948281107,0.6380438089443261,Low,False
2024-11-23 09:00:00,20.1,43,1016.1,False,False,0.03234311359370612,0.10573889,0.6620018253726803,0.5772741101308184,0.6196379677517494,Low,False
2024-11-23 10:00:00,23.2,35,1016.3,False,False,0.030306132957648335,0.10434785,0.6816245816854274,0.5698205050197749,0.6257225433526011,Low,False
2024-11-23 11:00:00,25.6,29,1015.6,False,False,0.041241691284951754,0.064458765,0.568907818679647,0.3405841192576818,0.45474596896866437,Low,False
2024-11-23 12:00:00,27.2,26,1014.5,False,False,0.034616352039556375,0.07125713,0.6426832978399757,0.3840888348037724,0.5133860663218741,Low,False
2024-11-23 13:00:00,28.0,24,1013.5,False,False,0.027901641887854156,0.07861583,0.70657134164892,0.43276543961058717,0.5696683906297536,Low,False
2024-11-23 14:00:00,28.1,24,1013.0,False,False,0.04774415941880955,0.08969325,0.49391542439914815,0.49421965317919075,0.4940675387891694,Low,False
2024-11-23 15:00:00,27.9,24,1012.6,False,False,0.04743144978549979,0.0913943,0.49787039853970183,0.502585944630362,0.5002281715850319,Low,False
2024-11-23 16:00:00,26.9,28,1012.8,False,False,0.05351181782131015,0.121260785,0.4174018862184362,0.6463340432004868,0.5318679647094615,Low,False
2024-11-23 17:00:00,23.9,36,1013.0,False,False,0.03280201651230874,0.12792146,0.6583510800121691,0.6700638880438089,0.664207484027989,Low,False
2024-11-23 18:00:00,22.9,43,1013.5,False,False,0.05466097481051063,0.08544563,0.40310313355643446,0.4738363249163371,0.4384697292363858,Low,False
2024-11-23 19:00:00,21.5,48,1014.0,False,False,0.06078667697395612,0.054965757,0.32522056586553083,0.2756312747185884,0.3004259202920596,Low,False
2024-11-23 20:00:00,20.5,51,1014.4,False,False,0.07226435151499583,0.04140403,0.16550045634317,0.1720413751140858,0.1687709157286279,Low,False
2024-11-23 21:00:00,19.6,53,1014.7,False,False,0.07039552214879957,0.043045845,0.1912077882567691,0.18436264070581077,0.18778521448128993,Low,False
2024-11-23 22:00:00,18.9,52,1014.5,False,False,0.07012136795434876,0.109495096,0.19394584727715247,0.5943109218132036,0.394128384545178,Low,False
2024-11-23 23:00:00,18.2,53,1014.6,False,False,0.06581751927066676,0.07636545,0.2544873745056282,0.41816245816854275,0.3363249163370855,Low,False
2024-11-24 00:00:00,17.6,57,1014.5,False,False,0.07179381466510154,0.088916704,0.17188926072406452,0.48935199269850926,0.3306206267112869,Low,False
2024-11-24 01:00:00,17.1,57,1014.3,False,False,0.07650749919067684,0.074048065,0.1201703681168238,0.4037115911165196,0.26194097961667173,Low,False
2024-11-24 02:00:00,16.2,60,1013.9,False,False,0.06739777117220463,0.06661459,0.23197444478247642,0.3556434438697901,0.29380894432613325,Low,False
2024-11-24 03:00:00,15.4,63,1013.9,False,False,0.07219173605912166,0.065972075,0.1668694858533617,0.35184058411925767,0.2593550349863097,Low,False
2024-11-24 04:00:00,14.9,64,1013.9,False,False,0.07840570882485964,0.07687876,0.09902646790386371,0.42105263157894735,0.26003954974140553,Low,False
2024-11-24 05:00:00,14.8,65,1014.2,False,False,0.07970600507871067,0.08034,0.08716154548220256,0.44189230301186494,0.2645269242470337,Low,False
2024-11-24 06:00:00,16.0,63,1015.1,False,False,0.06467854803309081,0.09721929,0.2698509278977791,0.5337693945847277,0.4018101612412534,Low,False
2024-11-24 07:00:00,15.3,72,1015.9,False,False,0.045959994073340116,0.123195045,0.5142987526620018,0.6527228475813812,0.5835108001216915,Low,False
2024-11-24 08:00:00,17.3,64,1016.7,False,False,0.03557036831373822,0.047197815,0.6327958624885914,0.21615454822026164,0.4244752053544265,Low,False
2024-11-24 09:00:00,20.5,57,1017.3,False,False,0.03825761504184938,0.060972944,0.6028293276543961,0.31457255856404015,0.45870094310921816,Low,False
2024-11-24 10:00:00,23.5,51,1017.2,False,False,0.051677244833433666,0.077800415,0.44478247642226953,0.4277456647398844,0.43626407058107697,Low,False
2024-11-24 11:00:00,25.7,45,1016.5,False,False,0.05265441795689857,0.06822222,0.4285062366899909,0.364313964101004,0.3964101003954974,Low,False
2024-11-24 12:00:00,26.9,42,1015.4,False,False,0.05247034120121302,0.10492269,0.4323090964405233,0.5722543352601156,0.5022817158503194,Low,False
2024-11-24 13:00:00,27.3,40,1014.6,False,False,0.05655248870942442,0.11335402,0.3796775174931548,0.6130209917858229,0.49634925463948887,Low,False
2024-11-24 14:00:00,27.3,39,1014.2,False,False,0.06228743806050996,0.13026565,0.3063583815028902,0.6790386370550654,0.4926985092789778,Low,False
2024-11-24 15:00:00,26.9,39,1013.7,False,False,0.06444461373445193,0.17902449,0.27198052935807726,0.8113781563735929,0.5416793428658351,Low,False
2024-11-24 16:00:00,26.0,41,1013.8,False,False,0.06928154070698866,0.21304585,0.20505019774870703,0.8647703072710679,0.5349102525098874,Low,False
2024-11-24 17:00:00,23.6,49,1014.1,False,False,0.03755876315197609,0.23230447,0.6105871615454822,0.8866747794341344,0.7486309704898083,Low,False
2024-11-24 18:00:00,22.2,57,1014.7,False,False,0.04034734054913919,0.21259251,0.5780346820809248,0.8640097353209614,0.721022208700943,Low,False
2024-11-24 19:00:00,21.0,65,1015.1,False,False,0.05072624284516236,0.16358276,0.45436568299361124,0.772893215698205,0.6136294493459081,Low,False
2024-11-24 20:00:00,20.0,71,1015.5,False,False,0.05700275369608515,0.12941545,0.37237602677213266,0.6766048068147247,0.5244904167934287,Low,False
2024-11-24 21:00:00,19.1,75,1015.7,False,False,0.06398554605996071,0.12225921,0.27912990568907814,0.6490721022208701,0.4641010039549741,Low,False
2024-11-24 22:00:00,18.3,78,1015.6,False,False,0.05981182923834932,0.15668847,0.3367812595071493,0.7555521752357773,0.5461667173714633,Low,False
2024-11-24 23:00:00,17.5,80,1015.5,False,False,0.059395207974544284,0.16336071,0.3425616063279586,0.771828414968056,0.5571950106480072,Low,False
2024-11-25 00:00:00,16.8,81,1015.4,False,False,0.06637412827852751,0.09780694,0.2455126254943718,0.5374201399452389,0.39146638271980533,Low,False
2024-11-25 01:00:00,16.2,81,1015.1,False,False,0.06828524830808153,0.07961792,0.21980529358077272,0.4379373288713112,0.32887131122604196,Low,False
2024-11-25 02:00:00,15.6,83,1015.0,False,False,0.07353265192255576,0.0518738,0.15165804685123208,0.25357468816550044,0.20261636750836626,Low,False
2024-11-25 03:00:00,14.9,86,1015.1,False,False,0.07343631698934738,0.049740054,0.15317919075144504,0.2366899908731366,0.1949345908122908,Low,False
2024-11-25 04:00:00,14.4,87,1015.2,False,False,0.07494128026790475,0.057003208,0.13538180711895342,0.2902342561606328,0.21280803163979312,Low,False
2024-11-25 05:00:00,13.8,89,1015.6,False,False,0.06568350815775964,0.061008938,0.25616063279586254,0.31533313051414663,0.2857468816550046,Low,False
2024-11-25 06:00:00,13.3,91,1016.5,False,False,0.0363580358512286,0.06885165,0.6224520839671432,0.36766048068147245,0.4950562823243079,Low,False
2024-11-25 07:00:00,13.4,90,1017.0,False,False,0.04856608809315649,0.042344768,0.48296318831761487,0.179342865835108,0.3311530270763614,Low,False
2024-11-25 08:00:00,15.7,80,1017.6,False,False,0.03115105055247741,0.03903063,0.6738667477943414,0.15135381807118953,0.41261028293276547,Low,False
2024-11-25 09:00:00,19.3,65,1018.4,True,False,-0.004038581749429504,0.046795502,0.9014298752662002,0.21326437480985702,0.5573471250380286,Low,True
2024-11-25 10:00:00,22.6,50,1018.4,False,False,0.009886184376538931,0.05616981,0.8351080012169151,0.28430179494980223,0.5597048980833587,Low,False
2024-11-25 11:00:00,24.8,40,1017.6,False,False,0.016104004756661405,0.03472864,0.7969272893215698,0.11530270763614238,0.45611499847885606,Low,False
2024-11-25 12:00:00,25.8,35,1016.4,False,False,0.021585737364811175,0.035649884,0.7592029205962885,0.12488591420748403,0.44204441740188627,Low,False
2024-11-25 13:00:00,26.4,32,1015.4,False,False,0.02210316391196271,0.024655871,0.7561606327958625,0.053544265287496194,0.4048524490416794,Low,False
2024-11-25 14:00:00,26.5,31,1014.6,False,False,0.03424783082591171,0.023675129,0.6451171280803164,0.04822026163675084,0.34666869485853363,Low,False
2024-11-25 15:00:00,26.1,31,1014.1,False,False,0.03332781986347627,0.025550267,0.6539397627015515,0.057803468208092484,0.355871615454822,Low,False
2024-11-25 16:00:00,25.2,33,1014.1,False,False,0.027830703744259777,0.028071709,0.7077882567690903,0.07407970794037116,0.39093398235473076,Low,False
2024-11-25 17:00:00,22.0,43,1014.0,True,False,-0.0012027417284942166,0.09057792,0.8895649528445391,0.49832674170976576,0.6939458472771525,Low,True
2024-11-25 18:00:00,21.7,45,1014.3,False,False,0.049212565661388874,0.063262,0.47414055369637964,0.3319135990264679,0.40302707636142376,Low,False
2024-11-25 19:00:00,20.6,50,1014.9,False,False,0.0570344784286142,0.047797766,0.3722239123821114,0.2207179799209005,0.29647094615150593,Low,False
2024-11-25 20:00:00,19.5,55,1015.3,False,False,0.0547552116651181,0.072456375,0.40188621843626404,0.39458472771524183,0.3982354730757529,Low,False
2024-11-25 21:00:00,18.4,60,1015.6,False,False,0.05831282836874474,0.09290711,0.35503498630970487,0.5106480073014907,0.4328414968055978,Low,False
2024-11-25 22:00:00,17.7,64,1015.6,False,False,0.060476402727734524,0.1610887,0.3293276543961059,0.7648311530270764,0.5470794037115911,Low,False
2024-11-25 23:00:00,16.8,68,1015.7,False,False,0.061627452932159155,0.15079364,0.31426832978399755,0.7401886218436264,0.5272284758138119,Low,False
2024-11-26 00:00:00,16.1,72,1015.5,False,False,0.05520276243537564,0.09176558,0.3962579860054761,0.5042592029205963,0.45025859446303623,Low,False
2024-11-26 01:00:00,15.6,74,1015.2,False,False,0.058504226840101925,0.07759453,0.3516884697292364,0.42592029205962884,0.3888043808944326,Low,False
2024-11-26 02:00:00,15.0,77,1015.2,False,False,0.06684215823160355,0.055505317,0.23942804989351996,0.27897779129905687,0.2592029205962884,Low,False
2024-11-26 03:00:00,14.6,79,1015.0,False,False,0.06808887931726643,0.06587051,0.2231518101612413,0.3507757833891086,0.2869637967751749,Low,False
2024-11-26 04:00:00,14.2,81,1015.1,False,False,0.0715103036283829,0.058131784,0.17614846364466075,0.2969272893215698,0.23653787648311528,Low,False
2024-11-26 05:00:00,13.9,82,1015.3,False,False,0.0697726570813964,0.05848435,0.19835716458776997,0.29951323395193186,0.24893519926985092,Low,False
2024-11-26 06:00:00,13.3,85,1015.7,False,False,0.0646141946359044,0.034760814,0.270307271067843,0.11575905080620627,0.19303316093702466,Low,False
2024-11-26 07:00:00,12.8,88,1016.6,False,False,0.03847979828477344,0.027676906,0.5996349254639488,0.07134164891998783,0.3354882871919683,Low,False
2024-11-26 08:00:00,15.4,77,1017.2,False,False,0.032844505375893895,0.093885615,0.6581989656221479,0.5164283541222999,0.587313659872224,Low,False
2024-11-26 09:00:00,19.4,60,1017.8,False,False,0.01837153825892407,0.077113695,0.7824764222695467,0.4231822330392455,0.6028293276543961,Low,False
2024-11-26 10:00:00,22.6,48,1017.8,False,False,0.029061273732578885,0.022190034,0.6944021904472163,0.04076665652570733,0.3675844234864618,Low,False
2024-11-26 11:00:00,24.6,41,1016.9,False,False,0.0350982486973368,0.021978207,0.6376635229692729,0.03970185579555826,0.3386826893824156,Low,False
2024-11-26 12:00:00,25.8,38,1015.6,False,False,0.03844656285248038,0.051522866,0.6000912686340127,0.2505324003650745,0.42531183449954363,Low,False
2024-11-26 13:00:00,26.4,37,1014.5,False,False,0.04364827376279584,0.044357963,0.5416793428658351,0.19333738971706724,0.36750836629145117,Low,False
2024-11-26 14:00:00,26.7,37,1013.8,False,False,0.045191607761913,0.027042672,0.523121387283237,0.06738667477943414,0.2952540310313356,Low,False
2024-11-26 15:00:00,26.4,38,1013.3,False,False,0.041200570553209415,0.03576347,0.569364161849711,0.1257986005476118,0.3475813811986614,Low,False
2024-11-26 16:00:00,25.6,41,1013.1,False,False,0.04506392888431748,0.047907848,0.5244904167934287,0.22147855187100698,0.3729844843322178,Low,False
2024-11-26 17:00:00,22.9,50,1013.3,False,False,0.02754653449161354,0.033570863,0.7103742013994524,0.10708853057499239,0.4087313659872224,Low,False
2024-11-26 18:00:00,21.8,50,1014.1,False,False,0.0631670833642829,0.07542986,0.29251597201095225,0.4122299969577122,0.3523729844843322,Low,False
2024-11-26 19:00:00,20.4,53,1014.6,False,False,0.06782667254493491,0.038932756,0.22725889869181626,0.15028901734104047,0.18877395801642838,Low,False
2024-11-26 20:00:00,19.3,55,1014.8,False,False,0.0692143821209455,0.070335105,0.2052023121387283,0.3772436872528141,0.2912229996957712,Low,False
2024-11-26 21:00:00,18.3,58,1015.2,False,False,0.07169179984046092,0.04987516,0.17341040462427748,0.2372984484332218,0.20535442652874963,Low,False
2024-11-26 22:00:00,17.4,62,1015.2,False,False,0.07119882199907368,0.09648627,0.18071189534529963,0.5304228780042592,0.35556738667477944,Low,False
2024-11-26 23:00:00,16.7,66,1014.9,False,False,0.06384153122164588,0.16435197,0.2812595071493763,0.7754791603285671,0.5283693337389717,Low,False
2024-11-27 00:00:00,16.1,69,1014.4,False,False,0.07190108174104165,0.07137755,0.17036811682385156,0.3848494067538789,0.27760876178886523,Low,False
2024-11-27 01:00:00,15.8,70,1013.8,False,False,0.06765527059432619,0.10063902,0.2295406145421357,0.5527836933373897,0.3911621539397627,Low,False
2024-11-27 02:00:00,15.4,71,1013.6,False,False,0.07484616085938317,0.107672974,0.13629449345908118,0.5867052023121387,0.36149984788560996,Low,False
2024-11-27 03:00:00,14.8,74,1013.5,False,False,0.07720481374221805,0.10332089,0.11423790690599334,0.5643443869790082,0.3392911469425008,Low,False
2024-11-27 04:00:00,14.1,78,1013.7,False,False,0.07881842849436183,0.09503275,0.09567995132339524,0.523121387283237,0.3094006693033161,Low,False
2024-11-27 05:00:00,13.6,80,1013.8,False,False,0.07770689972682798,0.10858593,0.1087617888652267,0.5906601764526924,0.34971098265895956,Low,False
2024-11-27 06:00:00,12.5,86,1014.6,False,False,0.027588065543389106,0.06347984,0.7099178582293886,0.3335868573167022,0.5217523577730454,Low,False
2024-11-27 07:00:00,12.4,85,1015.5,False,False,0.04390264164044605,0.06616426,0.5380285975053241,0.3527532704593855,0.44539093398235474,Low,False
2024-11-27 08:00:00,15.3,70,1016.0,False,False,0.032952095070543475,0.1967443,0.6568299361119562,0.8422573775479161,0.7495436568299361,Low,False
2024-11-27 09:00:00,19.0,56,1016.8,False,False,0.00947462475909594,0.08791383,0.8367812595071493,0.4847885609978704,0.6607849102525098,Low,False
2024-11-27 10:00:00,22.4,45,1016.9,False,False,0.030553380171644273,0.04631848,0.6791907514450868,0.2090051718892607,0.44409796166717375,Low,False
2024-11-27 11:00:00,24.6,40,1016.1,False,False,0.049415184856911654,0.025599632,0.4714024946759964,0.05795558259811378,0.26467903863705505,Low,False
2024-11-27 12:00:00,25.7,37,1014.9,False,False,0.049887616815115,0.038997024,0.46516580468512325,0.15120170368116823,0.30818375418314575,Low,False
2024-11-27 13:00:00,26.4,33,1014.1,False,False,0.04774574957892247,0.015025288,0.4937633100091269,0.015059324612108306,0.2544113173106176,Low,False
2024-11-27 14:00:00,26.6,31,1013.3,False,False,0.0454984330812081,0.022542514,0.5202312138728324,0.042135686035899,0.2811834499543657,Low,False
2024-11-27 15:00:00,26.4,30,1012.9,False,False,0.045960715265541574,0.024375008,0.5141466382719806,0.05202312138728324,0.28308487982963193,Low,False
2024-11-27 16:00:00,25.5,33,1013.1,False,False,0.04981424610160956,0.03294274,0.4654700334651658,0.1031335564344387,0.28430179494980223,Low,False
2024-11-27 17:00:00,21.6,43,1013.3,False,False,0.020800221334323965,0.07945069,0.766200182537268,0.43702464253118345,0.6016124125342257,Low,False
2024-11-27 18:00:00,21.2,44,1013.8,False,False,0.06798061652890008,0.030785544,0.2251292972315181,0.08929114694250076,0.1572102220870094,Low,False
2024-11-27 19:00:00,19.4,50,1014.6,False,False,0.03943605605238104,0.024508385,0.5889869181624582,0.052935807727411015,0.3209613629449346,Low,False
2024-11-27 20:00:00,18.0,56,1015.0,False,False,0.06240971952707691,0.020701766,0.3043808944326133,0.032856708244599936,0.16861880133860663,Low,False
2024-11-27 21:00:00,17.0,59,1015.5,False,False,0.0713350290058627,0.024503343,0.17888652266504412,0.05278369333738972,0.11583510800121692,Low,False
2024-11-27 22:00:00,16.5,58,1015.5,False,False,0.07075904009109535,0.119841546,0.18679647094615148,0.640249467599635,0.4135229692728932,Low,False
2024-11-27 23:00:00,15.8,59,1015.4,False,False,0.06560341440950535,0.13073674,0.25737754791603284,0.6811682385153636,0.4692728932156982,Low,False
2024-11-28 00:00:00,14.6,63,1015.2,False,False,0.06462241732066082,0.07344968,0.27015515667782175,0.39960450258594465,0.33487982963188323,Low,False
2024-11-28 01:00:00,13.9,66,1015.0,False,False,0.07141214323884798,0.03402668,0.17812595071493764,0.11028293276543961,0.14420444174018862,Low,False
2024-11-28 02:00:00,13.5,68,1015.3,False,False,0.076138132928527,0.02149593,0.12442957103742014,0.03787648311530271,0.08115302707636142,Low,False
2024-11-28 03:00:00,13.1,70,1015.3,False,False,0.08038386671843584,0.015188403,0.08290234256160633,0.015363553392150897,0.049132947976878616,Low,False
2024-11-28 04:00:00,12.7,72,1015.1,False,False,0.07397586809680595,0.028576618,0.1457255856404016,0.07788256769090356,0.11180407666565259,Low,False
2024-11-28 05:00:00,12.6,72,1015.3,False,False,0.07644612372861664,0.02833557,0.12138728323699421,0.0763614237906906,0.09887435351384241,Low,False
2024-11-28 06:00:00,12.4,73,1016.2,False,False,0.05478481279982761,0.049563617,0.4015819896562215,0.23486461819288104,0.3182233039245513,Low,False
2024-11-28 07:00:00,12.3,74,1016.9,False,False,0.057995908811606434,0.048911564,0.3605111043504715,0.2287800425920292,0.29464557347125037,Low,False
2024-11-28 08:00:00,14.7,64,1017.5,False,False,0.03305459235612135,0.10001129,0.6559172497718284,0.5495892911469425,0.6027532704593854,Low,False
2024-11-28 09:00:00,18.5,51,1018.2,True,False,-0.0009073106275834242,0.09053552,0.8889564952844539,0.49787039853970183,0.6934134469120778,Low,True
2024-11-28 10:00:00,22.1,41,1018.5,False,False,0.013838187160326088,0.09997514,0.8112260419835716,0.5489808335868573,0.6801034377852144,Low,False
2024-11-28 11:00:00,24.7,33,1017.8,False,False,0.01680223392283753,0.038275164,0.791907514450867,0.1448128993002738,0.46836020687557045,Low,False
2024-11-28 12:00:00,25.9,29,1016.9,False,False,0.02787363941426968,0.038750798,0.7070276848189838,0.1486157590508062,0.427821721934895,Low,False
2024-11-28 13:00:00,26.6,27,1016.0,False,False,0.0228699487353749,0.049695667,0.7494675996349255,0.23608153331305143,0.49277456647398843,Low,False
2024-11-28 14:00:00,26.7,26,1015.1,False,False,0.03172309435636805,0.06633808,0.6688469729236386,0.35351384240949196,0.5111804076665653,Low,False
2024-11-28 15:00:00,26.5,25,1014.7,False,False,0.033331582367480406,0.05075671,0.653635533921509,0.24399148159415882,0.4488135077578339,Low,False
2024-11-28 16:00:00,25.4,42,1014.8,False,True,0.023088326372390167,0.364037,0.7477943413446912,0.956343170063888,0.8520687557042896,Medium,True
2024-11-28 17:00:00,22.5,36,1015.0,False,False,0.03244598445019664,0.30183068,0.6612412534225738,0.932156982050502,0.7966991177365379,Medium,False
2024-11-28 18:00:00,20.4,41,1015.9,False,False,0.033476046010587734,0.077808686,0.6518101612412535,0.4278977791299057,0.5398539701855796,Low,False
2024-11-28 19:00:00,19.1,47,1016.3,False,False,0.05121120442171767,0.040081102,0.4494980225129297,0.16200182537268026,0.305749923942805,Low,False
2024-11-28 20:00:00,18.2,51,1016.8,False,False,0.06514510190035261,0.026902577,0.2627015515667782,0.06662610282932765,0.16466382719805295,Low,False
2024-11-28 21:00:00,17.3,55,1017.0,False,False,0.06658241819715688,0.04260892,0.24277456647398843,0.18116823851536357,0.211971402494676,Low,False
2024-11-28 22:00:00,16.7,58,1017.2,False,False,0.07007839155451234,0.051227633,0.19425007605719502,0.2484027989047764,0.2213264374809857,Low,False
2024-11-28 23:00:00,15.8,62,1017.3,False,False,0.058848893390144374,0.06288039,0.34803772436872527,0.3285670824459994,0.33830240340736234,Low,False
2024-11-29 00:00:00,15.1,65,1017.1,False,False,0.05911054168027058,0.05919141,0.3457560085184058,0.30407666565257074,0.3249163370854883,Low,False
2024-11-29 01:00:00,15.0,64,1016.8,False,False,0.06397802923960655,0.045726396,0.2792820200790995,0.2018557955582598,0.24056890781867968,Low,False
2024-11-29 02:00:00,14.4,67,1016.8,False,False,0.0758919221208974,0.02371249,0.1277760876178886,0.048372376026772135,0.08807423182233037,Low,False
2024-11-29 03:00:00,13.7,71,1016.7,False,False,0.07208792692217492,0.023047442,0.1680864009735321,0.04502585944630362,0.10655613020991786,Low,False
2024-11-29 04:00:00,13.1,75,1016.7,False,False,0.06468820085541321,0.03309062,0.2696988135077578,0.10389412838454518,0.18679647094615148,Low,False
2024-11-29 05:00:00,12.7,78,1017.1,False,False,0.058360797313211366,0.046227008,0.3542744143595984,0.20748402798904778,0.28087922117432307,Low,False
2024-11-29 06:00:00,12.4,82,1018.0,False,False,0.03350837720052613,0.06444777,0.6513538180711895,0.34043200486766045,0.495892911469425,Low,False
2024-11-29 07:00:00,12.3,82,1018.7,False,False,0.03914338287578106,0.040378682,0.5920292059628841,0.1642835412229997,0.3781563735929419,Low,False
2024-11-29 08:00:00,14.7,71,1019.1,False,False,0.03138378073269482,0.09327412,0.6721934895041071,0.5127776087617889,0.5924855491329479,Low,False
2024-11-29 09:00:00,18.3,56,1019.6,False,False,0.014929745424753504,0.0432937,0.8039245512625495,0.1863401277760876,0.49513233951931857,Low,False
2024-11-29 10:00:00,21.5,46,1019.8,False,False,0.020606262683672383,0.021110848,0.7674170976574384,0.034986309704898085,0.40120170368116825,Low,False
2024-11-29 11:00:00,23.8,38,1019.0,False,False,0.03154148116549027,0.01464755,0.671128688773958,0.013690295101916642,0.34240949193793735,Low,False
2024-11-29 12:00:00,25.1,34,1017.8,False,False,0.0388580698910132,0.047206275,0.59507149376331,0.21630666261028295,0.4056890781867965,Low,False
2024-11-29 13:00:00,25.8,32,1016.8,False,False,0.03432752307599479,0.053259682,0.6448128993002737,0.2628536659567995,0.4538332826285366,Low,False
2024-11-29 14:00:00,26.1,32,1015.9,False,False,0.0355246943394652,0.081145346,0.633100091268634,0.4479768786127168,0.5405384849406754,Low,False
2024-11-29 15:00:00,26.0,31,1015.5,False,False,0.043892186912810605,0.068967216,0.5383328262853666,0.36857316702160026,0.45345299665348343,Low,False
2024-11-29 16:00:00,25.2,43,1015.4,False,False,0.01625070462492867,0.23606265,0.7960146029814421,0.891086096744752,0.8435503498630971,Medium,False
2024-11-29 17:00:00,22.2,43,1015.8,False,False,0.028318181281287047,0.18534216,0.7021600243383024,0.823243078795254,0.7627015515667782,Medium,False
2024-11-29 18:00:00,21.0,49,1016.4,False,False,0.053772476561927074,0.060635343,0.41527228475813815,0.3133556434438698,0.364313964101004,Low,False
2024-11-29 19:00:00,20.3,54,1016.6,False,False,0.06565521624246717,0.068511635,0.25676909035594764,0.36522665044113173,0.31099787039853966,Low,False
2024-11-29 20:00:00,19.0,61,1016.8,False,False,0.0528874490029399,0.05243458,0.42485549132947975,0.25692120474596897,0.3408883480377244,Low,False
2024-11-29 21:00:00,17.9,66,1017.3,False,False,0.0638069437749933,0.04096493,0.28232430787952545,0.16991177365378765,0.22611804076665654,Low,False
2024-11-29 22:00:00,17.2,68,1017.2,False,False,0.07229140609181528,0.113289684,0.1650441131731062,0.6127167630057804,0.3888804380894433,Low,False
2024-11-29 23:00:00,16.7,70,1017.2,False,False,0.0676501666761854,0.12050574,0.22969272893215698,0.6431396410100395,0.43641618497109824,Low,False
2024-11-30 00:00:00,16.1,73,1016.6,False,False,0.056477087572770646,0.068324596,0.38074231822330395,0.36477030727106785,0.3727563127471859,Low,False
2024-11-30 01:00:00,15.5,76,1016.4,False,False,0.06182363918438055,0.04890552,0.3127471858837846,0.22832369942196531,0.27053544265287494,Low,False
2024-11-30 02:00:00,15.2,78,1016.3,False,False,0.06832548726718418,0.057444453,0.2187404928506237,0.29282020079099486,0.2557803468208093,Low,False
2024-11-30 03:00:00,15.1,79,1015.9,False,False,0.06808437538743572,0.096629865,0.22345603894128385,0.5311834499543657,0.3773197444478248,Low,False
2024-11-30 04:00:00,15.2,79,1016.1,False,False,0.0748538940313958,0.10117959,0.1361423790690599,0.5546090660176453,0.3453757225433526,Low,False
2024-11-30 05:00:00,14.7,81,1016.6,False,False,0.0770267912472542,0.07284736,0.11621539397627012,0.3974749011256465,0.25684514755095833,Low,False
2024-11-30 06:00:00,13.2,90,1017.3,False,False,0.022270912040364466,0.051826756,0.7538789169455431,0.25311834499543656,0.5034986309704899,Low,False
2024-11-30 07:00:00,13.4,89,1018.1,False,False,0.04763025315905406,0.05394624,0.49513233951931857,0.2678734408275023,0.38150289017341044,Low,False
2024-11-30 08:00:00,15.3,79,1018.4,False,False,0.038231727350526545,0.11587214,0.60328567082446,0.6230605415272285,0.6131731061758443,Low,False
2024-11-30 09:00:00,17.7,68,1018.9,False,False,0.04122348472360937,0.051590767,0.5692120474596897,0.2514450867052023,0.410328567082446,Low,False
2024-11-30 10:00:00,19.5,61,1018.7,False,False,0.05409743894554564,0.061609928,0.41070885305749927,0.3209613629449346,0.36583510800121694,Low,False
2024-11-30 11:00:00,22.9,50,1017.8,False,False,0.010276291817909178,0.050133325,0.8331305141466383,0.23927593550349863,0.5362032248250684,Low,False
2024-11-30 12:00:00,24.6,41,1016.7,False,False,0.02474648576779448,0.04598801,0.7357773045330088,0.20489808335868573,0.4703376939458473,Low,False
2024-11-30 13:00:00,25.4,36,1015.1,False,False,0.01904773092741413,0.101665385,0.7776087617888652,0.5568907818679647,0.6672497718284149,Low,False
2024-11-30 14:00:00,25.7,34,1014.1,False,False,0.028644978251703923,0.08174891,0.6982050501977487,0.45177973836324914,0.5749923942804989,Low,False
2024-11-30 15:00:00,25.5,34,1013.6,False,False,0.035957833320875654,0.09662557,0.6274718588378461,0.5310313355643443,0.5792515972010952,Low,False
2024-11-30 16:00:00,24.6,37,1013.6,False,False,0.03554566259965841,0.09703004,0.6329479768786127,0.5328567082446,0.5829023425616063,Low,False
2024-11-30 17:00:00,21.9,46,1013.5,False,False,0.006748251872157995,0.13343899,0.8541222999695771,0.6896866443565561,0.7719044721630666,Medium,False
2024-11-30 18:00:00,21.2,49,1014.0,False,False,0.0484900211808314,0.16165419,0.48418010343778517,0.7662001825372681,0.6251901429875266,Low,False
2024-11-30 19:00:00,20.0,56,1014.5,False,False,0.039914342252404256,0.15559135,0.5836629145117128,0.7523577730453301,0.6680103437785214,Low,False
2024-11-30 20:00:00,19.0,62,1014.5,False,False,0.05211235694573113,0.25705206,0.4380894432613325,0.9079707940371159,0.6730301186492242,Low,False
2024-11-30 21:00:00,18.3,65,1014.7,False,False,0.06687888004819281,0.26979485,0.23897170672345602,0.9160328567082446,0.5775022817158504,Low,False
2024-11-30 22:00:00,17.8,67,1014.6,False,True,0.06632032915651997,0.36941922,0.24642531183449956,0.9574079707940372,0.6019166413142684,Low,True
2024-11-30 23:00:00,17.5,69,1014.4,False,True,0.0560335650679189,0.43151075,0.38637055065409187,0.9712503802859751,0.6788104654700335,Low,True
2024-12-01 00:00:00,17.0,71,1014.0,False,True,0.04476922766562952,0.38626367,0.5282932765439611,0.9633404320048676,0.7458168542744144,Low,True
2024-12-01 01:00:00,16.3,75,1013.6,False,True,0.032738721092587186,0.38280368,0.6586553087922118,0.9622756312747186,0.8104654700334653,Medium,True
2024-12-01 02:00:00,15.7,78,1013.8,False,True,0.04838424350058412,0.3700027,0.4853970185579556,0.9575600851840584,0.721478551871007,Low,True
2024-12-01 03:00:00,15.0,82,1013.8,False,True,0.04779653244298937,0.345947,0.49330696683906294,0.9510191664131427,0.7221630666261027,Low,True
2024-12-01 04:00:00,14.5,85,1013.8,False,True,0.05133157643518721,0.3621336,0.44782476422269546,0.9560389412838455,0.7019318527532705,Low,True
2024-12-01 05:00:00,14.2,87,1014.2,False,True,0.052929168298453844,0.32518607,0.42439914815941593,0.9437176756921205,0.6840584119257682,Low,True
2024-12-01 06:00:00,13.0,91,1015.1,False,False,0.008540806551488422,0.17900583,0.8422573775479161,0.8112260419835716,0.8267417097657439,Medium,False
2024-12-01 07:00:00,12.8,93,1015.6,False,False,0.039276586878502384,0.1478325,0.5911165196227564,0.7315181016124125,0.6613173106175845,Low,False
2024-12-01 08:00:00,15.2,80,1016.1,False,False,0.03105953044013532,0.30622628,0.6749315485244904,0.934742926680864,0.8048372376026772,Medium,False
2024-12-01 09:00:00,18.8,64,1016.5,False,False,0.02665802319502575,0.1253784,0.7185883784606024,0.6598722239123821,0.6892303011864922,Low,False
2024-12-01 10:00:00,21.8,52,1016.3,False,False,0.028901487796188896,0.03563728,0.695314876787344,0.12473379981746273,0.41002433830240337,Low,False
2024-12-01 11:00:00,23.8,45,1015.6,False,False,0.033234973693417935,0.031019593,0.6543961058716155,0.09111651962275631,0.3727563127471859,Low,False
2024-12-01 12:00:00,25.0,41,1014.4,False,False,0.036794037520780976,0.043286666,0.6183449954365683,0.18618801338606633,0.4022665044113173,Low,False
2024-12-01 13:00:00,25.8,39,1013.1,False,False,0.02549911129506588,0.062751725,0.7292363857620932,0.32750228171585033,0.5283693337389718,Low,False
2024-12-01 14:00:00,26.0,38,1011.9,False,False,0.029273540587719138,0.09864718,0.6928810465470033,0.5415272284758138,0.6172041375114086,Low,False
2024-12-01 15:00:00,25.8,38,1011.4,False,False,0.03234208331340466,0.06952556,0.6621539397627015,0.37176756921204746,0.5169607544873744,Low,False
2024-12-01 16:00:00,25.1,40,1011.2,False,False,0.03334536799128196,0.08584529,0.6534834195314877,0.47566169759659266,0.5645725585640402,Low,False
2024-12-01 17:00:00,21.8,49,1011.3,False,False,0.009606966794978355,0.085239634,0.8361728019470642,0.47231518101612413,0.6542439914815942,Low,False
2024-12-01 18:00:00,21.7,52,1012.3,False,False,0.04727436570865434,0.1600465,0.5007605719501065,0.7633100091268634,0.632035290538485,Low,False
2024-12-01 19:00:00,20.0,59,1012.6,False,False,0.049974885685793835,0.1041574,0.46379677517493156,0.5684514755095832,0.5161241253422574,Low,False
2024-12-01 20:00:00,19.0,64,1012.7,False,False,0.06612925877397907,0.18071175,0.24977182841496803,0.8153331305141467,0.5325524794645573,Low,False
2024-12-01 21:00:00,18.2,68,1012.9,False,False,0.06784871199290188,0.19009207,0.22680255552175232,0.8313051414663827,0.5290538484940674,Low,False
2024-12-01 22:00:00,17.4,72,1012.7,False,False,0.06123530248062642,0.29217932,0.31928810465470037,0.9269850927897779,0.6231365987222391,Low,False
2024-12-01 23:00:00,16.9,74,1012.9,False,False,0.04745384111313755,0.26275635,0.497414055369638,0.9119257681776696,0.7046699117736538,Low,False
2024-12-02 00:00:00,16.5,75,1012.6,False,False,0.05265990889987282,0.21255483,0.4283541222999696,0.8638576209309401,0.6461058716154549,Low,False
2024-12-02 01:00:00,16.1,77,1012.6,False,False,0.060449465446006156,0.19516993,0.3297839975661697,0.8402798904776392,0.5850319440219045,Low,False
2024-12-02 02:00:00,15.7,79,1012.6,False,False,0.06427251238731663,0.18659514,0.2756312747185884,0.8256769090355948,0.5506540918770916,Low,False
2024-12-02 03:00:00,15.2,81,1012.2,False,False,0.06140037545496685,0.22350936,0.31731061758442347,0.8783084879829632,0.5978095527836933,Low,False
2024-12-02 04:00:00,14.3,86,1012.0,False,False,0.050134505595333445,0.18933646,0.46197140249467594,0.8299361119561911,0.6459537572254335,Low,False
2024-12-02 05:00:00,13.8,89,1012.5,False,False,0.05385742772323243,0.16737537,0.41405536963796774,0.7820200790994828,0.5980377243687253,Low,False
2024-12-02 06:00:00,13.2,90,1013.4,False,False,0.038168002631643994,0.11075989,0.6046547003346516,0.5999391542439915,0.6022969272893215,Low,False
2024-12-02 07:00:00,13.1,91,1014.1,False,False,0.05133767349020796,0.061526388,0.4476726498326742,0.3205050197748707,0.3840888348037724,Low,False
2024-12-02 08:00:00,15.8,76,1014.8,False,False,0.020828641278835658,0.17395307,0.7655917249771829,0.7998174627319744,0.7827045938545787,Medium,False
2024-12-02 09:00:00,19.7,59,1015.5,True,False,-0.0006792733127684025,0.114784405,0.8886522665044113,0.6189534529966535,0.7538028597505324,Medium,True
2024-12-02 10:00:00,22.8,48,1015.7,False,False,0.014755005970996382,0.054016773,0.804685123212656,0.2683297839975662,0.5365074536051111,Low,False
2024-12-02 11:00:00,24.8,41,1015.3,False,False,0.0260274684693948,0.039136775,0.7236081533313051,0.1530270763614238,0.43831761484636445,Low,False
2024-12-02 12:00:00,26.0,37,1014.5,False,False,0.029842762166904513,0.01894418,0.6863401277760877,0.027380590203833283,0.3568603589899605,Low,False
2024-12-02 13:00:00,26.6,35,1013.6,False,False,0.025384375452077335,0.015385666,0.7299969577121996,0.01597201095223608,0.37298448433221787,Low,False
2024-12-02 14:00:00,26.7,35,1013.0,False,False,0.0405076159518003,0.012129923,0.5768177669607545,0.008214177061149984,0.29251597201095225,Low,False
2024-12-02 15:00:00,26.5,35,1012.7,False,False,0.04004251947831211,0.01053362,0.5815333130514146,0.0047155460906601766,0.2931244295710374,Low,False
2024-12-02 16:00:00,25.8,37,1012.8,False,False,0.039615954774361695,0.023207262,0.5864009735320961,0.0457864313964101,0.3160937024642531,Low,False
2024-12-02 17:00:00,22.9,46,1013.0,False,False,0.01758923142513691,0.094977826,0.7871919683602069,0.5228171585031944,0.6550045634317007,Low,False
2024-12-02 18:00:00,22.2,49,1013.9,False,False,0.0495459626083849,0.04819862,0.46912077882567693,0.22360815333130515,0.34636446607849103,Low,False
2024-12-02 19:00:00,20.8,54,1014.5,False,False,0.043710571864341075,0.04216221,0.540614542135686,0.17797383632491634,0.3592941892303012,Low,False
2024-12-02 20:00:00,19.9,58,1014.8,False,False,0.05955769392345572,0.04588948,0.3395193185275327,0.20383328262853667,0.2716763005780347,Low,False
2024-12-02 21:00:00,18.7,63,1015.3,False,False,0.0450927990080755,0.064545125,0.524186188013386,0.34119257681776693,0.4326893824155765,Low,False
2024-12-02 22:00:00,18.1,66,1015.5,False,False,0.05406896355136237,0.09277926,0.4111651962275631,0.5098874353513843,0.4605263157894737,Low,False
2024-12-02 23:00:00,17.7,68,1015.7,False,False,0.04786555665632791,0.083380446,0.4922421661089139,0.45999391542439916,0.47611804076665654,Low,False
2024-12-03 00:00:00,16.9,71,1015.7,False,False,0.05297304616083737,0.13422863,0.4237906905993307,0.6918162458168543,0.5578034682080926,Low,False
2024-12-03 01:00:00,16.1,75,1016.0,False,False,0.04882676333607877,0.09619425,0.47916032856708246,0.5287496197140249,0.5039549741405537,Low,False
2024-12-03 02:00:00,15.5,77,1016.0,False,False,0.06022809666342965,0.08165317,0.3319135990264679,0.4508670520231214,0.39139032552479464,Low,False
2024-12-03 03:00:00,15.0,79,1015.8,False,False,0.0637489568316153,0.0713585,0.2832369942196532,0.38469729236385763,0.3339671432917554,Low,False
2024-12-03 04:00:00,14.9,78,1015.7,False,False,0.06913651105987229,0.043552272,0.20657134164892,0.187557042896258,0.19706419227258898,Low,False
2024-12-03 05:00:00,14.8,76,1016.3,False,False,0.07011756534063823,0.016664295,0.19409796166717375,0.019622756312747187,0.10686035898996046,Low,False
2024-12-03 06:00:00,15.4,83,1017.0,False,False,0.04068308369153495,0.09450572,0.5746881655004563,0.5209917858229388,0.5478399756616976,Low,False
2024-12-03 07:00:00,15.5,81,1017.2,False,False,0.06001922483749461,0.08375525,0.33465165804685126,0.46288408883480375,0.39876787344082754,Low,False
2024-12-03 08:00:00,16.8,74,1017.5,False,False,0.04866404511303846,0.13487253,0.4814420444174019,0.6934895041070885,0.5874657742622452,Low,False
2024-12-03 09:00:00,19.5,63,1018.0,False,False,0.025043999490342805,0.042251375,0.7327350167325829,0.17888652266504412,0.4558107696988135,Low,False
2024-12-03 10:00:00,22.5,51,1018.3,True,False,-7.566011035398112e-05,0.0593435,0.8856099787039854,0.3055978095527837,0.5956038941283845,Low,True
2024-12-03 11:00:00,24.8,42,1017.9,False,False,0.02262583838400334,0.03747832,0.751292972315181,0.13903255247946456,0.4451627623973228,Low,False
2024-12-03 12:00:00,26.1,36,1017.0,False,False,0.027400034392390193,0.036434226,0.7120474596896866,0.13112260419835717,0.4215850319440219,Low,False
2024-12-03 13:00:00,26.6,35,1016.4,False,False,0.03500679665675521,0.04493676,0.6382719805293581,0.19698813507757834,0.4176300578034682,Low,False
2024-12-03 14:00:00,26.4,36,1015.6,False,False,0.03572649588208415,0.08428324,0.6311226041983571,0.4650136902951019,0.5480681472467295,Low,False
2024-12-03 15:00:00,25.8,38,1015.2,False,False,0.0459343001374089,0.07173339,0.5149072102220871,0.3888043808944326,0.45185579555825983,Low,False
2024-12-03 16:00:00,24.7,42,1015.3,False,False,0.050182080262203554,0.07173917,0.46121083054456946,0.3889564952844539,0.4250836629145117,Low,False
2024-12-03 17:00:00,22.8,48,1015.6,False,False,0.03847260896307492,0.07960214,0.5997870398539702,0.4374809857012473,0.5186340127776088,Low,False
2024-12-03 18:00:00,22.0,49,1016.4,False,False,0.052632631735876345,0.071042255,0.42881046547003343,0.38287191968360207,0.4058411925768177,Low,False
2024-12-03 19:00:00,20.9,53,1016.9,False,False,0.05505673290454738,0.057135805,0.39853970185579557,0.29084271372071796,0.3446912077882568,Low,False
2024-12-03 20:00:00,19.9,57,1017.3,False,False,0.06625378753427252,0.053106118,0.24825068451475507,0.26087617888652265,0.2545634317006389,Low,False
2024-12-03 21:00:00,19.3,60,1017.7,False,False,0.057749433400987926,0.04589824,0.36400973532096137,0.20398539701855795,0.2839975661697597,Low,False
2024-12-03 22:00:00,18.9,62,1017.5,False,False,0.06514251169605273,0.09905545,0.2628536659567995,0.5442652874961972,0.40355947672649833,Low,False
2024-12-03 23:00:00,18.3,64,1017.4,False,False,0.06383471718413569,0.08663289,0.2814116215393976,0.47992090051718894,0.38066626102829326,Low,False
2024-12-04 00:00:00,17.4,68,1017.1,False,False,0.05842704852706676,0.08091313,0.3529053848494067,0.4466078491025251,0.3997566169759659,Low,False
2024-12-04 01:00:00,16.6,72,1016.9,False,False,0.06598147431851115,0.056335796,0.2526620018253727,0.2856708244599939,0.2691664131426833,Low,False
2024-12-04 02:00:00,15.9,75,1016.6,False,False,0.06218790912924893,0.048739757,0.3081837541831457,0.22710678430179496,0.26764526924247034,Low,False
2024-12-04 03:00:00,15.4,77,1016.2,False,False,0.06682061317233196,0.062821746,0.23988439306358378,0.3276543961058716,0.2837693945847277,Low,False
2024-12-04 04:00:00,14.7,77,1015.9,False,False,0.06558017544939215,0.09008063,0.2578338910860968,0.495892911469425,0.37686340127776086,Low,False
2024-12-04 05:00:00,14.1,78,1015.8,False,False,0.06654688751079002,0.09526764,0.2429266808640097,0.5240340736233647,0.3834803772436872,Low,False
2024-12-04 06:00:00,13.0,91,1016.4,True,False,-0.001561762254442045,0.21344452,0.8912382111347733,0.8653787648311531,0.8783084879829632,Medium,True
2024-12-04 07:00:00,12.6,91,1016.9,False,False,0.03638420673643322,0.1518644,0.6215393976270155,0.7423182233039245,0.6819288104654699,Low,False
2024-12-04 08:00:00,14.5,79,1017.7,False,False,0.022734651815881524,0.14039026,0.7503802859750532,0.7100699726194099,0.7302251292972315,Low,False
2024-12-04 09:00:00,17.4,64,1018.2,False,False,0.023753239688609373,0.071466625,0.7439914815941588,0.385914207484028,0.5649528445390934,Low,False
2024-12-04 10:00:00,20.5,48,1018.1,False,False,0.018331334751689854,0.07449095,0.782628536659568,0.40690599330696686,0.5947672649832674,Low,False
2024-12-04 11:00:00,22.9,38,1017.3,False,False,0.015274000953875488,0.04355243,0.8019470641922726,0.1877091572862793,0.4948281107392759,Low,False
2024-12-04 12:00:00,24.3,32,1016.3,False,False,0.02330896037591118,0.05564169,0.7464253118344996,0.28034682080924855,0.5133860663218741,Low,False
2024-12-04 13:00:00,24.9,30,1015.4,False,False,0.025114146656965486,0.056914695,0.7322786735625191,0.2896257986005476,0.5109522360815333,Low,False
2024-12-04 14:00:00,25.0,27,1014.5,False,False,0.01945647886881957,0.08306858,0.7748707027684819,0.4580164283541223,0.6164435655613021,Low,False
2024-12-04 15:00:00,24.6,27,1014.1,False,False,0.029070137720044076,0.086845964,0.6940979616671736,0.4808335868573167,0.5874657742622451,Low,False
2024-12-04 16:00:00,23.7,26,1014.1,False,False,0.02866761497256609,0.13106328,0.6977487070276849,0.6823851536355339,0.6900669303316094,Low,False
2024-12-04 17:00:00,21.0,31,1014.4,False,False,0.001268625202514806,0.16241705,0.8789169455430483,0.7684818983875875,0.823699421965318,Medium,False
2024-12-04 18:00:00,20.5,30,1014.9,False,False,0.022121606951426065,0.20692132,0.7560085184058412,0.8547307575296623,0.8053696379677517,Medium,False
2024-12-04 19:00:00,18.8,34,1015.3,False,False,0.024308447510832554,0.1947539,0.7391238211134774,0.8390629753574688,0.7890933982354731,Medium,False
2024-12-04 20:00:00,17.6,38,1015.5,False,False,0.024433071530381656,0.22226873,0.7385153635533921,0.8772436872528141,0.807879525403103,Medium,False
2024-12-04 21:00:00,16.8,40,1015.7,False,False,0.02233385023198764,0.24240169,0.7534225737754792,0.8970185579555826,0.8252205658655309,Medium,False
2024-12-04 22:00:00,16.1,41,1015.8,False,False,0.022078899285490172,0.27209038,0.7566169759659264,0.9169455430483724,0.8367812595071493,Medium,False
2024-12-04 23:00:00,15.0,44,1015.5,False,True,0.011976162938253598,0.32737783,0.823243078795254,0.944478247642227,0.8838606632187405,Medium,True
2024-12-05 00:00:00,14.0,48,1015.0,False,False,0.028420290370264056,0.2802091,0.7004867660480681,0.922421661089139,0.8114542135686036,Medium,False
2024-12-05 01:00:00,13.3,50,1014.7,False,False,0.03724509351244615,0.23581241,0.6133252205658655,0.8907818679647095,0.7520535442652875,Medium,False
2024-12-05 02:00:00,12.7,52,1014.6,False,False,0.04613346225389736,0.2037055,0.5118649224216612,0.8506236689990874,0.6812442957103743,Low,False
2024-12-05 03:00:00,12.2,54,1014.4,False,False,0.05790835585444831,0.17620575,0.3614237906905994,0.8055978095527837,0.5835108001216915,Low,False
2024-12-05 04:00:00,11.7,56,1014.1,False,False,0.04523899966050143,0.17468473,0.5225129297231519,0.80164283541223,0.662077882567691,Low,False
2024-12-05 05:00:00,11.0,59,1014.1,False,False,0.035696465445997194,0.15535222,0.6312747185883785,0.7511408579251597,0.6912077882567691,Low,False
2024-12-05 06:00:00,10.5,70,1014.9,False,False,0.012337843885452116,0.1646421,0.8212655917249772,0.7759355034986309,0.7986005476118041,Medium,False
2024-12-05 07:00:00,10.2,72,1015.6,False,False,0.038096513256414444,0.11831579,0.6057195010648007,0.6324916337085489,0.6191055673866748,Low,False
2024-12-05 08:00:00,12.3,64,1016.1,False,False,0.02595068678102236,0.19404836,0.7245208396714329,0.8384545177973837,0.7814876787344083,Medium,False
2024-12-05 09:00:00,16.6,50,1016.6,False,False,0.0008232447007132659,0.1906351,0.880742318223304,0.8322178278065105,0.8564800730149073,Medium,False
2024-12-05 10:00:00,20.6,38,1016.8,True,False,-0.0028384304800918025,0.13443662,0.8971706723456039,0.6924247033769395,0.7947976878612717,Medium,True
2024-12-05 11:00:00,23.2,28,1015.9,True,False,-0.0009248722270661647,0.0690028,0.8891086096744752,0.36902951019166413,0.6290690599330697,Low,True
2024-12-05 12:00:00,24.4,27,1014.5,False,False,0.015710087121797833,0.19497734,0.7998174627319744,0.8398235473075752,0.8198205050197749,Medium,False
2024-12-05 13:00:00,24.9,29,1013.8,False,False,0.018461709093798906,0.16978395,0.7820200790994828,0.7891694554304837,0.7855947672649832,Medium,False
2024-12-05 14:00:00,25.0,30,1013.1,False,False,0.025398809443971604,0.1852533,0.7298448433221782,0.8227867356251901,0.7763157894736842,Medium,False
2024-12-05 15:00:00,24.6,32,1012.7,False,False,0.031545455072994666,0.18902762,0.6709765743839367,0.8290234256160632,0.75,Medium,False
2024-12-05 16:00:00,23.7,35,1012.7,False,False,0.0413675474195514,0.18238829,0.5672345603894129,0.81807118953453,0.6926528749619714,Low,False
2024-12-05 17:00:00,20.5,44,1012.8,False,False,0.01512281141284616,0.14700086,0.8030118649224216,0.7289321569820505,0.7659720109522361,Medium,False
2024-12-05 18:00:00,20.7,43,1013.6,False,False,0.054528488300577715,0.2343427,0.40508062062671124,0.8888043808944326,0.6469425007605719,Low,False
2024-12-05 19:00:00,19.4,47,1014.1,False,False,0.0554536247464133,0.14506878,0.3919987830848798,0.7229996957712199,0.5574992394280498,Low,False
2024-12-05 20:00:00,18.1,51,1014.5,False,False,0.05295582338089189,0.123538986,0.42409491937937327,0.6542439914815942,0.5391694554304838,Low,False
2024-12-05 21:00:00,16.6,57,1014.7,False,False,0.04391299478072508,0.098514386,0.5377243687252814,0.5404624277456648,0.5390933982354731,Low,False
2024-12-05 22:00:00,15.8,59,1014.7,False,False,0.05688447351554832,0.12523009,0.37359294189230297,0.6594158807423183,0.5165044113173106,Low,False
2024-12-05 23:00:00,15.1,61,1014.4,False,False,0.04491584086203759,0.17394266,0.5263157894736843,0.7996653483419531,0.6629905689078187,Low,False
2024-12-06 00:00:00,13.9,66,1013.9,False,False,0.04736794908424763,0.10206643,0.4992394280498935,0.5593246121083054,0.5292820200790995,Low,False
2024-12-06 01:00:00,13.0,70,1013.8,False,False,0.05712289331577319,0.08313531,0.37115911165196225,0.4584727715241862,0.4148159415880742,Low,False
2024-12-06 02:00:00,12.7,71,1013.6,False,False,0.059395379585971964,0.094035506,0.34240949193793735,0.5171889260724064,0.4297992090051719,Low,False
2024-12-06 03:00:00,12.6,70,1013.5,False,False,0.06889685837510551,0.10378234,0.21143900212960143,0.5666261028293277,0.38903255247946456,Low,False
2024-12-06 04:00:00,12.0,73,1013.3,False,False,0.0605522171202848,0.0804166,0.32841496805597814,0.4421965317919075,0.38530574992394284,Low,False
2024-12-06 05:00:00,11.2,77,1013.6,False,False,0.04753587460903558,0.06902205,0.4960450258594463,0.3691816245816854,0.43261332522056584,Low,False
2024-12-06 06:00:00,10.5,81,1014.2,False,False,0.03894025339061402,0.0643393,0.5944630362032248,0.33967143291755403,0.46706723456038945,Low,False
2024-12-06 07:00:00,10.5,81,1014.8,False,False,0.042219802700257936,0.065166324,0.5581076969881351,0.3471250380285975,0.4526163675083663,Low,False
2024-12-06 08:00:00,12.7,70,1015.3,False,False,0.034242070461840746,0.11616734,0.6452692424703377,0.6244295710374201,0.6348494067538789,Low,False
2024-12-06 09:00:00,17.3,53,1015.9,False,False,0.012975263498720524,0.11595062,0.8160937024642532,0.6232126559172497,0.7196531791907514,Low,False
2024-12-06 10:00:00,20.6,43,1015.8,False,False,0.025123904390892127,0.029027812,0.7319744447824764,0.08046851232126559,0.406221478551871,Low,False
2024-12-06 11:00:00,22.6,38,1015.1,False,False,0.038257517624831316,0.039522193,0.6029814420444174,0.1565257073319136,0.3797535746881655,Low,False
2024-12-06 12:00:00,23.7,32,1014.0,False,False,0.021847887665628785,0.038758826,0.7578338910860968,0.1489199878308488,0.4533769394584728,Low,False
2024-12-06 13:00:00,24.4,29,1012.9,False,False,0.019790488126638806,0.049081326,0.7719805293580773,0.23090964405232736,0.5014450867052023,Low,False
2024-12-06 14:00:00,24.6,27,1012.1,False,False,0.021837572195573307,0.051083382,0.757986005476118,0.24779434134469122,0.5028901734104047,Low,False
2024-12-06 15:00:00,24.3,27,1011.5,False,False,0.027940753607913538,0.06853813,0.7059628840888348,0.36553087922117433,0.5357468816550046,Low,False
2024-12-06 16:00:00,23.2,30,1011.5,False,False,0.028331731159485507,0.06561187,0.7018557955582598,0.3492546394888956,0.5255552175235777,Low,False
2024-12-06 17:00:00,19.5,40,1011.4,False,False,0.00022093914194754039,0.074546404,0.8843930635838151,0.40736233647703074,0.6458777000304229,Low,False
2024-12-06 18:00:00,18.9,40,1012.0,False,False,0.05291524762232652,0.13783357,0.4245512625494372,0.7027684818983876,0.5636598722239123,Low,False
2024-12-06 19:00:00,17.4,48,1013.0,False,False,0.03621492638691648,0.06135269,0.6239732278673562,0.31944021904472164,0.4717067234560389,Low,False
2024-12-06 20:00:00,16.4,55,1013.1,False,False,0.05596963758246293,0.10226034,0.38713112260419835,0.5603894128384546,0.47376026772132646,Low,False
2024-12-06 21:00:00,15.7,59,1013.2,False,False,0.061442055895482184,0.12067329,0.31685427441435965,0.6437480985701247,0.4803011864922422,Low,False
2024-12-06 22:00:00,14.8,64,1013.3,False,False,0.05390115129226164,0.116789244,0.41390325524794647,0.6265591724977183,0.5202312138728324,Low,False
2024-12-06 23:00:00,13.6,68,1012.8,False,False,0.03649589901980904,0.24292053,0.6206267112868877,0.8973227867356252,0.7589747490112564,Medium,False
2024-12-07 00:00:00,12.7,69,1012.1,False,False,0.04905218144016604,0.11882322,0.4764222695466991,0.6350775783389109,0.555749923942805,Low,False
2024-12-07 01:00:00,12.1,70,1011.8,False,False,0.05019368733527624,0.12668562,0.46075448737450564,0.6638271980529358,0.5622908427137208,Low,False
2024-12-07 02:00:00,11.6,71,1011.6,False,False,0.05054009048502278,0.15456742,0.45679951323395196,0.7488591420748403,0.6028293276543961,Low,False
2024-12-07 03:00:00,10.8,76,1011.4,False,False,0.038703154881658264,0.14627741,0.596592637663523,0.7261940979616672,0.6613933678125952,Low,False
2024-12-07 04:00:00,10.2,79,1011.2,False,False,0.02869823931284171,0.21177547,0.697292363857621,0.8626407058107697,0.7799665348341953,Medium,False
2024-12-07 05:00:00,10.1,78,1011.2,False,False,0.031462404485301465,0.29273632,0.6714329175540006,0.9275935503498631,0.7995132339519319,Medium,False
2024-12-07 06:00:00,9.3,81,1012.6,False,False,0.005913057695000612,0.19625679,0.8583815028901733,0.8416489199878309,0.850015211439002,Medium,False
2024-12-07 07:00:00,9.1,81,1013.3,False,False,0.037170291823816926,0.10256787,0.6143900212960146,0.5609978703985397,0.5876939458472772,Low,False
2024-12-07 08:00:00,11.1,74,1013.8,False,False,0.036554310466317685,0.16530699,0.6200182537268026,0.7766960754487374,0.69835716458777,Low,False
2024-12-07 09:00:00,15.1,58,1014.3,False,False,0.012034291265973884,0.16206424,0.8224825068451476,0.7674170976574384,0.794949802251293,Medium,False
2024-12-07 10:00:00,18.6,45,1014.6,False,False,0.00544824396286675,0.090398155,0.8595984180103438,0.4972619409796167,0.6784301794949802,Low,False
2024-12-07 11:00:00,21.2,35,1013.9,False,False,0.022369877761385215,0.06371165,0.7529662306054152,0.3358685731670216,0.5444174018862185,Low,False
2024-12-07 12:00:00,22.5,29,1012.7,False,False,0.018865630938896316,0.07658061,0.7786735625190143,0.4195314876787344,0.5991025250988744,Low,False
2024-12-07 13:00:00,23.2,26,1011.8,False,False,0.01958376868233902,0.060162276,0.773349558868269,0.30970489808335866,0.5415272284758138,Low,False
2024-12-07 14:00:00,23.5,23,1011.1,False,False,0.018053406663532112,0.06427306,0.7838454517797384,0.3392150897474901,0.5615302707636143,Low,False
2024-12-07 15:00:00,23.2,22,1010.6,False,False,0.02423960117883589,0.072995484,0.7398843930635839,0.39823547307575297,0.5690599330696684,Low,False
2024-12-07 16:00:00,22.2,24,1010.7,False,False,0.01792340476730281,0.07801293,0.7847581381198662,0.43002738059020384,0.607392759355035,Low,False
2024-12-07 17:00:00,18.5,31,1010.8,True,False,-0.0013127213508609126,0.17398843,0.890021296014603,0.8001216915120171,0.84507149376331,Medium,True
2024-12-07 18:00:00,18.7,32,1011.7,False,False,0.02637024392034215,0.18379755,0.7208700943109219,0.8214177061149984,0.7711439002129601,Medium,False
2024-12-07 19:00:00,17.2,38,1012.2,False,False,0.024018604340104777,0.10777939,0.742013994523882,0.5876178886522665,0.6648159415880742,Low,False
2024-12-07 20:00:00,16.2,42,1012.7,False,False,0.03833983895415838,0.09879774,0.6011560693641618,0.5422878004259203,0.5717219348950411,Low,False
2024-12-07 21:00:00,15.8,43,1012.8,False,False,0.03500126109843815,0.13360901,0.6384240949193793,0.6901429875266201,0.6642835412229997,Low,False
2024-12-07 22:00:00,15.4,45,1013.0,False,False,0.03165739644099408,0.13458644,0.6696075448737451,0.6928810465470033,0.6812442957103741,Low,False
2024-12-07 23:00:00,15.1,47,1012.4,False,True,0.02886795037118539,0.354875,0.695771219957408,0.9536051110435048,0.8246881655004563,Medium,True
2024-12-08 00:00:00,14.4,47,1011.9,False,False,0.040997107771713226,0.23268041,0.5714937633100091,0.8869790082141771,0.7292363857620932,Low,False
2024-12-08 01:00:00,13.7,49,1011.7,False,False,0.0488758997018261,0.19247895,0.4787039853970185,0.8348037724368725,0.6567538789169456,Low,False
2024-12-08 02:00:00,13.2,51,1011.4,False,False,0.054343870881052025,0.16085571,0.40766656525707334,0.7643748098570124,0.5860206875570428,Low,False
2024-12-08 03:00:00,12.8,53,1011.2,False,False,0.0565749260320797,0.14625041,0.379221174323091,0.7260419835716458,0.5526315789473684,Low,False
2024-12-08 04:00:00,12.6,54,1010.9,False,False,0.06290047825018175,0.15857953,0.2966230605415272,0.7590508062062671,0.5278369333738971,Low,False
2024-12-08 05:00:00,12.4,55,1010.7,False,False,0.0592391242338523,0.18026158,0.34377852144812904,0.8145725585640402,0.5791755400060846,Low,False
2024-12-08 06:00:00,11.7,59,1011.8,False,False,0.042566463675677624,0.24730231,0.5540006084575602,0.9011256464861576,0.7275631274718588,Low,False
2024-12-08 07:00:00,11.6,59,1012.4,False,False,0.06399155375706611,0.18870036,0.27897779129905687,0.8285670824459994,0.5537724368725281,Low,False
2024-12-08 08:00:00,12.8,55,1012.9,False,False,0.05267544973265936,0.22614789,0.4277456647398844,0.8796775174931548,0.6537115911165197,Low,False
2024-12-08 09:00:00,14.9,49,1013.0,False,False,0.054431264831113546,0.23725201,0.4067538789169456,0.8923030118649224,0.649528445390934,Low,False
2024-12-08 10:00:00,16.8,47,1012.8,False,False,0.05683026670356883,0.22421323,0.3748098570124734,0.8789169455430483,0.6268634012777609,Low,False
2024-12-08 11:00:00,18.6,46,1011.7,False,False,0.03346760515893604,0.31020838,0.652114390021296,0.9367204137511409,0.7944174018862185,Medium,False
2024-12-08 12:00:00,19.8,42,1010.5,False,False,0.03862105737852478,0.30642658,0.5975053240036508,0.9350471554609066,0.7662762397322787,Medium,False
2024-12-08 13:00:00,20.9,35,1009.6,False,True,0.029478770548828137,0.3807853,0.6896866443565561,0.9618192881046547,0.8257529662306053,Medium,True
2024-12-08 14:00:00,21.3,32,1009.1,False,True,0.03761549951845278,0.39690283,0.609978703985397,0.9656221478551871,0.787800425920292,Medium,True
2024-12-08 15:00:00,20.9,32,1008.8,False,True,0.04057952729153247,0.45654103,0.5762093094006693,0.97535746881655,0.7757833891086097,Medium,True
2024-12-08 16:00:00,20.1,33,1008.7,False,True,0.03422987875618133,0.5239831,0.6455734712503802,0.9841801034377852,0.8148767873440828,Medium,True
2024-12-08 17:00:00,17.3,42,1009.2,True,True,-0.00015781369232525932,0.48021653,0.8862184362640706,0.978399756616976,0.9323090964405233,High,True
2024-12-08 18:00:00,16.8,39,1010.6,False,True,0.017888958490479112,0.7114255,0.7850623668999087,0.9952844539093398,0.8901734104046243,Medium,True
2024-12-08 19:00:00,15.1,56,1011.5,False,True,0.0014025088520256412,0.5083139,0.8781563735929419,0.9829631883176149,0.9305597809552784,High,True
2024-12-08 20:00:00,13.6,64,1012.2,False,False,0.028513552054587776,0.30160025,0.6995740797079404,0.9318527532704594,0.8157134164891999,Medium,False
2024-12-08 21:00:00,12.5,70,1012.8,False,False,0.014092034664047348,0.26233125,0.8089443261332522,0.9113173106175845,0.8601308183754184,Medium,False
2024-12-08 22:00:00,12.0,70,1013.3,False,False,0.018608212858392037,0.2899521,0.7804989351992698,0.9257681776696075,0.8531335564344387,Medium,False
2024-12-08 23:00:00,11.5,69,1013.2,False,True,0.01608152173095989,0.4218984,0.7972315181016124,0.9704898083358686,0.8838606632187405,Medium,True
2024-12-09 00:00:00,11.1,71,1013.1,False,True,0.04162038167061838,0.33199322,0.5640401581989656,0.9472163066626103,0.7556282324307879,Medium,True
2024-12-09 01:00:00,10.9,74,1013.3,False,False,0.03911714942147049,0.27511787,0.5923334347429267,0.9196836020687557,0.7560085184058412,Medium,False
2024-12-09 02:00:00,10.4,78,1013.4,False,False,0.034103409751920666,0.25744286,0.6466382719805294,0.9084271372071798,0.7775327045938546,Medium,False
2024-12-09 03:00:00,9.5,84,1013.7,False,False,0.02459777652098316,0.2106258,0.7374505628232431,0.8605111043504715,0.7989808335868573,Medium,False
2024-12-09 04:00:00,9.4,84,1013.7,False,False,0.025015999275090683,0.270772,0.7328871311226042,0.9163370854882872,0.8246121083054456,Medium,False
2024-12-09 05:00:00,9.1,86,1014.0,False,False,0.03043906790036005,0.21087193,0.6804076665652571,0.8609674475205354,0.7706875570428963,Medium,False
2024-12-09 06:00:00,8.9,88,1014.9,False,False,0.012849711377056094,0.18124853,0.8176148463644661,0.8168542744143596,0.8172345603894129,Medium,False
2024-12-09 07:00:00,8.7,89,1015.9,True,False,-0.005576041644548835,0.2713049,0.9076665652570733,0.9164891998783085,0.912077882567691,High,True
2024-12-09 08:00:00,10.5,79,1016.9,True,False,-0.04013583543082666,0.16591024,0.9797687861271677,0.7782172193489504,0.878993002738059,Medium,True
2024-12-09 09:00:00,13.5,66,1017.8,True,False,-0.04516688347650233,0.111539535,0.9849406753878917,0.6034377852144813,0.7941892303011865,Medium,True
2024-12-09 10:00:00,16.1,59,1018.4,True,False,-0.02364482785853861,0.08067814,0.9607544873745056,0.44402190447216305,0.7023881959233343,Low,True
2024-12-09 11:00:00,18.0,52,1018.1,True,False,-0.02403765798520685,0.09528435,0.9613629449345908,0.5244904167934287,0.7429266808640098,Low,True
2024-12-09 12:00:00,19.3,46,1017.3,True,False,-0.012014203164086523,0.15654631,0.9297231518101612,0.7546394888956496,0.8421813203529054,Medium,True
2024-12-09 13:00:00,20.2,41,1016.6,True,False,-0.020698541795291847,0.18105964,0.9546699117736538,0.816550045634317,0.8856099787039854,Medium,True
2024-12-09 14:00:00,20.5,38,1016.3,True,False,-0.01598586375801514,0.16995361,0.9432613325220566,0.7899300273805901,0.8665956799513234,Medium,True
2024-12-09 15:00:00,20.3,37,1016.1,True,False,-0.0017077017313171794,0.17342372,0.8924551262549437,0.7986005476118041,0.8455278369333739,Medium,True
2024-12-09 16:00:00,19.7,38,1016.3,False,False,0.0020173123798385983,0.14715981,0.8751140857925159,0.7293885001521144,0.8022512929723151,Medium,False
2024-12-09 17:00:00,17.5,46,1016.8,False,False,0.0050875469899144266,0.18273862,0.8611195619105567,0.8188317614846364,0.8399756616975966,Medium,False
2024-12-09 18:00:00,17.0,43,1017.9,False,False,0.00693606450594364,0.27429894,0.8532096136294494,0.9192272588986918,0.8862184362640706,Medium,False
2024-12-09 19:00:00,15.9,49,1018.6,False,False,0.007787789577938797,0.14500356,0.846820809248555,0.7226954669911774,0.7847581381198662,Medium,False
2024-12-09 20:00:00,14.6,56,1019.0,False,False,0.01590265461573842,0.16158064,0.7982963188317616,0.7658959537572254,0.7820961362944935,Medium,False
2024-12-09 21:00:00,13.4,61,1019.2,False,False,0.012839102148303527,0.16944602,0.8177669607544874,0.7882567690903559,0.8030118649224216,Medium,False
2024-12-09 22:00:00,12.8,62,1019.2,False,False,0.0220536599863278,0.17567559,0.7570733191359903,0.804685123212656,0.7808792211743232,Medium,False
2024-12-09 23:00:00,12.0,66,1019.1,False,False,0.018007531202407667,0.25979167,0.7844539093398235,0.9102525098874353,0.8473532096136294,Medium,False
2024-12-10 00:00:00,11.3,70,1018.8,False,True,0.0210891942452186,0.67436624,0.7639184666869485,0.9936111956191056,0.8787648311530271,Medium,True
2024-12-10 01:00:00,10.6,73,1018.7,False,True,0.03195576063405464,0.4617342,0.6659567995132339,0.9764222695466991,0.8211895345299665,Medium,True
2024-12-10 02:00:00,10.1,76,1018.5,False,True,0.03684414561122551,0.328416,0.6178886522665044,0.9452388195923335,0.781563735929419,Medium,True
2024-12-10 03:00:00,9.7,74,1018.1,False,False,0.045060441414266184,0.29926497,0.52464253118345,0.9304837237602677,0.7275631274718588,Low,False
2024-12-10 04:00:00,8.9,71,1017.8,False,False,0.05392963450073501,0.23152049,0.41329479768786126,0.8857620930940067,0.649528445390934,Low,False
2024-12-10 05:00:00,8.3,69,1018.0,False,False,0.05577661656492616,0.1537047,0.3888043808944326,0.7458168542744144,0.5673106175844235,Low,False
2024-12-10 06:00:00,7.5,67,1018.9,False,False,0.02115597169823652,0.22759707,0.7633100091268634,0.8813507757833892,0.8223303924551263,Medium,False
2024-12-10 07:00:00,7.0,71,1019.8,False,False,0.008707071053826732,0.21312138,0.8413446912077882,0.8650745360511104,0.8532096136294494,Medium,False
2024-12-10 08:00:00,9.2,63,1020.3,False,False,0.006871893612285018,0.23258999,0.8536659567995133,0.8868268938241558,0.8702464253118345,Medium,False
2024-12-10 09:00:00,12.9,51,1020.8,True,False,-0.024472720862305897,0.24326862,0.9622756312747186,0.8974749011256465,0.9298752662001826,High,True
2024-12-10 10:00:00,16.2,41,1020.7,True,False,-0.004805519332562902,0.20312782,0.90492850623669,0.8497109826589595,0.8773197444478247,Medium,True
2024-12-10 11:00:00,18.7,32,1019.9,True,False,-0.006485708902733145,0.15426059,0.9114694250076057,0.7473379981746273,0.8294037115911166,Medium,True
2024-12-10 12:00:00,20.0,25,1018.8,True,False,-0.001632225673688148,0.15067846,0.8918466686948585,0.7395801642835412,0.8157134164891999,Medium,True
2024-12-10 13:00:00,20.6,22,1017.7,False,False,0.00165006150231084,0.16081284,0.8766352296927289,0.7642226954669912,0.82042896257986,Medium,False
2024-12-10 14:00:00,20.7,21,1017.0,False,False,0.010297896905610726,0.14714646,0.8329783997566169,0.729236385762093,0.781107392759355,Medium,False
2024-12-10 15:00:00,20.3,22,1016.5,False,False,0.004184445728642183,0.14802219,0.8650745360511104,0.7318223303924551,0.7984484332217827,Medium,False
2024-12-10 16:00:00,19.3,25,1016.4,False,False,0.0037425918242254275,0.14474699,0.8673562519014298,0.7220870094310922,0.794721630666261,Medium,False
2024-12-10 17:00:00,15.9,33,1016.6,True,False,-0.01918216044799559,0.16483827,0.9520839671432918,0.7762397322786736,0.8641618497109826,Medium,True
2024-12-10 18:00:00,15.6,36,1017.5,False,False,0.02599298364908781,0.16371442,0.724064496501369,0.7735016732582902,0.7487830848798296,Low,False
2024-12-10 19:00:00,14.2,41,1018.0,False,False,0.02865901416066363,0.124946624,0.697900821417706,0.6591116519622756,0.6785062366899908,Low,False
2024-12-10 20:00:00,13.0,47,1018.2,False,False,0.02522903198010895,0.13204071,0.7312138728323699,0.6858837846060237,0.7085488287191968,Low,False
2024-12-10 21:00:00,12.6,49,1018.4,False,False,0.036914366932422504,0.15919721,0.6172801947064193,0.7613325220565865,0.6893063583815029,Low,False
2024-12-10 22:00:00,12.3,51,1018.5,False,False,0.032630596923426014,0.17552388,0.6600243383024034,0.8043808944326133,0.7322026163675084,Low,False
2024-12-10 23:00:00,12.0,55,1018.4,False,False,0.03191569962018237,0.20228541,0.6667173714633404,0.8487982963188317,0.7577578338910861,Medium,False
2024-12-11 00:00:00,11.6,54,1018.1,False,False,0.03772798083258694,0.19367741,0.6093702464253119,0.8375418314572558,0.7234560389412839,Low,False
2024-12-11 01:00:00,10.7,56,1017.8,False,False,0.040634588919625014,0.16811362,0.5754487374505628,0.7847581381198662,0.6801034377852144,Low,False
2024-12-11 02:00:00,9.9,59,1017.7,False,False,0.04267243275263055,0.15341632,0.5526315789473684,0.7455126254943718,0.6490721022208701,Low,False
2024-12-11 03:00:00,8.8,61,1017.5,False,False,0.03604646148730806,0.16731566,0.6261028293276544,0.7818679647094615,0.7039853970185579,Low,False
2024-12-11 04:00:00,8.5,61,1017.3,False,False,0.04426299583283211,0.21016534,0.5340736233647703,0.8595984180103438,0.696836020687557,Low,False
2024-12-11 05:00:00,7.8,65,1017.5,False,False,0.04507739408823691,0.17719124,0.5243383024034074,0.8081076969881351,0.6662229996957713,Low,False
2024-12-11 06:00:00,7.0,75,1018.4,True,False,-0.0031981480236908943,0.18763001,0.8988439306358381,0.8268938241557652,0.8628688773958016,Medium,True
2024-12-11 07:00:00,6.9,77,1019.1,False,False,0.017060499526219408,0.1385226,0.7900821417706115,0.705506540918771,0.7477943413446912,Low,False
2024-12-11 08:00:00,8.7,70,1019.9,False,False,0.0069391921865695205,0.14647122,0.8529053848494068,0.726650441131731,0.7897779129905689,Medium,False
2024-12-11 09:00:00,12.7,56,1020.5,True,False,-0.018000735281431535,0.15427844,0.9491937937328871,0.7476422269546699,0.8484180103437785,Medium,True
2024-12-11 10:00:00,16.3,40,1020.6,True,False,-0.013222698031579383,0.14297909,0.9344386979008215,0.717371463340432,0.8259050806206267,Medium,True
2024-12-11 11:00:00,18.7,31,1019.8,False,False,0.0031089631094554093,0.08894587,0.8700943109218132,0.48965622147855187,0.6798752662001826,Low,False
2024-12-11 12:00:00,20.1,26,1018.6,False,False,0.0054361866249091895,0.1177599,0.8597505324003651,0.6303620322482507,0.7450562823243079,Low,False
2024-12-11 13:00:00,20.9,24,1017.5,False,False,0.0015661636582724459,0.1490495,0.8773958016428354,0.7360815333130514,0.8067386674779433,Medium,False
2024-12-11 14:00:00,21.0,24,1016.6,False,False,0.00864619880281503,0.18103339,0.8416489199878309,0.8163979312442957,0.8290234256160633,Medium,False
2024-12-11 15:00:00,20.7,25,1016.2,False,False,0.012942959786124142,0.17512843,0.8167021600243383,0.8030118649224217,0.8098570124733799,Medium,False
2024-12-11 16:00:00,19.7,28,1015.9,False,False,0.014832289579136626,0.247153,0.804228780042592,0.9006693033160937,0.8524490416793429,Medium,False
2024-12-11 17:00:00,15.9,39,1015.9,True,False,-0.016452258688358756,0.16820993,0.9446303620322483,0.78521448128993,0.8649224216610891,Medium,True
2024-12-11 18:00:00,15.2,42,1016.5,False,False,0.039029758859827735,0.20644349,0.5933982354730758,0.8542744143595984,0.7238363249163371,Low,False
2024-12-11 19:00:00,14.0,48,1016.8,False,False,0.04157759001719624,0.1724551,0.5649528445390934,0.7958624885914207,0.6804076665652571,Low,False
2024-12-11 20:00:00,13.3,51,1016.9,False,False,0.04901926869263146,0.21379401,0.47657438393672036,0.8659872223912383,0.6712808031639793,Low,False
2024-12-11 21:00:00,12.7,54,1017.0,False,False,0.04417556333256223,0.21894127,0.5351384240949194,0.8732887131122604,0.70421356860359,Low,False
2024-12-11 22:00:00,12.0,57,1016.9,False,False,0.04253364512242075,0.24929488,0.5546090660176453,0.9027989047763918,0.7287039853970185,Low,False
2024-12-11 23:00:00,11.5,59,1016.6,False,True,0.028181513278807968,0.32883957,0.7032248250684514,0.9458472771524186,0.8245360511104349,Medium,True
2024-12-12 00:00:00,11.1,61,1015.9,False,False,0.026817155543940152,0.2638253,0.717371463340432,0.91314268329784,0.815257073319136,Medium,False
2024-12-12 01:00:00,10.5,64,1015.4,False,False,0.02549845818062646,0.2857176,0.7293885001521143,0.9237906905993307,0.8265895953757225,Medium,False
2024-12-12 02:00:00,9.8,67,1015.2,False,False,0.028219167674503665,0.31450328,0.7029205962884089,0.9396105871615454,0.8212655917249772,Medium,False
2024-12-12 03:00:00,9.4,70,1015.1,False,True,0.02751230000540894,0.3562017,0.7108305445695162,0.9542135686035899,0.832522056586553,Medium,True
2024-12-12 04:00:00,8.5,73,1015.1,False,True,0.021538536960959864,0.35595143,0.759963492546395,0.9540614542135686,0.8570124733799818,Medium,True
2024-12-12 05:00:00,8.3,75,1015.2,False,True,0.023564631418783566,0.40454626,0.7447520535442653,0.9669911773653788,0.855871615454822,Medium,True
2024-12-12 06:00:00,6.8,82,1016.2,True,False,-0.03701695708347186,0.23777339,0.9756616975965926,0.8927593550349863,0.9342105263157894,High,True
2024-12-12 07:00:00,6.1,85,1016.8,False,False,0.002534664093966299,0.1960507,0.8722239123821114,0.8411925768177669,0.8567082445999392,Medium,False
2024-12-12 08:00:00,8.8,71,1017.7,False,True,0.00215313225593472,0.3780232,0.8743535138424094,0.9609066017645269,0.9176300578034682,High,True
2024-12-12 09:00:00,13.1,54,1018.5,False,False,0.0002522067963364183,0.23426318,0.8842409491937937,0.8886522665044113,0.8864466078491025,Medium,False
2024-12-12 10:00:00,16.6,41,1019.0,True,False,-0.0061070423572412436,0.13404061,0.9094919379373289,0.6910556738667478,0.8002738059020383,Medium,True
2024-12-12 11:00:00,18.9,34,1018.5,False,False,0.020995899197512657,0.06546456,0.7649832674170977,0.3486461819288105,0.556814724672954,Low,False
2024-12-12 12:00:00,20.2,29,1017.9,False,False,0.013412591680338481,0.0717281,0.8132035290538485,0.38850015211439004,0.6008518405841192,Low,False
2024-12-12 13:00:00,20.8,28,1016.8,False,False,0.01210832908596482,0.106297225,0.822178278065105,0.580164283541223,0.701171280803164,Low,False
2024-12-12 14:00:00,20.9,28,1016.5,False,False,0.026154629677106855,0.08466194,0.7226954669911774,0.46759963492546397,0.5951475509583206,Low,False
2024-12-12 15:00:00,20.5,29,1016.3,False,False,0.023369197294526578,0.094432056,0.7458168542744144,0.5203833282628537,0.633100091268634,Low,False
2024-12-12 16:00:00,19.5,32,1016.5,False,False,0.025471486761506512,0.11822783,0.7295406145421357,0.6321874049285062,0.6808640097353209,Low,False
2024-12-12 17:00:00,16.6,42,1017.1,False,False,0.005115229739130034,0.19260892,0.8608153331305142,0.8349558868268938,0.847885609978704,Medium,False
2024-12-12 18:00:00,15.4,47,1017.9,False,False,0.034385042562330326,0.104064725,0.6440523273501673,0.5681472467295406,0.6060997870398539,Low,False
2024-12-12 19:00:00,14.2,54,1018.6,False,False,0.041878581190897934,0.123161905,0.5613020991785823,0.6525707331913599,0.6069364161849711,Low,False
2024-12-12 20:00:00,13.0,58,1019.0,False,False,0.035107792850815,0.1428669,0.6375114085792516,0.7169151201703681,0.6772132643748099,Low,False
2024-12-12 21:00:00,12.3,61,1019.6,False,False,0.03379118407433812,0.07379167,0.6490721022208701,0.4018862184362641,0.5254791603285671,Low,False
2024-12-12 22:00:00,12.0,62,1019.8,False,False,0.018790706455317885,0.10172236,0.7791299056890781,0.557042896257986,0.6680864009735321,Low,False
2024-12-12 23:00:00,11.8,62,1019.9,False,False,0.014032849553330784,0.13153827,0.8097048980833587,0.6839062975357468,0.7468055978095527,Low,False
2024-12-13 00:00:00,10.9,65,1019.9,False,True,0.012544732207369902,0.3888166,0.8194402190447216,0.9644052327350168,0.8919227258898692,Medium,True
2024-12-13 01:00:00,9.8,71,1019.9,False,False,0.003088061740450787,0.3111479,0.8702464253118345,0.9370246425311834,0.903635533921509,High,False
2024-12-13 02:00:00,9.1,74,1019.8,False,False,0.02208707652925257,0.2514968,0.7563127471858838,0.90492850623669,0.8306206267112869,Medium,False
2024-12-13 03:00:00,8.8,73,1019.7,False,False,0.03659669448469388,0.22116159,0.6198661393367813,0.8763310009126863,0.7480985701247338,Low,False
2024-12-13 04:00:00,8.8,69,1019.6,False,False,0.03559510635942703,0.21197776,0.6321874049285062,0.862792820200791,0.7474901125646486,Low,False
2024-12-13 05:00:00,8.7,66,1019.5,False,False,0.04095988059015904,0.16548586,0.5724064496501369,0.7771524186188014,0.6747794341344691,Low,False
2024-12-13 06:00:00,7.9,76,1020.1,False,False,0.012466501273950603,0.106858194,0.8198965622147856,0.5827502281715851,0.7013233951931853,Low,False
2024-12-13 07:00:00,7.9,73,1020.6,False,False,0.031759896245908914,0.117578216,0.668542744143596,0.629449345908123,0.6489960450258595,Low,False
2024-12-13 08:00:00,9.6,64,1021.1,True,False,-0.0017450519237767192,0.20484556,0.892607240644965,0.8521448128993002,0.8723760267721326,Medium,True
2024-12-13 09:00:00,12.9,52,1021.7,True,False,-0.019182131909408207,0.14194803,0.9519318527532704,0.7152418618801338,0.8335868573167021,Medium,True
2024-12-13 10:00:00,16.1,40,1021.9,True,False,-0.022207440358370523,0.14853774,0.9577121995740797,0.7344082750228171,0.8460602372984485,Medium,True
2024-12-13 11:00:00,18.6,33,1021.0,True,False,-0.0012927407320610929,0.124303214,0.8897170672345603,0.6565257073319136,0.773121387283237,Medium,True
2024-12-13 12:00:00,20.3,26,1019.7,True,False,-0.01629843792900343,0.14885266,0.944021904472163,0.7356251901429876,0.8398235473075752,Medium,True
2024-12-13 13:00:00,21.1,22,1018.5,True,False,-0.011539478522095026,0.17389277,0.928049893519927,0.7995132339519319,0.8637815637359294,Medium,True
2024-12-13 14:00:00,21.3,21,1017.9,False,False,0.0061030777577717465,0.15543817,0.8573167021600243,0.7515972010952237,0.804456951627624,Medium,False
2024-12-13 15:00:00,20.8,23,1017.4,True,False,-0.009240262815029876,0.1647711,0.9218132035290538,0.7760876178886522,0.848950410708853,Medium,True
2024-12-13 16:00:00,19.7,28,1017.4,False,False,0.002028688749926899,0.15702452,0.8749619714024947,0.7567690903559476,0.8158655308792211,Medium,False
2024-12-13 17:00:00,16.7,36,1017.8,True,False,-0.020428887260459994,0.14299516,0.9542135686035899,0.7175235777304533,0.8358685731670216,Medium,True
2024-12-13 18:00:00,15.9,38,1018.2,False,False,0.024885333737163007,0.1405635,0.7341040462427746,0.7103742013994524,0.7222391238211134,Low,False
2024-12-13 19:00:00,14.8,41,1018.6,False,False,0.02626288111858638,0.12471662,0.7217827806510496,0.6583510800121691,0.6900669303316094,Low,False
2024-12-13 20:00:00,13.9,43,1019.0,False,False,0.02492421786633109,0.13094133,0.733799817462732,0.6820809248554913,0.7079403711591117,Low,False
2024-12-13 21:00:00,13.0,45,1019.5,False,False,0.014718081885806367,0.12716588,0.8049893519926985,0.6658046851232127,0.7353970185579556,Low,False
2024-12-13 22:00:00,12.1,47,1019.4,False,False,0.015559024776137298,0.2040477,0.8005780346820809,0.8510800121691512,0.825829023425616,Medium,False
2024-12-13 23:00:00,11.3,49,1019.3,False,False,0.017871385947664964,0.21446109,0.7855187100699726,0.866899908731366,0.8262093094006693,Medium,False
2024-12-14 00:00:00,10.5,52,1018.7,False,False,0.027565815904486812,0.19936477,0.7100699726194097,0.8460602372984485,0.7780651049589291,Medium,False
2024-12-14 01:00:00,9.8,55,1018.4,False,False,0.035171097255905004,0.17651676,0.6365987222391238,0.8065104958929115,0.7215546090660176,Low,False
2024-12-14 02:00:00,9.3,58,1018.2,False,False,0.03598561485840396,0.17906047,0.6267112868877396,0.8115302707636143,0.7191207788256769,Low,False
2024-12-14 03:00:00,9.0,59,1018.0,False,False,0.03773445365053307,0.21441302,0.6092181320352905,0.8667477943413447,0.7379829631883177,Low,False
2024-12-14 04:00:00,8.7,60,1017.8,False,False,0.038585655778907324,0.24025354,0.5978095527836933,0.8945847277152419,0.7461971402494676,Low,False
2024-12-14 05:00:00,8.4,62,1017.9,False,False,0.0417708748571442,0.23518325,0.5620626711286888,0.8895649528445391,0.725813811986614,Low,False
2024-12-14 06:00:00,7.3,72,1018.8,True,False,-0.0013082230714194232,0.21262671,0.8898691816245817,0.8643139641010039,0.8770915728627928,Medium,True
2024-12-14 07:00:00,7.2,73,1019.5,False,False,0.02792781058937155,0.17734207,0.7062671128688773,0.808335868573167,0.7573014907210222,Medium,False
2024-12-14 08:00:00,8.8,66,1020.1,False,False,0.010233465453634738,0.20156133,0.8335868573167021,0.847885609978704,0.8407362336477031,Medium,False
2024-12-14 09:00:00,11.8,55,1020.4,False,False,0.006880858996358041,0.21965244,0.8535138424094919,0.8742013994523882,0.8638576209309401,Medium,False
2024-12-14 10:00:00,15.0,44,1020.8,True,False,-0.000254257758375398,0.13563167,0.8869790082141771,0.6960754487374505,0.7915272284758138,Medium,True
2024-12-14 11:00:00,17.9,35,1020.3,False,False,0.004891312073152021,0.111237116,0.8617280194706419,0.6019166413142684,0.7318223303924551,Low,False
2024-12-14 12:00:00,19.9,28,1019.4,True,False,-0.0015722411214401655,0.10729577,0.8913903255247947,0.5845756008518406,0.7379829631883177,Low,True
2024-12-14 13:00:00,21.1,23,1018.4,True,False,-0.010954523746209088,0.13063762,0.9266808640097353,0.6808640097353209,0.8037724368725281,Medium,True
2024-12-14 14:00:00,21.5,22,1017.8,False,False,0.003827314526001435,0.16613996,0.8665956799513234,0.778521448128993,0.8225585640401583,Medium,False
2024-12-14 15:00:00,21.2,23,1017.5,False,False,0.014068956327814741,0.187841,0.8094006693033161,0.8275022817158503,0.8184514755095832,Medium,False
2024-12-14 16:00:00,19.9,29,1017.4,False,False,0.0170733199429276,0.22777498,0.7899300273805903,0.8815028901734104,0.8357164587770003,Medium,False
2024-12-14 17:00:00,16.1,41,1017.4,True,False,-0.012652997294181123,0.18008752,0.932156982050502,0.8136598722239123,0.8729084271372072,Medium,True
2024-12-14 18:00:00,15.3,46,1018.2,False,False,0.036535893122830065,0.16757667,0.6203224825068452,0.7830848798296319,0.7017036811682386,Low,False
2024-12-14 19:00:00,14.1,51,1018.4,False,False,0.03875797027980493,0.106674686,0.5959841801034378,0.5816854274414359,0.5888348037724369,Low,False
2024-12-14 20:00:00,12.9,56,1018.8,False,False,0.0396796449982062,0.09249553,0.5856404015819896,0.5083662914511713,0.5470033465165804,Low,False
2024-12-14 21:00:00,12.1,60,1019.3,False,False,0.034041510620211324,0.080990456,0.6473988439306358,0.447064192272589,0.5472315181016124,Low,False
2024-12-14 22:00:00,11.4,63,1019.5,False,False,0.03436951032947588,0.08248984,0.6442044417401886,0.45512625494371767,0.5496653483419531,Low,False
2024-12-14 23:00:00,10.6,65,1019.1,False,False,0.016996496184651155,0.17661801,0.7903863705506541,0.806814724672954,0.7986005476118041,Medium,False
2024-12-15 00:00:00,10.0,67,1018.8,False,False,0.029904110090895997,0.104664244,0.6852753270459385,0.5714937633100091,0.6283845451779738,Low,False
2024-12-15 01:00:00,9.6,68,1018.4,False,False,0.03539789771700891,0.09482762,0.6349254639488895,0.5217523577730453,0.5783389108609673,Low,False
2024-12-15 02:00:00,9.2,70,1018.3,False,False,0.0402196984695079,0.08198712,0.5789473684210527,0.45269242470337695,0.5158198965622148,Low,False
2024-12-15 03:00:00,8.6,72,1018.3,False,False,0.041323014318893736,0.07787421,0.5681472467295405,0.42865835108001216,0.49840279890477635,Low,False
2024-12-15 04:00:00,8.0,77,1018.3,False,False,0.028454485802946683,0.07700202,0.7000304228780043,0.42226954669911776,0.561149984788561,Low,False
2024-12-15 05:00:00,7.5,81,1018.3,False,False,0.024516073137556937,0.08982544,0.7380590203833283,0.49467599634925463,0.6163675083662914,Low,False
2024-12-15 06:00:00,5.9,88,1019.4,True,False,-0.04307222484236117,0.14639187,0.9832674170976574,0.7264983267417098,0.8548828719196836,Medium,True
2024-12-15 07:00:00,6.0,86,1020.1,True,False,-0.004233457137193475,0.09614389,0.9021904472163067,0.5285975053240036,0.7153939762701551,Low,True
2024-12-15 08:00:00,8.1,79,1020.9,True,False,-0.016429067705362788,0.058952197,0.944478247642227,0.30240340736233645,0.6234408275022817,Low,True
2024-12-15 09:00:00,11.8,64,1021.6,True,False,-0.03800273384076547,0.06424613,0.9762701551566778,0.3384545177973836,0.6573623364770307,Low,True
2024-12-15 10:00:00,15.8,49,1022.1,True,False,-0.043644833763584745,0.073625505,0.9837237602677213,0.400821417706115,0.6922725889869181,Low,True
2024-12-15 11:00:00,18.5,38,1021.7,True,False,-0.015406331766056769,0.028960021,0.9418923030118649,0.0800121691512017,0.5109522360815333,Low,True
2024-12-15 12:00:00,20.3,31,1020.7,True,False,-0.01968724399314592,0.026074013,0.9529966534834196,0.060997870398539704,0.5069972619409796,Low,True
2024-12-15 13:00:00,21.5,27,1019.3,True,False,-0.027510907423915376,0.06650045,0.9669911773653788,0.3547307575296623,0.6608609674475205,Low,True
2024-12-15 14:00:00,21.9,25,1018.5,True,False,-0.013585463191600478,0.048047762,0.936264070581077,0.2220870094310922,0.5791755400060846,Low,True
2024-12-15 15:00:00,21.7,25,1018.1,True,False,-0.003106845444215467,0.056184895,0.8980833586857316,0.28460602372984484,0.5913446912077882,Low,True
2024-12-15 16:00:00,20.0,37,1018.0,True,False,-0.018851801815852,0.2434604,0.9507149376331001,0.8976270155156678,0.924170976574384,High,True
2024-12-15 17:00:00,16.3,44,1018.0,True,False,-0.006014956325642085,0.13759632,0.9091877091572863,0.7020079099482811,0.8055978095527837,Medium,True
2024-12-15 18:00:00,15.2,49,1018.6,False,False,0.02844727971504668,0.06294368,0.7001825372680255,0.3290234256160633,0.5146029814420444,Low,False
2024-12-15 19:00:00,13.5,58,1019.0,False,False,0.02218184091282238,0.049620908,0.7550958320657134,0.23532096136294495,0.49520839671432915,Low,False
2024-12-15 20:00:00,12.0,67,1019.2,False,False,0.022357185726356477,0.06452188,0.7532704593854579,0.34104046242774566,0.5471554609066018,Low,False
2024-12-15 21:00:00,10.7,75,1019.5,False,False,0.010069561325955156,0.07649388,0.8344995436568299,0.41922725889869183,0.6268634012777609,Low,False
2024-12-15 22:00:00,10.0,79,1019.3,False,False,0.014237450056870993,0.18823016,0.8077274110130819,0.8279586248859142,0.817843017949498,Medium,False
2024-12-15 23:00:00,9.2,83,1018.9,False,False,0.0011272786512356303,0.27276656,0.8796775174931548,0.9177061149984789,0.8986918162458168,Medium,False
2024-12-16 00:00:00,8.6,84,1018.5,False,False,0.014719687158049777,0.081679806,0.8048372376026772,0.45132339519318526,0.6280803163979313,Low,False
2024-12-16 01:00:00,8.2,85,1018.2,False,False,0.012873938164698506,0.09758263,0.8174627319744447,0.5358989960450259,0.6766808640097353,Low,False
2024-12-16 02:00:00,7.6,87,1018.0,False,False,0.007899918193152833,0.10823645,0.846364466078491,0.5895953757225434,0.7179799209005172,Low,False
2024-12-16 03:00:00,7.0,90,1017.9,False,False,0.000879760998945156,0.1294223,0.8805902038332827,0.6769090355947672,0.7787496197140249,Medium,False
2024-12-16 04:00:00,6.5,91,1018.0,True,False,-0.004630685705327986,0.1618857,0.9043200486766048,0.7666565257073319,0.8354882871919683,Medium,True
2024-12-16 05:00:00,6.0,93,1018.1,True,False,-0.01659288760974309,0.17047572,0.9453909339823547,0.7914511712808031,0.868421052631579,Medium,True
2024-12-16 06:00:00,5.4,94,1019.2,True,False,-0.048638709977836814,0.149549,0.9869181624581685,0.7368421052631579,0.8618801338606632,Medium,True
2024-12-16 07:00:00,5.0,95,1019.9,True,False,-0.03569788038356203,0.094093755,0.9747490112564648,0.5176452692424703,0.7461971402494676,Low,True
2024-12-16 08:00:00,6.9,91,1020.3,True,False,-0.02518022266951192,0.18531103,0.9631883176148464,0.8230909644052328,0.8931396410100396,Medium,True
2024-12-16 09:00:00,11.1,73,1020.9,True,False,-0.03868313916069388,0.22226514,0.977334955886827,0.8770915728627928,0.9272132643748099,High,True
2024-12-16 10:00:00,15.4,54,1021.0,True,False,-0.041981466054777816,0.1664316,0.9822026163675084,0.7788256769090356,0.880514146638272,Medium,True
2024-12-16 11:00:00,18.1,40,1020.2,True,False,-0.0526682767575225,0.14814721,0.990264679038637,0.7327350167325829,0.86149984788561,Medium,True
2024-12-16 12:00:00,19.8,32,1018.9,True,False,-0.05565829882463036,0.09834169,0.99178582293885,0.5398539701855796,0.7658198965622147,Medium,True
2024-12-16 13:00:00,20.8,28,1017.5,True,False,-0.059092807569723904,0.086370274,0.9934590812290842,0.4780955278369334,0.7357773045330088,Low,True
2024-12-16 14:00:00,21.3,26,1016.6,True,False,-0.053435481776924254,0.048530143,0.9910252509887435,0.2254335260115607,0.6082293885001521,Low,True
2024-12-16 15:00:00,21.1,26,1016.2,True,False,-0.039586326311311426,0.037792575,0.9788560997870398,0.14192272588986918,0.5603894128384544,Low,True
2024-12-16 16:00:00,19.8,32,1015.6,True,False,-0.03821325329696701,0.17118004,0.9764222695466991,0.7926680864009735,0.8845451779738362,Medium,True
2024-12-16 17:00:00,15.7,45,1015.6,True,False,-0.056963524647396846,0.108417034,0.9920900517188926,0.5902038332826285,0.7911469425007606,Medium,True
2024-12-16 18:00:00,15.5,58,1016.1,True,False,-0.02367731125549788,0.30749288,0.9610587161545482,0.9355034986309705,0.9482811073927593,High,True
2024-12-16 19:00:00,14.0,66,1016.6,True,False,-0.0004757852614190039,0.1994161,0.8880438089443261,0.8462123516884698,0.8671280803163979,Medium,True
2024-12-16 20:00:00,13.0,71,1016.9,False,False,0.008141190351438399,0.2987553,0.8442348646181929,0.9303316093702464,0.8872832369942196,Medium,False
2024-12-16 21:00:00,11.9,78,1017.2,True,False,-0.007834109586680738,0.31437802,0.9164891998783085,0.9393063583815029,0.9278977791299057,High,True
2024-12-16 22:00:00,10.6,85,1017.0,True,True,-0.01739332537767624,0.47856578,0.9475205354426529,0.977943413446912,0.9627319744447824,High,True
2024-12-16 23:00:00,9.8,86,1016.7,True,True,-0.021553647678167254,0.67523396,0.9560389412838455,0.9939154243991482,0.9749771828414968,High,True
2024-12-17 00:00:00,9.0,87,1016.1,True,True,-0.015000530469541418,0.41457924,0.9400669303316094,0.9691207788256769,0.9545938545786432,High,True
2024-12-17 01:00:00,8.1,89,1015.6,True,True,-0.01521050500720078,0.45713815,0.9406753878916946,0.9755095832065713,0.958092485549133,High,True
2024-12-17 02:00:00,7.5,91,1015.5,True,True,-0.024247678279593954,0.48798808,0.9616671737146334,0.9799209005171889,0.9707940371159112,High,True
2024-12-17 03:00:00,6.8,92,1015.2,True,True,-0.028410769453681817,0.5832763,0.9679038637055065,0.988135077578339,0.9780194706419227,High,True
2024-12-17 04:00:00,6.0,94,1015.2,True,True,-0.03555104639423745,0.58312416,0.9745968968664436,0.9878308487982963,0.9812138728323699,High,True
2024-12-17 05:00:00,5.6,95,1015.4,True,True,-0.036706051985114785,0.61033094,0.9755095832065713,0.990721022208701,0.9831153027076361,High,True
2024-12-17 06:00:00,5.2,94,1016.6,True,True,-0.060908245194065014,0.4861573,0.9943717675692121,0.9793124429571037,0.986842105263158,High,True
2024-12-17 07:00:00,5.2,92,1017.3,True,True,-0.040072571585549,0.37236094,0.9796166717371463,0.9592333434742927,0.9694250076057195,High,True
2024-12-17 08:00:00,7.0,88,1018.0,True,True,-0.024198547066823006,0.35621992,0.9615150593246121,0.9543656829936112,0.9579403711591117,High,True
2024-12-17 09:00:00,11.2,71,1018.8,True,False,-0.032460719956431405,0.2924818,0.9726194097961667,0.9271372071797992,0.9498783084879829,High,True
2024-12-17 10:00:00,15.2,52,1019.1,True,False,-0.03911512691850316,0.24219805,0.9782476422269547,0.8965622147855187,0.9374049285062367,High,True
2024-12-17 11:00:00,17.5,40,1018.8,True,False,-0.044216733481760695,0.20776363,0.9844843322178278,0.856099787039854,0.9202920596288409,High,True
2024-12-17 12:00:00,19.0,33,1017.8,True,False,-0.03783460286381701,0.12742761,0.9759659263766353,0.6674779434134469,0.8217219348950411,Medium,True
2024-12-17 13:00:00,19.9,30,1017.0,True,False,-0.031406443092366954,0.09333421,0.9710982658959537,0.5135381807118954,0.7423182233039245,Low,True
2024-12-17 14:00:00,20.3,28,1016.5,True,False,-0.023550920106791162,0.08358357,0.960450258594463,0.4618192881046547,0.7111347733495589,Low,True
2024-12-17 15:00:00,20.1,29,1016.1,True,False,-0.01984745735743776,0.074705325,0.9531487678734408,0.4084271372071798,0.6807879525403103,Low,True
2024-12-17 16:00:00,18.9,33,1016.2,True,False,-0.010262817897220167,0.08839231,0.9242470337693945,0.48752662001825375,0.7058868268938241,Low,True
2024-12-17 17:00:00,15.5,44,1016.2,True,False,-0.028905235939315044,0.19585499,0.9683602068755705,0.8408883480377244,0.9046242774566474,High,True
2024-12-17 18:00:00,14.7,51,1016.4,False,False,0.008041993083414134,0.12783876,0.845299665348342,0.6699117736537876,0.7576057195010648,Medium,False
2024-12-17 19:00:00,13.3,60,1017.0,False,False,0.014133020033986088,0.09529511,0.8086400973532096,0.5247946455734712,0.6667173714633404,Low,False
2024-12-17 20:00:00,12.2,67,1017.3,False,False,0.020248484287911983,0.12750141,0.7690903559476726,0.6680864009735321,0.7185883784606024,Low,False
2024-12-17 21:00:00,11.2,73,1017.6,False,False,0.021274087886431814,0.1450842,0.7622452083967144,0.7233039245512626,0.7427745664739884,Low,False
2024-12-17 22:00:00,10.9,75,1017.8,False,False,0.016514453640570748,0.19492702,0.7947976878612717,0.8395193185275327,0.8171585031944022,Medium,False
2024-12-17 23:00:00,10.1,79,1017.9,False,False,0.0038270328280649024,0.20961396,0.8667477943413446,0.858685731670216,0.8627167630057804,Medium,False
2024-12-18 00:00:00,9.0,83,1017.8,False,False,0.009360764708638614,0.11984305,0.8375418314572558,0.6404015819896562,0.738971706723456,Low,False
2024-12-18 01:00:00,8.2,87,1017.2,False,False,0.0063371594679939025,0.122588664,0.8564040158198966,0.6502890173410405,0.7533465165804685,Medium,False
2024-12-18 02:00:00,7.6,89,1016.8,False,False,0.010768620240545146,0.10423702,0.8313051414663827,0.5689078186796471,0.7001064800730149,Low,False
2024-12-18 03:00:00,7.1,89,1016.5,False,False,0.007739783915105047,0.11916859,0.8472771524186188,0.6364466078491026,0.7418618801338607,Low,False
2024-12-18 04:00:00,6.9,88,1016.5,False,False,0.005115116909347017,0.12296076,0.8609674475205354,0.6516580468512321,0.7563127471858837,Medium,False
2024-12-18 05:00:00,6.7,88,1016.7,False,False,0.01259394313818174,0.11838133,0.8191359902646791,0.633100091268634,0.7261180407666565,Low,False
2024-12-18 06:00:00,5.9,90,1017.8,True,False,-0.01606561085208158,0.15679194,0.9435655613020992,0.7558564040158199,0.8497109826589595,Medium,True
2024-12-18 07:00:00,5.6,91,1018.2,True,False,-0.008825707337207556,0.08787143,0.9202920596288409,0.48448433221782783,0.7023881959233343,Low,True
2024-12-18 08:00:00,7.4,86,1018.5,True,False,-0.0023022468067117607,0.10426311,0.8947368421052632,0.5692120474596897,0.7319744447824764,Low,True
2024-12-18 09:00:00,11.5,70,1019.0,True,False,-0.023151979020078817,0.12183627,0.9598418010343779,0.6481594158807423,0.8040006084575602,Medium,True
2024-12-18 10:00:00,15.4,55,1018.7,True,False,-0.02126408134952784,0.09704923,0.955278369333739,0.5331609370246425,0.7442196531791907,Low,True
2024-12-18 11:00:00,17.7,47,1017.6,True,False,-0.011799075051061592,0.1274699,0.9291146942500761,0.6677821721934895,0.7984484332217827,Medium,True
2024-12-18 12:00:00,19.2,41,1016.1,True,False,-0.01769083574986874,0.120499864,0.9485853361728019,0.6429875266200182,0.79578643139641,Medium,True
2024-12-18 13:00:00,20.2,37,1015.0,True,False,-0.026621172113262648,0.081932314,0.9657742622452083,0.45238819592333435,0.7090812290842714,Low,True
2024-12-18 14:00:00,20.6,35,1014.4,True,False,-0.013392838857221201,0.07003598,0.9351992698509279,0.3742013994523882,0.654700334651658,Low,True
2024-12-18 15:00:00,20.5,37,1014.2,True,False,-0.0019054043158921452,0.072378755,0.893672041375114,0.3936720413751141,0.643672041375114,Low,True
2024-12-18 16:00:00,19.4,41,1013.9,False,False,0.004728886655820552,0.13428554,0.8629449345908122,0.6921204745968969,0.7775327045938545,Medium,False
2024-12-18 17:00:00,15.5,54,1014.0,True,False,-0.0218609753629182,0.09240148,0.9566473988439307,0.5076057195010648,0.7321265591724977,Low,True
2024-12-18 18:00:00,15.4,61,1014.5,False,False,0.02022466657980221,0.25299573,0.7693945847277153,0.9058411925768177,0.8376178886522665,Medium,False
2024-12-18 19:00:00,14.0,69,1014.7,False,False,0.026024465875765346,0.22702129,0.7237602677213264,0.8804380894432613,0.8020991785822938,Medium,False
2024-12-18 20:00:00,12.4,76,1014.7,False,False,0.018467629453134404,0.3045745,0.7818679647094615,0.9341344691207788,0.8580012169151201,Medium,False
2024-12-18 21:00:00,11.6,78,1014.9,False,True,0.03024267606943437,0.38821316,0.6822330392455127,0.9639488895649528,0.8230909644052328,Medium,True
2024-12-18 22:00:00,11.1,78,1014.8,False,True,0.02737925861928603,0.5013893,0.712199574079708,0.9825068451475509,0.8473532096136295,Medium,True
2024-12-18 23:00:00,10.6,79,1014.7,False,True,0.018207626286280976,0.49165085,0.7832369942196532,0.9811378156373592,0.8821874049285062,Medium,True
2024-12-19 00:00:00,9.6,83,1014.4,False,False,0.01621545921400669,0.28953257,0.7961667173714633,0.925463948889565,0.8608153331305142,Medium,False
2024-12-19 01:00:00,8.6,86,1014.4,False,False,0.03313425721675389,0.26798168,0.6553087922117432,0.9152722847581382,0.7852905384849407,Medium,False
2024-12-19 02:00:00,7.8,88,1014.2,False,False,0.02563617965448378,0.29272833,0.7269546699117737,0.9274414359598419,0.8271980529358078,Medium,False
2024-12-19 03:00:00,7.4,89,1014.1,False,True,0.02597841206931767,0.32894817,0.7242166108913903,0.94599939154244,0.8351080012169152,Medium,True
2024-12-19 04:00:00,7.0,90,1014.2,False,True,0.024125960090538745,0.32073158,0.7406449650136904,0.9418923030118649,0.8412686340127776,Medium,True
2024-12-19 05:00:00,7.2,90,1014.5,False,True,0.028583404099076004,0.3211276,0.6988135077578339,0.9421965317919075,0.8205050197748707,Medium,True
2024-12-19 06:00:00,6.0,92,1015.4,True,False,-0.014681112158659748,0.17408061,0.9391542439914816,0.8004259202920596,0.8697900821417706,Medium,True
2024-12-19 07:00:00,5.5,93,1016.0,False,False,0.012685342317888537,0.113790646,0.8183754183145726,0.6146942500760572,0.7165348341953148,Low,False
2024-12-19 08:00:00,7.5,88,1016.9,False,False,0.004727796392707928,0.12922393,0.8630970489808336,0.6759963492546395,0.7695466991177365,Medium,False
2024-12-19 09:00:00,11.6,72,1017.9,True,False,-0.027918655625850164,0.12399953,0.967599634925464,0.6554609066017645,0.8115302707636143,Medium,True
2024-12-19 10:00:00,15.3,56,1018.3,True,False,-0.02436791617944878,0.11284189,0.9621235168846973,0.6093702464253118,0.7857468816550046,Medium,True
2024-12-19 11:00:00,17.6,45,1017.6,True,False,-0.006695659035529489,0.06777763,0.9123821113477335,0.3617280194706419,0.6370550654091878,Low,True
2024-12-19 12:00:00,18.8,36,1016.4,True,False,-0.013116593118457254,0.09875518,0.9338302403407363,0.5419835716458777,0.737906905993307,Low,True
2024-12-19 13:00:00,19.5,33,1015.7,False,False,0.008285513637847242,0.07102297,0.8433221782780651,0.38226346212351686,0.612792820200791,Low,False
2024-12-19 14:00:00,19.7,31,1014.9,False,False,0.0007914246079100407,0.07621973,0.8810465470033465,0.4164891998783085,0.6487678734408275,Low,False
2024-12-19 15:00:00,19.5,31,1014.5,False,False,0.003876188907774969,0.07469125,0.8664435655613021,0.4082750228171585,0.6373592941892303,Low,False
2024-12-19 16:00:00,18.6,35,1014.2,False,False,0.013422522519428381,0.08655027,0.8130514146638272,0.47916032856708246,0.6461058716154549,Low,False
2024-12-19 17:00:00,16.0,48,1014.3,True,False,-0.006307575157072809,0.13933024,0.910556738667478,0.7073319135990265,0.8089443261332523,Medium,True
2024-12-19 18:00:00,14.7,51,1014.8,False,False,0.029320376272664983,0.06383275,0.6919683602068756,0.33617280194706417,0.5140705810769699,Low,False
2024-12-19 19:00:00,12.7,57,1015.4,False,False,0.022624294805243084,0.08504131,0.7514450867052023,0.47109826589595377,0.611271676300578,Low,False
2024-12-19 20:00:00,11.2,67,1015.8,False,False,0.02577680613906047,0.10775451,0.7251292972315181,0.5874657742622452,0.6562975357468817,Low,False
2024-12-19 21:00:00,11.0,72,1016.3,False,False,0.03608061534044976,0.12941843,0.6254943717675692,0.676756921204746,0.6511256464861576,Low,False
2024-12-19 22:00:00,10.8,73,1016.5,False,False,0.029760279008251067,0.19029763,0.6872528141162154,0.8316093702464253,0.7594310921813203,Medium,False
2024-12-19 23:00:00,10.4,75,1016.5,False,False,0.026430648985443506,0.22968085,0.7201095223608154,0.8840888348037724,0.802099178582294,Medium,False
2024-12-20 00:00:00,9.8,78,1016.4,False,False,0.02620104002827628,0.12768495,0.7223912382111348,0.6691512017036811,0.695771219957408,Low,False
2024-12-20 01:00:00,9.1,81,1016.2,False,False,0.03497670462528207,0.09415003,0.6394888956495284,0.5184058411925768,0.5789473684210527,Low,False
2024-12-20 02:00:00,8.4,85,1016.2,False,False,0.037196860158508205,0.060173947,0.6139336781259508,0.30985701247338,0.46189534529966536,Low,False
2024-12-20 03:00:00,7.9,87,1016.2,False,False,0.039385292813931494,0.05421082,0.5898996045025859,0.270307271067843,0.4301034377852145,Low,False
2024-12-20 04:00:00,7.4,88,1016.2,False,False,0.029309037084735867,0.058807105,0.6921204745968969,0.3008822634621235,0.49650136902951014,Low,False
2024-12-20 05:00:00,7.1,90,1016.3,False,False,0.0322710494741964,0.061047107,0.6626102829327654,0.3160937024642531,0.48935199269850926,Low,False
2024-12-20 06:00:00,7.6,90,1017.1,False,False,0.02574845274689802,0.06426223,0.7254335260115607,0.3387587465774262,0.5320961362944935,Low,False
2024-12-20 07:00:00,7.4,90,1017.9,False,False,0.022548953744412903,0.04244579,0.7517493154852449,0.1796470946151506,0.46569820505019777,Low,False
2024-12-20 08:00:00,9.1,80,1018.7,True,False,-0.005288793938521441,0.09270139,0.9064496501369029,0.5094310921813203,0.7079403711591117,Low,True
2024-12-20 09:00:00,12.5,65,1019.5,True,False,-0.02044515011133441,0.07783145,0.9543656829936112,0.42835412229996955,0.6913599026467904,Low,True
2024-12-20 10:00:00,15.8,54,1019.7,True,False,-0.014158352920900175,0.05254257,0.937328871311226,0.25737754791603284,0.5973532096136294,Low,True
2024-12-20 11:00:00,18.2,47,1019.0,False,False,0.004688986567197462,0.045959547,0.8635533921508974,0.20428962579860055,0.533921508974749,Low,False
2024-12-20 12:00:00,19.5,44,1017.7,False,False,0.015041588735897282,0.09197777,0.8034682080924855,0.5054761180407666,0.6544721630666261,Low,False
2024-12-20 13:00:00,20.2,42,1016.5,False,False,0.019659589338577976,0.10043039,0.7725889869181625,0.5517188926072406,0.6621539397627015,Low,False
2024-12-20 14:00:00,20.4,41,1015.8,False,False,0.03167076525801732,0.073677704,0.6694554304837237,0.4012777608761789,0.5353665956799513,Low,False
2024-12-20 15:00:00,20.1,43,1015.2,False,False,0.021477879903184505,0.1108835,0.7607240644965014,0.6005476118040767,0.680635838150289,Low,False
2024-12-20 16:00:00,19.1,46,1015.1,False,False,0.03092158919026644,0.102796584,0.6759963492546395,0.5620626711286888,0.6190295101916641,Low,False
2024-12-20 17:00:00,16.6,56,1015.2,False,False,0.0161750920862479,0.11464182,0.7964709461515059,0.6184971098265896,0.7074840279890477,Low,False
2024-12-20 18:00:00,15.0,66,1015.7,False,False,0.035492986765777834,0.09530093,0.6335564344386979,0.5249467599634925,0.5792515972010952,Low,False
2024-12-20 19:00:00,13.6,75,1016.0,False,False,0.043596354210438115,0.09955915,0.542135686035899,0.5466991177365379,0.5444174018862185,Low,False
2024-12-20 20:00:00,12.8,79,1016.2,False,False,0.05233139040984114,0.13427965,0.434742926680864,0.6919683602068756,0.5633556434438698,Low,False
2024-12-20 21:00:00,12.4,78,1016.6,False,False,0.050722851537509106,0.15424508,0.4545177973836325,0.747185883784606,0.6008518405841192,Low,False
2024-12-20 22:00:00,11.7,78,1016.8,False,False,0.04759003778355814,0.15102279,0.4955886826893824,0.740492850623669,0.6180407666565257,Low,False
2024-12-20 23:00:00,10.9,79,1016.7,False,False,0.036695879244841245,0.19294994,0.6191055673866748,0.8358685731670216,0.7274870702768481,Low,False
2024-12-21 00:00:00,10.2,79,1016.4,False,False,0.03727975531636962,0.11567239,0.612564648615759,0.6221478551871007,0.6173562519014298,Low,False
2024-12-21 01:00:00,9.8,80,1016.1,False,False,0.045772381160741504,0.10536247,0.5171889260724065,0.574992394280499,0.5460906601764528,Low,False
2024-12-21 02:00:00,9.3,82,1016.0,False,False,0.05624242728813772,0.09442204,0.3842409491937937,0.5202312138728323,0.452236081533313,Low,False
2024-12-21 03:00:00,8.8,85,1015.8,False,False,0.05345287670004273,0.095726125,0.4183145725585641,0.5270763614237907,0.47269546699117737,Low,False
2024-12-21 04:00:00,8.1,88,1015.7,False,False,0.052610045966703045,0.09914081,0.4295710374201399,0.5451779738363249,0.4873745056282324,Low,False
2024-12-21 05:00:00,7.6,89,1015.9,False,False,0.05420077053325012,0.115193,0.4093398235473076,0.61971402494676,0.5145269242470338,Low,False
2024-12-21 06:00:00,6.9,92,1016.6,False,False,0.03636511442566537,0.081110224,0.6221478551871007,0.44782476422269546,0.5349863097048981,Low,False
2024-12-21 07:00:00,6.3,94,1017.3,False,False,0.02444852534733233,0.054260284,0.7383632491633709,0.2707636142379069,0.5045634317006389,Low,False
2024-12-21 08:00:00,8.0,88,1017.8,False,False,0.030163583944883943,0.10365878,0.6826893824155765,0.5654091877091573,0.6240492850623669,Low,False
2024-12-21 09:00:00,11.4,73,1018.6,True,False,-0.015585924230739234,0.10642995,0.9421965317919075,0.5807727411013082,0.7614846364466079,Medium,True
2024-12-21 10:00:00,14.7,59,1018.9,True,False,-0.011982234442179607,0.07369011,0.9295710374201399,0.40142987526620016,0.66550045634317,Low,True
2024-12-21 11:00:00,17.3,50,1018.4,False,False,0.01199105530322847,0.040626626,0.8229388500152115,0.16626102829327655,0.49459993915424405,Low,False
2024-12-21 12:00:00,18.6,45,1017.2,False,False,0.018236334984408298,0.060201924,0.7830848798296319,0.3101612412534226,0.5466230605415272,Low,False
2024-12-21 13:00:00,19.3,41,1016.4,False,False,0.02165036286898786,0.051922902,0.7587465774262245,0.2540310313355643,0.5063888043808944,Low,False
2024-12-21 14:00:00,19.5,39,1015.6,False,False,0.02302095112697733,0.06578142,0.7484027989047763,0.35016732582902343,0.5492850623668999,Low,False
2024-12-21 15:00:00,19.3,38,1015.3,False,False,0.024858899866610884,0.07212033,0.7344082750228171,0.39123821113477336,0.5628232430787953,Low,False
2024-12-21 16:00:00,18.4,39,1015.2,False,False,0.027822437225101304,0.082955115,0.708092485549133,0.4577121995740797,0.5829023425616063,Low,False
2024-12-21 17:00:00,14.9,52,1015.1,True,False,-0.012644201425396018,0.10492354,0.9320048676604806,0.5724064496501369,0.7522056586553088,Medium,True
2024-12-21 18:00:00,13.6,61,1015.7,False,False,0.03403262224656267,0.062142618,0.6475509583206571,0.3244599939154244,0.4860054761180408,Low,False
2024-12-21 19:00:00,12.7,63,1016.6,False,False,0.047906995983619305,0.05314432,0.4916337085488287,0.26194097961667173,0.3767873440827502,Low,False
2024-12-21 20:00:00,11.8,67,1017.1,False,False,0.05533348902779439,0.036563404,0.3939762701551567,0.13157894736842105,0.26277760876178885,Low,False
2024-12-21 21:00:00,11.2,73,1017.5,False,False,0.04967130981023615,0.04826716,0.4674475205354427,0.22376026772132643,0.34560389412838455,Low,False
2024-12-21 22:00:00,10.8,77,1017.0,False,False,0.03609423786643734,0.1584062,0.6253422573775479,0.7585944630362033,0.6919683602068756,Low,False
2024-12-21 23:00:00,10.6,80,1016.8,False,False,0.03497944404272951,0.13824247,0.6390325524794646,0.7041375114085793,0.671585031944022,Low,False
2024-12-22 00:00:00,10.1,84,1016.6,False,False,0.039623790771726675,0.046015404,0.5862488591420749,0.20505019774870703,0.395649528445391,Low,False
2024-12-22 01:00:00,10.1,85,1016.2,False,False,0.040505871459719844,0.05056165,0.5769698813507758,0.24201399452388195,0.40949193793732885,Low,False
2024-12-22 02:00:00,9.8,87,1015.7,False,False,0.04344328106543416,0.060594838,0.5441131731061759,0.3132035290538485,0.4286583510800122,Low,False
2024-12-22 03:00:00,9.3,90,1015.4,False,False,0.041509895408937125,0.06933004,0.5655613020991785,0.3708548828719197,0.4682080924855491,Low,False
2024-12-22 04:00:00,9.1,91,1015.1,False,False,0.037828136915199984,0.113427445,0.6076969881350776,0.6131731061758442,0.6104350471554609,Low,False
2024-12-22 05:00:00,8.3,92,1014.8,False,False,0.029085413551247163,0.13842851,0.6939458472771525,0.7048980833586858,0.6994219653179191,Low,False
2024-12-22 06:00:00,7.4,94,1015.4,False,False,0.03898053265331136,0.13896014,0.5941588074231823,0.7059628840888348,0.6500608457560085,Low,False
2024-12-22 07:00:00,6.7,96,1016.4,False,False,0.017494703247167065,0.11122141,0.7876483115302708,0.601764526924247,0.694706419227259,Low,False
2024-12-22 08:00:00,8.4,92,1016.8,False,False,0.029342533660662695,0.119275905,0.691664131426833,0.637207179799209,0.6644356556130211,Low,False
2024-12-22 09:00:00,12.1,75,1017.4,True,False,-0.0015152496044185115,0.16747242,0.891086096744752,0.7823243078795254,0.8367052023121387,Medium,True
2024-12-22 10:00:00,15.6,61,1017.8,False,False,0.0026300709040196213,0.10116385,0.8717675692120475,0.554456951627624,0.7131122604198357,Low,False
2024-12-22 11:00:00,18.1,52,1017.3,False,False,0.007502513604487282,0.047364004,0.8480377243687253,0.217371463340432,0.5327045938545787,Low,False
2024-12-22 12:00:00,19.8,46,1016.0,False,False,0.0032478631951117776,0.05105101,0.8697900821417706,0.24718588378460601,0.5584879829631882,Low,False
2024-12-22 13:00:00,20.8,43,1015.0,True,False,-0.0018942395962938674,0.037375968,0.8935199269850927,0.13827198052935807,0.5158959537572254,Low,True
2024-12-22 14:00:00,21.3,41,1014.0,True,False,-0.007672575927926029,0.0563434,0.9158807423182234,0.2858229388500152,0.6008518405841192,Low,True
2024-12-22 15:00:00,21.3,39,1013.3,False,False,0.0053174035201727365,0.076940656,0.8600547611804077,0.42196531791907516,0.6410100395497415,Low,False
2024-12-22 16:00:00,20.7,42,1013.1,False,False,0.012668187178442147,0.08066878,0.8186796470946152,0.4438697900821418,0.6312747185883785,Low,False
2024-12-22 17:00:00,17.6,51,1013.0,True,False,-0.009317817575407283,0.0988417,0.9219653179190751,0.5427441435959842,0.7323547307575297,Low,True
2024-12-22 18:00:00,16.3,57,1013.6,False,False,0.02436856708582502,0.111497864,0.7386674779434135,0.6031335564344387,0.6709005171889261,Low,False
2024-12-22 19:00:00,15.3,69,1014.1,False,False,0.02910372054947935,0.1638459,0.6937937328871311,0.7742622452083967,0.7340279890477639,Low,False
2024-12-22 20:00:00,15.1,69,1014.1,False,False,0.055242083133365816,0.2846466,0.3959537572254336,0.9231822330392455,0.6595679951323395,Low,False
2024-12-22 21:00:00,14.7,71,1014.1,False,False,0.055482116453330454,0.24222787,0.3913903255247947,0.8967143291755401,0.6440523273501674,Low,False
2024-12-22 22:00:00,14.6,71,1014.1,False,False,0.055404715652949466,0.2532914,0.3924551262549437,0.9062975357468817,0.6493763310009126,Low,False
2024-12-22 23:00:00,13.8,77,1014.2,False,False,0.030380711373644287,0.19098683,0.6808640097353209,0.8326741709765744,0.7567690903559476,Medium,False
2024-12-23 00:00:00,13.7,80,1014.8,False,False,0.043438517291388146,0.23632386,0.5442652874961971,0.8913903255247947,0.7178278065104959,Low,False
2024-12-23 01:00:00,14.0,80,1014.2,False,False,0.04253068711081531,0.20596227,0.5547611804076666,0.8533617280194706,0.7040614542135686,Low,False
2024-12-23 02:00:00,14.1,81,1014.2,False,False,0.05690162854797248,0.17835273,0.3734408275022817,0.8097048980833587,0.5915728627928202,Low,False
2024-12-23 03:00:00,13.6,90,1013.9,False,False,0.03090283584169712,0.1829719,0.6761484636446609,0.8194402190447216,0.7477943413446912,Low,False
2024-12-23 04:00:00,13.3,91,1013.8,False,False,0.05663223278712043,0.17200199,0.3784606023729845,0.794493459081229,0.5864770307271068,Low,False
2024-12-23 05:00:00,13.0,91,1013.8,False,False,0.055828629810327324,0.17457813,0.3881959233343474,0.8014907210222088,0.5948433221782781,Low,False
2024-12-23 06:00:00,13.2,91,1014.7,False,False,0.043913053947435665,0.16740052,0.5375722543352601,0.7821721934895041,0.6598722239123821,Low,False
2024-12-23 07:00:00,13.0,92,1015.1,False,False,0.050474449977480684,0.10225498,0.4572558564040158,0.5602372984484332,0.5087465774262245,Low,False
2024-12-23 08:00:00,13.0,92,1015.6,False,False,0.04011709706375982,0.09332238,0.5803163979312442,0.513386066321874,0.5468512321265591,Low,False
2024-12-23 09:00:00,12.9,92,1016.5,False,False,0.022758709756413864,0.07753725,0.749771828414968,0.42561606327958623,0.5876939458472772,Low,False
2024-12-23 10:00:00,13.5,89,1017.4,False,False,0.014283103830446675,0.08118862,0.8072710678430179,0.44843322178278067,0.6278521448128993,Low,False
2024-12-23 11:00:00,15.4,76,1017.4,False,False,0.010909648012783157,0.114543594,0.8300882263462124,0.618192881046547,0.7241405536963796,Low,False
2024-12-23 12:00:00,15.2,74,1016.8,False,True,0.04070792894722197,0.39079577,0.5743839367204138,0.9648615759050806,0.7696227563127471,Medium,True
2024-12-23 13:00:00,15.0,76,1016.3,False,True,0.03867180217077232,0.31931797,0.5968968664435655,0.9409796166717371,0.7689382415576513,Medium,True
2024-12-23 14:00:00,15.2,74,1015.9,False,False,0.03844051251719005,0.24011786,0.6003954974140553,0.8944326133252206,0.747414055369638,Low,False
2024-12-23 15:00:00,15.3,75,1015.6,False,False,0.03964054694443686,0.28809753,0.585792515972011,0.925007605719501,0.7554000608457561,Medium,False
2024-12-23 16:00:00,15.8,69,1015.6,False,False,0.02570857044820485,0.2819376,0.7258898691816246,0.922878004259203,0.8243839367204138,Medium,False
2024-12-23 17:00:00,14.9,71,1015.8,False,True,0.02452040268427358,0.35867745,0.7377547916032856,0.9554304837237603,0.8465926376635229,Medium,True
2024-12-23 18:00:00,13.9,77,1016.9,True,True,-0.010500522567092552,0.47630513,0.9248554913294798,0.9777912990568908,0.9513233951931852,High,True
2024-12-23 19:00:00,12.9,84,1017.5,True,True,-0.007812755302389451,0.44941747,0.9161849710982659,0.9745968968664436,0.9453909339823547,High,True
2024-12-23 20:00:00,12.2,88,1017.9,True,True,-0.01606401344560271,0.40899253,0.9434134469120778,0.9679038637055065,0.9556586553087922,High,True
2024-12-23 21:00:00,11.6,92,1018.2,True,True,-0.027561203698543646,0.4180952,0.9671432917554,0.9700334651658047,0.9685883784606024,High,True
2024-12-23 22:00:00,11.0,93,1018.3,True,True,-0.038657634573388444,0.4262475,0.9771828414968056,0.9710982658959537,0.9741405536963796,High,True
2024-12-23 23:00:00,10.4,93,1018.1,True,True,-0.03965744660025505,0.50138205,0.9793124429571037,0.9823547307575297,0.9808335868573167,High,True
2024-12-24 00:00:00,10.0,94,1017.8,True,True,-0.033332313340070474,0.54694366,0.9736842105263158,0.9852449041679343,0.979464557347125,High,True
2024-12-24 01:00:00,9.7,94,1017.6,True,True,-0.012610176049131838,0.47890827,0.9318527532704594,0.9780955278369333,0.9549741405536963,High,True
2024-12-24 02:00:00,9.5,95,1017.6,True,True,-0.0058674413093333655,0.41164812,0.9085792515972011,0.9683602068755705,0.9384697292363857,High,True
2024-12-24 03:00:00,9.3,94,1017.7,False,True,0.004700816180370104,0.3772771,0.8634012777608762,0.9602981442044417,0.9118497109826589,High,True
2024-12-24 04:00:00,9.1,94,1017.6,False,True,0.007762722228943308,0.33832115,0.8471250380285975,0.9491937937328871,0.8981594158807423,Medium,True
2024-12-24 05:00:00,8.7,94,1017.8,False,False,0.013818000780626227,0.31179628,0.8115302707636143,0.9379373288713112,0.8747337998174627,Medium,False
2024-12-24 06:00:00,8.9,92,1018.1,False,False,0.011030375349836918,0.30538216,0.828871311226042,0.9342865835108001,0.881578947368421,Medium,False
2024-12-24 07:00:00,8.6,92,1018.6,False,True,0.008527301473513771,0.3239717,0.8424094919379373,0.9435655613020992,0.8929875266200182,Medium,True
2024-12-24 08:00:00,10.1,83,1018.9,False,True,0.0035312456823835547,0.32865334,0.8682689382415576,0.945543048372376,0.9069059933069668,High,True
2024-12-24 09:00:00,12.6,71,1019.7,True,True,-0.03133575308740133,0.43521416,0.9707940371159112,0.9721630666261029,0.971478551871007,High,True
2024-12-24 10:00:00,15.2,60,1020.2,True,True,-0.029959438087212686,0.4391694,0.9698813507757834,0.9729236385762093,0.9714024946759964,High,True
2024-12-24 11:00:00,17.5,49,1019.5,True,False,-0.030094791707014013,0.24595757,0.970185579555826,0.899300273805902,0.934742926680864,High,True
2024-12-24 12:00:00,18.9,42,1018.4,True,False,-0.01450936925868851,0.16348648,0.9383936720413751,0.7724368725281412,0.8554152722847581,Medium,True
2024-12-24 13:00:00,19.5,40,1017.4,True,False,-0.013698704553860241,0.12411547,0.9367204137511409,0.6556130209917859,0.7961667173714634,Medium,True
2024-12-24 14:00:00,19.6,40,1017.0,False,False,0.012158106150405468,0.094850615,0.8218740492850624,0.522056586553088,0.6719653179190752,Low,False
2024-12-24 15:00:00,19.2,42,1017.0,False,False,0.015829715168646286,0.08345715,0.7987526620018254,0.46075448737450564,0.6297535746881655,Low,False
2024-12-24 16:00:00,18.3,45,1017.1,False,False,0.012572640095974585,0.07193438,0.8192881046547004,0.3904776391846669,0.6048828719196836,Low,False
2024-12-24 17:00:00,15.9,55,1017.4,True,False,-0.0006625957442905062,0.10996286,0.88850015211439,0.5959841801034378,0.7422421661089139,Low,True
2024-12-24 18:00:00,14.8,64,1018.1,False,False,0.016133728154811622,0.10064034,0.7967751749315486,0.552935807727411,0.6748554913294798,Low,False
2024-12-24 19:00:00,13.5,72,1018.7,False,False,0.02306990608495979,0.0669676,0.7479464557347125,0.35746881655004564,0.552707636142379,Low,False
2024-12-24 20:00:00,12.5,78,1019.1,False,False,0.029796565648763762,0.04276328,0.6867964709461515,0.1828414968055978,0.43481898387587464,Low,False
2024-12-24 21:00:00,11.8,81,1019.7,False,False,0.02377715019401283,0.035594195,0.7436872528141163,0.12442957103742014,0.4340584119257682,Low,False
2024-12-24 22:00:00,11.3,81,1019.8,False,False,0.020385833455554225,0.08089749,0.7680255552175236,0.4464557347125038,0.6072406449650137,Low,False
2024-12-24 23:00:00,11.0,79,1019.9,False,False,0.012529615951596185,0.094116956,0.8195923334347429,0.5177973836324916,0.6686948585336172,Low,False
2024-12-25 00:00:00,10.6,79,1019.6,False,False,0.038224507033164046,0.091240495,0.6035898996045026,0.5016732582902342,0.5526315789473684,Low,False
2024-12-25 01:00:00,10.1,81,1019.4,False,False,0.04019183625137862,0.05998455,0.5795558259811378,0.30864009735320963,0.4440979616671737,Low,False
2024-12-25 02:00:00,9.8,83,1019.2,False,False,0.04437115705277245,0.039490797,0.5327045938545787,0.15606936416184972,0.3443869790082142,Low,False
2024-12-25 03:00:00,9.5,84,1019.2,False,False,0.04760979270015686,0.03051792,0.4954365682993611,0.08761788865226651,0.2915272284758138,Low,False
2024-12-25 04:00:00,9.0,86,1019.1,False,False,0.04950271534130202,0.03136945,0.47018557955582596,0.09400669303316093,0.2820961362944934,Low,False
2024-12-25 05:00:00,8.5,87,1019.3,False,False,0.052055188565537536,0.03664472,0.4386979008214177,0.1329479768786127,0.2858229388500152,Low,False
2024-12-25 06:00:00,8.3,91,1019.8,False,False,0.033678972876190816,0.047481664,0.6496805597809553,0.2184362640705811,0.4340584119257682,Low,False
2024-12-25 07:00:00,8.1,91,1020.4,False,False,0.027042420970976255,0.04080898,0.7160024338302403,0.1683906297535747,0.4421965317919075,Low,False
2024-12-25 08:00:00,9.6,83,1020.9,False,False,0.011795598287149822,0.06717679,0.823699421965318,0.3585336172801947,0.5911165196227564,Low,False
2024-12-25 09:00:00,12.3,72,1021.6,True,False,-0.00949363531560965,0.058217686,0.9222695466991178,0.2976878612716763,0.609978703985397,Low,True
2024-12-25 10:00:00,15.3,61,1021.9,True,False,-0.01847152309176847,0.061250295,0.9501064800730149,0.31807118953452995,0.6340888348037724,Low,True
2024-12-25 11:00:00,18.0,51,1021.3,True,False,-0.00880569884852922,0.046497613,0.919835716458777,0.21067843017949497,0.565257073319136,Low,True
2024-12-25 12:00:00,19.5,44,1020.3,True,False,-0.004029828673859814,0.0534193,0.9012777608761788,0.2645269242470338,0.5829023425616063,Low,True
2024-12-25 13:00:00,20.2,40,1019.4,True,False,-0.0027748803932317045,0.06890223,0.8968664435655613,0.3681168238515364,0.6324916337085489,Low,True
2024-12-25 14:00:00,20.4,39,1019.0,False,False,0.009990848867124813,0.07968943,0.8346516580468513,0.43808944326133253,0.6363705506540919,Low,False
2024-12-25 15:00:00,20.2,39,1018.8,False,False,0.01174676659906737,0.08317116,0.8243078795254031,0.45862488591420747,0.6414663827198053,Low,False
2024-12-25 16:00:00,19.3,44,1018.8,False,False,0.017872535378818222,0.105242595,0.78521448128993,0.5740797079403711,0.6796470946151505,Low,False
2024-12-25 17:00:00,16.3,55,1019.0,True,False,-0.0013879297771799415,0.1213129,0.8906297535746882,0.6466382719805294,0.7686340127776088,Medium,True
2024-12-25 18:00:00,14.8,65,1019.6,False,False,0.017469625823120172,0.079119414,0.7878004259202921,0.4351992698509279,0.61149984788561,Low,False
2024-12-25 19:00:00,13.8,70,1020.3,False,False,0.03228719244886563,0.034434646,0.6624581685427442,0.11332522056586553,0.38789169455430483,Low,False
2024-12-25 20:00:00,12.7,76,1020.6,False,False,0.02624222988379149,0.018188275,0.7219348950410709,0.025098874353513843,0.3735168846972924,Low,False
2024-12-25 21:00:00,11.9,79,1021.0,False,False,0.025354203188384106,0.01330023,0.7304533008822635,0.011256464861575905,0.3708548828719197,Low,False
2024-12-25 22:00:00,11.3,80,1021.2,False,False,0.02518005474402535,0.034074213,0.7315181016124126,0.1108913903255248,0.4212047459689687,Low,False
2024-12-25 23:00:00,10.7,81,1021.0,False,False,0.017157393918084074,0.09223622,0.7891694554304838,0.5071493763310009,0.6481594158807423,Low,False
2024-12-26 00:00:00,10.0,82,1020.8,False,False,0.030433636473082226,0.057141352,0.6807118953452997,0.2909948281107393,0.4858533617280195,Low,False
2024-12-26 01:00:00,9.5,84,1020.5,False,False,0.03275040256596978,0.0371352,0.6585031944021904,0.13583815028901733,0.3971706723456039,Low,False
2024-12-26 02:00:00,9.1,84,1020.4,False,False,0.03633101431120833,0.03091385,0.6226041983571646,0.09020383328262854,0.35640401581989656,Low,False
2024-12-26 03:00:00,8.7,84,1020.4,False,False,0.0362428250195127,0.031172562,0.6236689990873137,0.09294189230301186,0.35830544569516276,Low,False
2024-12-26 04:00:00,8.4,85,1020.4,False,False,0.03348902357068739,0.030252652,0.6515059324612109,0.08716154548220262,0.36933373897170674,Low,False
2024-12-26 05:00:00,7.8,87,1020.6,False,False,0.03467261289935614,0.039877303,0.6423790690599331,0.160328567082446,0.4013538180711896,Low,False
2024-12-26 06:00:00,7.7,87,1021.2,False,False,0.032002801756585986,0.055445086,0.6651962275631275,0.2788256769090356,0.4720109522360815,Low,False
2024-12-26 07:00:00,7.4,88,1022.1,False,False,0.018564522948505968,0.060528293,0.781107392759355,0.31244295710374204,0.5467751749315486,Low,False
2024-12-26 08:00:00,9.1,83,1022.7,False,False,0.000534053708284743,0.03908719,0.8824155765135382,0.152114390021296,0.5172649832674171,Low,False
2024-12-26 09:00:00,12.6,71,1023.4,True,False,-0.03155814986206906,0.053129595,0.9714024946759964,0.26163675083662913,0.6165196227563128,Low,True
2024-12-26 10:00:00,16.2,60,1023.6,True,False,-0.02942834427481089,0.059475366,0.9689686644356557,0.30620626711286886,0.6375874657742623,Low,True
2024-12-26 11:00:00,18.8,50,1023.2,True,False,-0.02023600566119188,0.04252985,0.953757225433526,0.18055978095527836,0.5671585031944022,Low,True
2024-12-26 12:00:00,20.2,44,1022.0,True,False,-0.014222353444626079,0.04672286,0.9376331000912687,0.21235168846972924,0.574992394280499,Low,True
2024-12-26 13:00:00,21.0,40,1021.1,True,False,-0.009662252931949888,0.056218315,0.922878004259203,0.28491025250988744,0.6038941283845451,Low,True
2024-12-26 14:00:00,21.2,38,1020.4,True,False,-0.0027357172414773645,0.07184597,0.8965622147855187,0.3898691816245817,0.6432156982050502,Low,True
2024-12-26 15:00:00,21.0,38,1020.1,True,False,-0.0016363252787887639,0.08089504,0.8919987830848798,0.4463036203224825,0.6691512017036811,Low,True
2024-12-26 16:00:00,19.9,45,1019.8,True,False,-0.013527349014098355,0.1643998,0.9355034986309705,0.7757833891086097,0.8556434438697901,Medium,True
2024-12-26 17:00:00,16.2,60,1019.7,True,False,-0.021017952675430274,0.10839451,0.9549741405536963,0.5898996045025859,0.7724368725281412,Medium,True
2024-12-26 18:00:00,14.8,66,1020.0,False,False,0.023006675487191097,0.05609113,0.7485549132947977,0.2830848798296319,0.5158198965622148,Low,False
2024-12-26 19:00:00,13.4,75,1020.6,False,False,0.008794374474140054,0.056650043,0.8407362336477031,0.2874961971402495,0.5641162153939763,Low,False
2024-12-26 20:00:00,12.6,80,1020.5,False,False,0.02102513147123708,0.096660204,0.7645269242470338,0.531335564344387,0.6479312442957104,Low,False
2024-12-26 21:00:00,12.1,82,1020.6,False,False,0.019578152008665806,0.113854855,0.7738059020383328,0.6151505932461211,0.6944782476422269,Low,False
2024-12-26 22:00:00,11.5,85,1020.6,False,False,0.015925176949464603,0.12705141,0.7979920900517189,0.6650441131731062,0.7315181016124126,Low,False
2024-12-26 23:00:00,11.1,87,1020.5,False,False,0.008627508512527804,0.17531838,0.8418010343778521,0.8037724368725282,0.8227867356251901,Medium,False
2024-12-27 00:00:00,12.3,82,1020.0,False,False,0.009110342671094729,0.14493492,0.8389108609674475,0.7222391238211134,0.7805749923942804,Medium,False
2024-12-27 01:00:00,13.0,79,1019.6,False,False,0.023548518135725005,0.15930976,0.7449041679342866,0.7617888652266505,0.7533465165804685,Medium,False
2024-12-27 02:00:00,12.5,81,1019.4,False,False,0.037007971310714316,0.13761114,0.6165196227563128,0.7021600243383024,0.6593398235473076,Low,False
2024-12-27 03:00:00,12.3,81,1019.3,False,False,0.04081676309332444,0.16799541,0.5731670216002434,0.784149680559781,0.6786583510800122,Low,False
2024-12-27 04:00:00,11.5,85,1019.0,False,False,0.030727012705006718,0.14916353,0.6775174931548524,0.736385762093094,0.7069516276239732,Low,False
2024-12-27 05:00:00,12.0,82,1018.9,False,False,0.03409417989611957,0.2755298,0.6467903863705506,0.9199878308487983,0.7833891086096745,Medium,False
2024-12-27 06:00:00,13.0,81,1019.4,False,False,0.03950779980353036,0.29843926,0.5880742318223304,0.9300273805902038,0.7590508062062671,Medium,False
2024-12-27 07:00:00,13.0,80,1020.1,False,False,0.037350430914552646,0.23512037,0.6113477334955887,0.8894128384545178,0.7503802859750532,Medium,False
2024-12-27 08:00:00,13.6,80,1020.3,False,False,0.027078019002258924,0.17403804,0.7156982050501978,0.8002738059020383,0.757986005476118,Medium,False
2024-12-27 09:00:00,15.0,75,1020.6,False,False,0.03368668950017162,0.15710132,0.649528445390934,0.7570733191359903,0.7033008822634621,Low,False
2024-12-27 10:00:00,16.7,71,1020.8,False,False,0.03062412032960976,0.12124572,0.6787344082750228,0.6461819288104654,0.6624581685427442,Low,False
2024-12-27 11:00:00,17.0,70,1021.4,False,False,0.024320790916622925,0.1513369,0.738971706723456,0.7411013081837542,0.740036507453605,Low,False
2024-12-27 12:00:00,16.0,76,1019.8,False,False,0.008115763942769305,0.23095964,0.8445390933982355,0.8851536355339215,0.8648463644660784,Medium,False
2024-12-27 13:00:00,17.3,70,1018.7,False,False,0.007233898238469982,0.16720444,0.8503194402190447,0.7814116215393976,0.8158655308792211,Medium,False
2024-12-27 14:00:00,17.0,71,1018.4,False,False,0.029977258430925635,0.16974282,0.684514755095832,0.7888652266504411,0.7366899908731366,Low,False
2024-12-27 15:00:00,16.0,81,1018.3,True,False,-0.0001836255932626818,0.31726167,0.8863705506540919,0.9405232735016733,0.9134469120778825,High,True
2024-12-27 16:00:00,15.1,90,1018.2,True,True,-0.012524132885812445,0.4335456,0.9312442957103741,0.9717067234560389,0.9514755095832066,High,True
2024-12-27 17:00:00,14.4,90,1018.4,False,True,0.011455522006786678,0.4687056,0.8264374809857012,0.9765743839367204,0.9015059324612108,High,True
2024-12-27 18:00:00,14.6,89,1018.9,False,True,0.012933306990386695,0.48784924,0.8168542744143596,0.9797687861271677,0.8983115302707636,Medium,True
2024-12-27 19:00:00,14.3,91,1019.3,False,True,0.013277119607351728,0.44210532,0.8141162153939763,0.9735320961362945,0.8938241557651354,Medium,True
2024-12-27 20:00:00,14.1,92,1019.5,False,True,0.0070903917352738155,0.41297194,0.8513842409491938,0.968664435655613,0.9100243383024034,High,True
2024-12-27 21:00:00,13.7,91,1019.7,False,True,7.64983357450788e-05,0.4226239,0.8851536355339216,0.9707940371159112,0.9279738363249164,High,True
2024-12-27 22:00:00,13.5,88,1019.7,True,True,-0.011230209883491438,0.44194674,0.9271372071797992,0.9733799817462732,0.9502585944630362,High,True
2024-12-27 23:00:00,13.4,87,1019.4,True,True,-0.017639276326768538,0.5110582,0.9484332217827807,0.9834195314876787,0.9659263766352297,High,True
2024-12-28 00:00:00,12.3,93,1019.1,True,True,-0.024937340308910705,0.50479543,0.9628840888348038,0.9828110739275936,0.9728475813811988,High,True
2024-12-28 01:00:00,11.1,96,1018.7,True,True,-0.02218297642700018,0.4412091,0.9574079707940372,0.9732278673562519,0.9653179190751445,High,True
2024-12-28 02:00:00,10.5,98,1018.1,True,True,-0.017309829801679277,0.38968366,0.9472163066626103,0.964557347125038,0.9558868268938241,High,True
2024-12-28 03:00:00,10.0,98,1018.1,True,True,-0.008664546233662307,0.387326,0.9192272588986918,0.9636446607849103,0.9414359598418011,High,True
2024-12-28 04:00:00,9.8,98,1018.1,False,True,0.002095008199886006,0.34892514,0.8746577426224521,0.9519318527532704,0.9132947976878613,High,True
2024-12-28 05:00:00,9.4,97,1018.3,False,True,0.007176276890742239,0.3396343,0.8506236689990874,0.9494980225129297,0.9000608457560085,High,True
2024-12-28 06:00:00,10.0,100,1019.0,True,True,-0.00866594919593,0.34478652,0.9193793732887131,0.9504107088530575,0.9348950410708853,High,True
2024-12-28 07:00:00,9.7,99,1019.8,True,False,-0.007060944562930382,0.2962153,0.9139032552479465,0.9292668086400974,0.921585031944022,High,True
2024-12-28 08:00:00,9.9,99,1020.4,True,False,-0.0139742605405897,0.23905814,0.9370246425311834,0.8938241557651354,0.9154243991481594,High,True
2024-12-28 09:00:00,11.0,97,1021.3,True,False,-0.013098322158081377,0.2551025,0.933678125950715,0.9069059933069669,0.9202920596288409,High,True
2024-12-28 10:00:00,12.5,89,1021.7,True,False,-0.018015722472338846,0.28612086,0.9493459081229084,0.9240949193793733,0.9367204137511409,High,True
2024-12-28 11:00:00,15.2,78,1021.3,True,True,-0.03226436622133666,0.3281619,0.9723151810161241,0.9449345908122908,0.9586248859142075,High,True
2024-12-28 12:00:00,17.1,67,1020.0,True,False,-0.026617068112954723,0.2959976,0.9656221478551871,0.9291146942500761,0.9473684210526316,High,True
2024-12-28 13:00:00,18.3,60,1019.1,True,False,-0.01659376174566063,0.23098242,0.945543048372376,0.8853057499239428,0.9154243991481594,High,True
2024-12-28 14:00:00,18.8,55,1018.6,False,False,0.007141861513255965,0.23494132,0.8512321265591725,0.8892607240644965,0.8702464253118345,Medium,False
2024-12-28 15:00:00,18.8,52,1018.6,False,False,0.00884338326394457,0.2353795,0.8401277760876179,0.8898691816245817,0.8649984788560998,Medium,False
2024-12-28 16:00:00,18.1,53,1018.7,False,False,0.014575753511742229,0.17672609,0.8059020383328263,0.8069668390629754,0.8064344386979008,Medium,False
2024-12-28 17:00:00,15.2,69,1019.1,True,False,-0.02244121797745202,0.25637054,0.9586248859142075,0.9075144508670521,0.9330696683906298,High,True
2024-12-28 18:00:00,13.8,80,1020.7,True,True,-0.029672705417789103,0.32982656,0.9694250076057195,0.9461515059324612,0.9577882567690903,High,True
2024-12-28 19:00:00,12.6,89,1021.3,True,False,-0.0069272375777872375,0.10811175,0.9135990264679039,0.5892911469425007,0.7514450867052023,Medium,True
2024-12-28 20:00:00,11.9,92,1021.6,False,False,0.0016591183698737577,0.08999982,0.8764831153027076,0.49558868268938244,0.686035898996045,Low,False
2024-12-28 21:00:00,11.0,94,1022.0,True,False,-0.018295776237387318,0.1103401,0.949650136902951,0.5984180103437785,0.7740340736233647,Medium,True
2024-12-28 22:00:00,10.6,94,1021.9,True,False,-0.00817681358318001,0.1907137,0.9180103437785214,0.8323699421965318,0.8751901429875266,Medium,True
2024-12-28 23:00:00,10.1,97,1021.9,True,False,-0.022132762966653896,0.23539019,0.9572558564040158,0.890021296014603,0.9236385762093093,High,True
2024-12-29 00:00:00,9.4,99,1021.7,True,False,-0.0014404061455369765,0.21215458,0.8909339823547308,0.8634012777608762,0.8771676300578035,Medium,True
2024-12-29 01:00:00,8.9,100,1021.5,True,False,-0.00023659652460905622,0.17860718,0.8868268938241558,0.8104654700334651,0.8486461819288105,Medium,True
2024-12-29 02:00:00,8.7,99,1021.5,False,False,0.008774672431668296,0.14057195,0.8408883480377244,0.7105263157894737,0.775707331913599,Medium,False
2024-12-29 03:00:00,8.7,100,1021.8,False,False,0.00674545579955077,0.10047823,0.8544265287496198,0.551871006997262,0.7031487678734409,Low,False
2024-12-29 04:00:00,8.8,100,1021.8,False,False,0.008062366800114074,0.09858094,0.8451475509583206,0.5412229996957713,0.693185275327046,Low,False
2024-12-29 05:00:00,8.6,99,1021.7,False,False,0.014994759641113131,0.088077076,0.8037724368725281,0.4852449041679343,0.6445086705202312,Low,False
2024-12-29 06:00:00,9.8,96,1022.2,True,False,-0.00014637604975542562,0.077515304,0.885914207484028,0.42546394888956496,0.6556890781867966,Low,True
2024-12-29 07:00:00,9.7,95,1023.0,True,False,-0.012594392107158847,0.112122476,0.9317006388804381,0.6046547003346516,0.7681776696075449,Medium,True
2024-12-29 08:00:00,10.1,95,1023.5,True,False,-0.012698313558203611,0.14862554,0.9324612108305446,0.7345603894128384,0.8335108001216915,Medium,True
2024-12-29 09:00:00,10.5,98,1024.5,True,False,-0.04063280187392748,0.23834464,0.9806814724672954,0.8929114694250077,0.9367964709461516,High,True
2024-12-29 10:00:00,12.3,91,1024.9,True,False,-0.041340966925990985,0.08926633,0.9817462731974445,0.49117736537876483,0.7364618192881046,Low,True
2024-12-29 11:00:00,14.9,79,1024.3,True,False,-0.05072581558437472,0.13265453,0.9890477639184667,0.687557042896258,0.8383024034073623,Medium,True
2024-12-29 12:00:00,17.0,66,1022.9,True,False,-0.050276439045604415,0.19918154,0.9884393063583815,0.8451475509583206,0.916793428658351,High,True
2024-12-29 13:00:00,18.3,58,1021.6,True,False,-0.03173667078462894,0.17492634,0.9717067234560389,0.8024034073623365,0.8870550654091878,Medium,True
2024-12-29 14:00:00,18.8,54,1020.9,True,False,-0.015688215526640126,0.14688027,0.9425007605719501,0.7278673562519015,0.8351840584119258,Medium,True
2024-12-29 15:00:00,18.7,56,1020.6,True,False,-0.005164499465322936,0.15029426,0.9061454213568604,0.7385153635533922,0.8223303924551263,Medium,True
2024-12-29 16:00:00,18.0,61,1020.4,True,False,-0.009914203109023356,0.18023182,0.9237906905993307,0.8142683297839975,0.8690295101916641,Medium,True
2024-12-29 17:00:00,15.1,76,1020.3,True,False,-0.04370357438016048,0.16553287,0.9838758746577426,0.7773045330088226,0.8805902038332827,Medium,True
2024-12-29 18:00:00,12.4,89,1021.7,True,False,-0.0586912874848482,0.19877142,0.9931548524490417,0.8445390933982355,0.9188469729236386,High,True
2024-12-29 19:00:00,11.4,93,1021.9,False,False,0.0003995985815845593,0.09712959,0.8828719196836021,0.5334651658046852,0.7081685427441436,Low,False
2024-12-29 20:00:00,10.3,96,1022.2,True,False,-0.012871108364551409,0.09073372,0.9329175540006085,0.4986309704898083,0.7157742622452083,Low,True
2024-12-29 21:00:00,10.2,95,1022.5,True,False,-0.007961822785534922,0.12979345,0.9170976574383937,0.6776696075448737,0.7973836324916337,Medium,True
2024-12-29 22:00:00,9.9,95,1022.4,True,False,-0.010888002434082944,0.16096127,0.9263766352296927,0.7645269242470337,0.8454517797383632,Medium,True
2024-12-29 23:00:00,9.5,95,1021.9,True,False,-0.015328868125282447,0.24726646,0.9411317310617584,0.9009735320961363,0.9210526315789473,High,True
2024-12-30 00:00:00,9.1,95,1021.5,False,False,0.002693733217000338,0.1361775,0.8714633404320049,0.697292363857621,0.7843778521448129,Medium,False
2024-12-30 01:00:00,8.6,96,1021.0,True,False,-0.005056189010560597,0.14143275,0.9056890781867964,0.7129601460298144,0.8093246121083054,Medium,True
2024-12-30 02:00:00,8.1,97,1020.5,True,False,-0.003530967379111516,0.16788396,0.9003650745360511,0.7838454517797384,0.8421052631578947,Medium,True
2024-12-30 03:00:00,7.8,98,1019.8,True,False,-0.012828095411505203,0.24570405,0.9327654396105871,0.8991481594158808,0.9159567995132339,High,True
2024-12-30 04:00:00,7.8,97,1019.6,False,True,0.006377102844925153,0.32393524,0.8559476726498327,0.9434134469120778,0.8996805597809553,Medium,True
2024-12-30 05:00:00,7.6,97,1019.6,False,True,0.007382257400047054,0.34844926,0.8487982963188317,0.9517797383632491,0.9002890173410405,High,True
2024-12-30 06:00:00,8.0,100,1020.3,True,True,-0.016543015880624123,0.3510528,0.9450867052023122,0.9526924247033769,0.9488895649528446,High,True
2024-12-30 07:00:00,8.1,100,1020.9,True,False,-0.007747437233056598,0.26552886,0.9160328567082446,0.9140553696379677,0.9150441131731062,High,True
2024-12-30 08:00:00,8.5,98,1021.4,True,False,-0.004433079660716932,0.22448799,0.9032552479464557,0.8790690599330697,0.8911621539397627,Medium,True
2024-12-30 09:00:00,9.6,97,1022.1,True,False,-0.008872465389545559,0.16996181,0.9204441740188621,0.7900821417706115,0.8552631578947368,Medium,True
2024-12-30 10:00:00,10.7,95,1022.5,False,False,0.0004853260144161986,0.106941715,0.8825676909035595,0.5833586857316703,0.7329631883176149,Low,False
2024-12-30 11:00:00,13.4,84,1022.1,True,False,-0.020856823359011845,0.10449582,0.9548220261636751,0.5704289625798601,0.7626254943717676,Medium,True
2024-12-30 12:00:00,16.5,65,1020.8,True,False,-0.043216488793214825,0.24763425,0.9835716458777001,0.9014298752662002,0.9425007605719502,High,True
2024-12-30 13:00:00,18.0,53,1019.9,True,False,-0.04403882610011445,0.17552102,0.9843322178278066,0.804228780042592,0.8942804989351993,Medium,True
2024-12-30 14:00:00,18.6,47,1019.1,True,False,-0.03644198585622682,0.1368141,0.97535746881655,0.6995740797079404,0.8374657742622452,Medium,True
2024-12-30 15:00:00,18.5,46,1018.9,True,False,-0.021087740081832673,0.13960008,0.9551262549437177,0.7077882567690904,0.8314572558564041,Medium,True
2024-12-30 16:00:00,17.6,52,1018.9,True,False,-0.01338276695175955,0.124291405,0.9350471554609066,0.6563735929418923,0.7957103742013995,Medium,True
2024-12-30 17:00:00,14.8,66,1018.8,True,False,-0.04402048477658549,0.11350706,0.9841801034377852,0.6137815637359294,0.7989808335868573,Medium,True
2024-12-30 18:00:00,12.6,73,1020.0,True,False,-0.017107656068548693,0.08478873,0.9464557347125038,0.46836020687557045,0.707407970794037,Low,True
2024-12-30 19:00:00,11.9,75,1020.3,False,False,0.017642722475676775,0.077087276,0.7868877395801643,0.42303011864922424,0.6049589291146943,Low,False
2024-12-30 20:00:00,10.7,80,1020.5,False,False,0.009485442346250594,0.054913856,0.836629145117128,0.2751749315485245,0.5559020383328263,Low,False
2024-12-30 21:00:00,9.3,87,1020.6,True,False,-0.0015954223814264035,0.039134517,0.891542439914816,0.1528749619714025,0.5222087009431092,Low,True
2024-12-30 22:00:00,8.0,92,1021.0,True,False,-0.008711694065713704,0.020472486,0.9195314876787344,0.03209613629449346,0.47581381198661393,Low,True
2024-12-30 23:00:00,7.3,94,1021.2,True,False,-0.006392865661321467,0.05592022,0.9108609674475205,0.2821721934895041,0.5965165804685123,Low,True
2024-12-31 00:00:00,7.1,93,1021.0,False,False,0.011677847708097988,0.04121046,0.8252205658655309,0.17082445999391543,0.4980225129297232,Low,False
2024-12-31 01:00:00,7.0,93,1020.6,False,False,0.010783427981781946,0.038982913,0.8311530270763614,0.15089747490112565,0.4910252509887435,Low,False
2024-12-31 02:00:00,6.7,94,1020.3,False,False,0.012068283086055065,0.031057162,0.8223303924551263,0.0915728627928202,0.45695162762397323,Low,False
2024-12-31 03:00:00,6.0,96,1020.3,False,False,0.008894174850852532,0.029920535,0.8399756616975966,0.08457560085184058,0.4622756312747186,Low,False
2024-12-31 04:00:00,5.7,97,1020.4,False,False,0.012654689507995975,0.03597376,0.8188317614846364,0.12716763005780346,0.4729996957712199,Low,False
2024-12-31 05:00:00,5.5,97,1020.8,False,False,0.008801600599329606,0.045942433,0.8404320048676605,0.20413751140857925,0.5222847581381198,Low,False
2024-12-31 06:00:00,5.2,100,1021.6,True,False,-0.01004192652362701,0.05527405,0.923942804989352,0.27760876178886523,0.6007757833891086,Low,True
2024-12-31 07:00:00,6.7,100,1022.2,True,False,-0.00673781035998311,0.057787668,0.9128384545177974,0.29494980225129297,0.6038941283845451,Low,True
2024-12-31 08:00:00,7.2,99,1022.6,True,False,-0.004464917807271762,0.046019968,0.903407362336477,0.20520231213872833,0.5543048372376027,Low,True
2024-12-31 09:00:00,8.8,98,1023.2,True,False,-0.01571872533480423,0.095676884,0.9428049893519928,0.5266200182537268,0.7347125038028598,Low,True
2024-12-31 10:00:00,10.8,94,1023.4,True,False,-0.02470515450600741,0.21822727,0.9624277456647399,0.87207179799209,0.9172497718284149,High,True
2024-12-31 11:00:00,14.0,79,1023.1,True,False,-0.03839921080626851,0.1031707,0.9765743839367205,0.564192272588987,0.7703833282628537,Medium,True
2024-12-31 12:00:00,16.4,61,1022.0,True,False,-0.03891779542754892,0.16980413,0.9780955278369333,0.789321569820505,0.8837085488287192,Medium,True
2024-12-31 13:00:00,17.5,54,1020.5,True,False,-0.027057015135672935,0.11572933,0.9665348341953148,0.622299969577122,0.7944174018862185,Medium,True
2024-12-31 14:00:00,17.9,52,1019.7,True,False,-0.006442941377406197,0.0892416,0.9110130818375418,0.49102525098874356,0.7010191664131427,Low,True
2024-12-31 15:00:00,17.9,53,1019.2,False,False,0.0003883066567607063,0.1163619,0.8831761484636447,0.6248859142074841,0.7540310313355644,Medium,False
2024-12-31 16:00:00,17.3,58,1019.2,False,False,0.0006247442465294739,0.14309609,0.8816550045634317,0.7176756921204746,0.7996653483419531,Medium,False
2024-12-31 17:00:00,14.5,72,1019.4,True,False,-0.021876611918483113,0.14604852,0.9571037420139945,0.725585640401582,0.8413446912077882,Medium,True
2024-12-31 18:00:00,11.5,78,1021.0,True,False,-0.04004968015817989,0.2186476,0.979464557347125,0.8726802555521752,0.9260724064496502,High,True
2024-12-31 19:00:00,10.0,88,1021.6,True,False,-0.014682596944086135,0.09147841,0.9393063583815029,0.5030422878004259,0.7211743230909644,Low,True
2024-12-31 20:00:00,9.2,93,1021.6,False,False,0.007279128741334739,0.11036509,0.8498630970489809,0.5985701247337998,0.7242166108913903,Low,False
2024-12-31 21:00:00,8.9,94,1021.5,False,False,0.0017749490171863336,0.15222518,0.8758746577426224,0.743078795254031,0.8094767264983267,Medium,False
2024-12-31 22:00:00,8.0,96,1021.1,True,False,-0.008636715593142164,0.18739006,0.9187709157286279,0.8261332522056587,0.8724520839671432,Medium,True
2024-12-31 23:00:00,7.7,97,1021.0,True,False,-0.010827183278144914,0.18782951,0.9259202920596288,0.827350167325829,0.8766352296927289,Medium,True
